id,baslik,url,metin,sair,kitap_adi,yayin_yili,donem,kelime_sayisi
1,Bir Gün Anlarsın,https://www.antoloji.com/bir-gun-anlarsin-siiri/,"Uykuların kaçar geceleri

Bir türlü sabah olmayı bilmez

Dikilir gözlerin tavanda bir noktaya

Deli eden bir uğultudur başlar kulaklarında

Ne çarşaf halden anlar, ne yastık

Girmez pencerelerden beklediğin aydınlık

Kapanır yatağına çaresizliğine ağlarsın

Onun unutamadığın hayali

Sigaradan derin bir nefes çekmişcesine dolar içine

Sevmek ne imiş bir gün anlarsın

Bir gün anlarsın aslında her şeyin boş olduğunu

Şerefin, faziletin, iyiliğin, güzelliğin

Gün gelir de sesini bir kerecik duymak için

Vurursun başını soğuk taş duvarlara

Büyür gitgide incinmişliğin, kırılmışlığın

Duyarsın

Ta derinden acısını çaresiz kalmışlığın

Sevmek ne imiş bir gün anlarsın

Bir gün anlarsın ne işe yaradığını ellerinin

Niçin yaratıldığını

Bu iğrenç dünyaya neden geldiğini

Uzun uzun seyredersin de aynalarda güzelliğini

Boşuna geçip giden yıllarına yanarsın

Dolar gözlerin için burkulur

Sevmek ne imiş bir gün anlarsın

Bir gün anlarsın tadını sevilen dudakların

Sevilen gözlerin erişilmezliğini

O hiç beklenmeyen saat geldi mi

Düşer saçların önüne ama bembeyaz 

Uzanır gökyüzüne ellerin

Ama çaresiz

Ama yorgun

Ama bitkin

Bir zaman geçmiş günlerin uykusuna dalarsın

Sonra dizilir birbiri ardınca gerçekler acı

Sevmek ne imiş bir gün anlarsın

Bir gün anlarsın hayal kurmayı

Beklemeyi

Ümit etmeyi

Bir kirli gömlek gibi çıkarıp atasın gelir

Bütün vücudunu saran o korkunç geceyi

Lanet edersin yaşadığına 

Maziden ne kalmışsa yırtar atarsın

O zaman bir çiçek büyür kabrimde kendiliğinden
Seni sevdiğimi işte o  gün anlarsın

 Ümit Yaşar Oğuzcan

Kayıt Tarihi : 29.8.2000 06:38:00",,Bir Gün Anlarsın,1965.0,Olgunluk Dönemi (1963–1972),222
2,Bir Gün Anlarsın,https://www.antoloji.com/bir-gun-anlarsin-siiri/?siralama=p,"Uykuların kaçar geceleri

Bir türlü sabah olmayı bilmez

Dikilir gözlerin tavanda bir noktaya

Deli eden bir uğultudur başlar kulaklarında

Ne çarşaf halden anlar, ne yastık

Girmez pencerelerden beklediğin aydınlık

Kapanır yatağına çaresizliğine ağlarsın

Onun unutamadığın hayali

Sigaradan derin bir nefes çekmişcesine dolar içine

Sevmek ne imiş bir gün anlarsın

Bir gün anlarsın aslında her şeyin boş olduğunu

Şerefin, faziletin, iyiliğin, güzelliğin

Gün gelir de sesini bir kerecik duymak için

Vurursun başını soğuk taş duvarlara

Büyür gitgide incinmişliğin, kırılmışlığın

Duyarsın

Ta derinden acısını çaresiz kalmışlığın

Sevmek ne imiş bir gün anlarsın

Bir gün anlarsın ne işe yaradığını ellerinin

Niçin yaratıldığını

Bu iğrenç dünyaya neden geldiğini

Uzun uzun seyredersin de aynalarda güzelliğini

Boşuna geçip giden yıllarına yanarsın

Dolar gözlerin için burkulur

Sevmek ne imiş bir gün anlarsın

Bir gün anlarsın tadını sevilen dudakların

Sevilen gözlerin erişilmezliğini

O hiç beklenmeyen saat geldi mi

Düşer saçların önüne ama bembeyaz 

Uzanır gökyüzüne ellerin

Ama çaresiz

Ama yorgun

Ama bitkin

Bir zaman geçmiş günlerin uykusuna dalarsın

Sonra dizilir birbiri ardınca gerçekler acı

Sevmek ne imiş bir gün anlarsın

Bir gün anlarsın hayal kurmayı

Beklemeyi

Ümit etmeyi

Bir kirli gömlek gibi çıkarıp atasın gelir

Bütün vücudunu saran o korkunç geceyi

Lanet edersin yaşadığına 

Maziden ne kalmışsa yırtar atarsın

O zaman bir çiçek büyür kabrimde kendiliğinden
Seni sevdiğimi işte o  gün anlarsın

 Ümit Yaşar Oğuzcan

Kayıt Tarihi : 29.8.2000 06:38:00",,Bir Gün Anlarsın,1965.0,Olgunluk Dönemi (1963–1972),222
3,Aşk Okudum - Aşk Dokudum,https://www.antoloji.com/ask-okudum-ask-dokudum-siiri/,"Ben bu gönül tezgahında

Aşk dokudum, aşk okudum

Erenlerin dergahında

Aşk okudum, aşk dokudum
Her güçlüğü bile bile

Göznuruyla, sabır ile

Yumak yumak, çile çile

Aşk dokudum, aşk okudum
Bir ömür yana yakıla

Yazdığım sığmaz akla

Acımadım kırkdört yıla

Aşk okudum,aşk dokudum
Sevgi insanlığın özü

Odur aydınlatan bizi

Hak yolunda oldum terzi

Aşk dokudum, aşk okudum.
Günahından, sevabından

İçtim aşkın şarabından

Uluların kitabından

Aşk okudum, aşk dokudum
Aşk için şan da, şeref de

Okudum saplı bu hedefte

Yıllar yılı bir gergefte

Aşk dokudum, aşk okudum
Ümit Yaşar aşkla bende

Kötülük olmaz sevende

Bu can kaldıkça bu tende

Aşk okurum, aşk dokurum.

 Ümit Yaşar Oğuzcan

Kayıt Tarihi : 14.10.2000 11:40:00",,,,Belirsiz,109
4,Aşk Okudum - Aşk Dokudum,https://www.antoloji.com/ask-okudum-ask-dokudum-siiri/?siralama=p,"Ben bu gönül tezgahında

Aşk dokudum, aşk okudum

Erenlerin dergahında

Aşk okudum, aşk dokudum
Her güçlüğü bile bile

Göznuruyla, sabır ile

Yumak yumak, çile çile

Aşk dokudum, aşk okudum
Bir ömür yana yakıla

Yazdığım sığmaz akla

Acımadım kırkdört yıla

Aşk okudum,aşk dokudum
Sevgi insanlığın özü

Odur aydınlatan bizi

Hak yolunda oldum terzi

Aşk dokudum, aşk okudum.
Günahından, sevabından

İçtim aşkın şarabından

Uluların kitabından

Aşk okudum, aşk dokudum
Aşk için şan da, şeref de

Okudum saplı bu hedefte

Yıllar yılı bir gergefte

Aşk dokudum, aşk okudum
Ümit Yaşar aşkla bende

Kötülük olmaz sevende

Bu can kaldıkça bu tende

Aşk okurum, aşk dokurum.

 Ümit Yaşar Oğuzcan

Kayıt Tarihi : 14.10.2000 11:40:00",,,,Belirsiz,109
5,beni-unutma,https://www.antoloji.com/beni-unutma-siiri/,"Bir gün gelir de unuturmuş insan

En sevdiği hatıraları bile

Bari sen her gece yorgun sesiyle

Saat on ikiyi vurduğu zaman

Beni unutma

Çünkü ben her gece o saatlerde

Seni yaşar ve seni düşünürüm

Hayal içinde perişan yürürüm

Sen de karanlığın sustuğu yerde

Beni unutma

O saatlerde serpilir gülüşün

Bir avuç su gibi içime, ey yar

Senin de başında o çılgın rüzgar

Deli esiverirse bir gün

Beni unutma

Ben ayağımda çarık, elimde asa

Senin için su yollara düşmüşüm

Senelerce sonra sana dönüşüm

Bir mahşer gününe de rastlasa

Beni unutma

Hala duruyorsa yeşil elbisen

Onu  bir gün benim için giy

Saksıdaki pembe karanfilde çiğ

Ve bahçende yorgun bir kuş görürsen

Beni unutma

Büyük acılara tutuştuğum gün

Çok uzaklarda da olsan yine gel

Bu ölürcesine sevdiğine gel

Ne olur Tanrıya kavuştuğum gün

Beni unutma

 Ümit Yaşar Oğuzcan

Kayıt Tarihi : 28.8.2000 17:11:00",,,,Belirsiz,140
6,beni-unutma,https://www.antoloji.com/beni-unutma-siiri/?siralama=p,"Bir gün gelir de unuturmuş insan

En sevdiği hatıraları bile

Bari sen her gece yorgun sesiyle

Saat on ikiyi vurduğu zaman

Beni unutma

Çünkü ben her gece o saatlerde

Seni yaşar ve seni düşünürüm

Hayal içinde perişan yürürüm

Sen de karanlığın sustuğu yerde

Beni unutma

O saatlerde serpilir gülüşün

Bir avuç su gibi içime, ey yar

Senin de başında o çılgın rüzgar

Deli esiverirse bir gün

Beni unutma

Ben ayağımda çarık, elimde asa

Senin için su yollara düşmüşüm

Senelerce sonra sana dönüşüm

Bir mahşer gününe de rastlasa

Beni unutma

Hala duruyorsa yeşil elbisen

Onu  bir gün benim için giy

Saksıdaki pembe karanfilde çiğ

Ve bahçende yorgun bir kuş görürsen

Beni unutma

Büyük acılara tutuştuğum gün

Çok uzaklarda da olsan yine gel

Bu ölürcesine sevdiğine gel

Ne olur Tanrıya kavuştuğum gün

Beni unutma

 Ümit Yaşar Oğuzcan

Kayıt Tarihi : 28.8.2000 17:11:00",,,,Belirsiz,140
7,İstanbul,https://www.antoloji.com/istanbul-33-siiri/,"Evin içinde bir oda, odada İstanbul

Odanın içinde bir ayna, aynada İstanbul
Adam sigarasını yaktı, bir İstanbul dumanı

Kadın çantasını açtı, çantada İstanbul
Çocuk bir olta atmıştı denize, gördüm

Çekmeğe başladı, oltada İstanbul
Bu ne biçim su, bu nasıl şehir

Şişede İstanbul, masada İstanbul
Yürüsek yürüyor, dursak duruyor, şaşırdık

Bir yanda o, bir yanda ben, ortada İstanbul
İnsan bir kere sevmeye görsün, anladım

Nereye gidersen git, orada İstanbul.

 Ümit Yaşar Oğuzcan

Kayıt Tarihi : 9.9.2001 10:02:00",,Üstüme Varma İstanbul,1961.0,Erken Dönem (1947–1962),76
8,İstanbul,https://www.antoloji.com/istanbul-33-siiri/?siralama=p,"Evin içinde bir oda, odada İstanbul

Odanın içinde bir ayna, aynada İstanbul
Adam sigarasını yaktı, bir İstanbul dumanı

Kadın çantasını açtı, çantada İstanbul
Çocuk bir olta atmıştı denize, gördüm

Çekmeğe başladı, oltada İstanbul
Bu ne biçim su, bu nasıl şehir

Şişede İstanbul, masada İstanbul
Yürüsek yürüyor, dursak duruyor, şaşırdık

Bir yanda o, bir yanda ben, ortada İstanbul
İnsan bir kere sevmeye görsün, anladım

Nereye gidersen git, orada İstanbul.

 Ümit Yaşar Oğuzcan

Kayıt Tarihi : 9.9.2001 10:02:00",,Üstüme Varma İstanbul,1961.0,Erken Dönem (1947–1962),76
9,Aşk Başlamadan Güzel,https://www.antoloji.com/ask-baslamadan-guzel-siiri/,"Aşk başlamadan güzel,

Kalplerde heyecan

Bakışlarda korku olduğu zaman güzel...

Birbirimize sezdirmemek için çırpınış,

Başkaları görmesin diye çabalayış,

Gözlerim gözlerinin mavisine değdiği zaman...

Aşk başlamadan güzel....

 Ümit Yaşar Oğuzcan

Kayıt Tarihi : 12.4.2001 23:33:00",,,,Belirsiz,34
10,Aşk Başlamadan Güzel,https://www.antoloji.com/ask-baslamadan-guzel-siiri/?siralama=p,"Aşk başlamadan güzel,

Kalplerde heyecan

Bakışlarda korku olduğu zaman güzel...

Birbirimize sezdirmemek için çırpınış,

Başkaları görmesin diye çabalayış,

Gözlerim gözlerinin mavisine değdiği zaman...

Aşk başlamadan güzel....

 Ümit Yaşar Oğuzcan

Kayıt Tarihi : 12.4.2001 23:33:00",,,,Belirsiz,34
11,Acılar Denizi,https://www.antoloji.com/acilar-denizi-siiri/,"Ben acılar denizinde boğulmuşum

işitmem vapur düdüklerini, martı çığlıklarını

Dalgalar her gün bir başka kıyıya atar beni

Duyarım yosunların benim için ağladıklarını
Ölüyüm çoktan, bir baksana gözlerime

Gör, içindeki o kanlı cam kırıklarını

Bu ne karanlık, bu ne zindan gece böyle

Bütün gemiler söndürmüş ışıklarını
Ben acılar denizi olmuşum, yaklaşma

Sularım tuzlu, sularım zehir zemberek

Baksana; herkes içime dökmüş artıklarını
Bu karanlık bitse artık, bir ay doğsa

Bir deli rüzgar çıksa; alıp götürse

Yılların içimde bıraktıklarını...

 Ümit Yaşar Oğuzcan

Kayıt Tarihi : 28.8.2000 16:22:00",,Acılar Denizi,1977.0,Son Dönem (1973–1984),84
12,Acılar Denizi,https://www.antoloji.com/acilar-denizi-siiri/?siralama=p,"Ben acılar denizinde boğulmuşum

işitmem vapur düdüklerini, martı çığlıklarını

Dalgalar her gün bir başka kıyıya atar beni

Duyarım yosunların benim için ağladıklarını
Ölüyüm çoktan, bir baksana gözlerime

Gör, içindeki o kanlı cam kırıklarını

Bu ne karanlık, bu ne zindan gece böyle

Bütün gemiler söndürmüş ışıklarını
Ben acılar denizi olmuşum, yaklaşma

Sularım tuzlu, sularım zehir zemberek

Baksana; herkes içime dökmüş artıklarını
Bu karanlık bitse artık, bir ay doğsa

Bir deli rüzgar çıksa; alıp götürse

Yılların içimde bıraktıklarını...

 Ümit Yaşar Oğuzcan

Kayıt Tarihi : 28.8.2000 16:22:00",,Acılar Denizi,1977.0,Son Dönem (1973–1984),84
13,Dağ Rüzgarı,https://www.antoloji.com/dag-ruzgari-siiri/,"Kaderde senden ayrı düşmek de varmış

Doğrusu bunu hiç düşünmemiştim..

Seni tanımadan

Hele seni böyle deli divane sevmeden 

Yalnızlık güzeldir diyordum

Al başını, kaç bu şehirden

Ufukta bir çizgi gibi gördüğün dağlara

Rüzgarın iyot kokularını taşıdığı denizlere git 

Git gidebildiğin yere git diyordum

Oysa ki, senden kaçılmazmış

Yokluğuna bir gün bile dayanılmazmış.

Bilmiyordum.
Yine de dayanmağa çalışıyorum işte

Bir kır çiçeği koparıyorum gözlerine benzeyen

Geçen bulutlara sesleniyorum ellerin diye

Rüzgar güzel bir koku getirmişse

Saçlarını okşayıp gelmiştir diyerek avunuyorum

Yaşamak seninle bir başka zamanı

Bir başka zamanda seni yaşamak

Her şeyden önce sen 

Elbette sen

Mutlaka sen

İster uzaklarda ol

İster yanı başımda dur

Sen ol yeter ki bu zaman içinde

Ben olmasam da olur

Seni bir yumağa sarıyorum yıllardır

Bitmiyorsun

Çaresizliğim gün gibi aşikar

Su olup çeşmelerden akan güzelliğin

İnceliğin ışık yüzüme vuran 

Sen güneş kadar sıcak

Tabiat kadar gerçek

Sen bahçelerde çiçekler açtıran

Sudan, havadan, güneşten yüce varlık

Sen, o tek sevgi içimde

Sen görebildiğim tek aydınlık
Bir nefeste benim için al

Havasızlıktan öldürme beni

Bulutlara, yıldızlara benim için de bak

Susadım diyorsam

Bir yudum su içmelisin

Ben yorulduysam sen uyumalısın

Ellerim sevilmek istiyor

Saçlarım okşanmak istiyor

Dudaklarım öpülmek istiyor 

Anlamalısın.
Ağaçların yeşili kalmadı

Gökyüzünün mavisi yok

Bu dağlar o dağlar değil

Rüzgarında kekik kokusu yok

Kim bu çaresiz adam 

Bu kan çanağı gözler kimin

Kaç gecedir uykusu yok

Gündüzü yok

Gecesi yok

Yok

Yok

Anladım

Sensiz yaşanmaz bu dünyada 

İmkanı yok.

 Ümit Yaşar Oğuzcan

Kayıt Tarihi : 28.8.2000 19:04:00",,,,Belirsiz,242
14,Dağ Rüzgarı,https://www.antoloji.com/dag-ruzgari-siiri/?siralama=p,"Kaderde senden ayrı düşmek de varmış

Doğrusu bunu hiç düşünmemiştim..

Seni tanımadan

Hele seni böyle deli divane sevmeden 

Yalnızlık güzeldir diyordum

Al başını, kaç bu şehirden

Ufukta bir çizgi gibi gördüğün dağlara

Rüzgarın iyot kokularını taşıdığı denizlere git 

Git gidebildiğin yere git diyordum

Oysa ki, senden kaçılmazmış

Yokluğuna bir gün bile dayanılmazmış.

Bilmiyordum.
Yine de dayanmağa çalışıyorum işte

Bir kır çiçeği koparıyorum gözlerine benzeyen

Geçen bulutlara sesleniyorum ellerin diye

Rüzgar güzel bir koku getirmişse

Saçlarını okşayıp gelmiştir diyerek avunuyorum

Yaşamak seninle bir başka zamanı

Bir başka zamanda seni yaşamak

Her şeyden önce sen 

Elbette sen

Mutlaka sen

İster uzaklarda ol

İster yanı başımda dur

Sen ol yeter ki bu zaman içinde

Ben olmasam da olur

Seni bir yumağa sarıyorum yıllardır

Bitmiyorsun

Çaresizliğim gün gibi aşikar

Su olup çeşmelerden akan güzelliğin

İnceliğin ışık yüzüme vuran 

Sen güneş kadar sıcak

Tabiat kadar gerçek

Sen bahçelerde çiçekler açtıran

Sudan, havadan, güneşten yüce varlık

Sen, o tek sevgi içimde

Sen görebildiğim tek aydınlık
Bir nefeste benim için al

Havasızlıktan öldürme beni

Bulutlara, yıldızlara benim için de bak

Susadım diyorsam

Bir yudum su içmelisin

Ben yorulduysam sen uyumalısın

Ellerim sevilmek istiyor

Saçlarım okşanmak istiyor

Dudaklarım öpülmek istiyor 

Anlamalısın.
Ağaçların yeşili kalmadı

Gökyüzünün mavisi yok

Bu dağlar o dağlar değil

Rüzgarında kekik kokusu yok

Kim bu çaresiz adam 

Bu kan çanağı gözler kimin

Kaç gecedir uykusu yok

Gündüzü yok

Gecesi yok

Yok

Yok

Anladım

Sensiz yaşanmaz bu dünyada 

İmkanı yok.

 Ümit Yaşar Oğuzcan

Kayıt Tarihi : 28.8.2000 19:04:00",,,,Belirsiz,242
15,Sevi,https://www.antoloji.com/sevi-siiri-siiri/,"Ben senin en çok sesini sevdim

Buğulu çoğu zaman, taze bir ekmek gibi

Önce aşka çağıran, sonra dinlendiren

Bana her zaman dost, her zaman sevgili
Ben senin en çok ellerini sevdim

Bir pınar serinliğinde, küçücük ve ak pak

Nice güzellikler gördüm yeryüzünde

En güzeli bir sabah ellerinle uyanmak
Ben senin en çok gözlerini sevdim

Kah çocukça mavi, kah inadına yeşil

Aydınlıklar, esenlikler, mutluluklar

Hiç biri gözlerin kadar anlamlı değil
Ben senin en çok gülüşünü sevdim

Sevindiren, içimde umut çiçekleri açtıran

Unutturur bana birden acıları, güçlükleri

Dünyam aydınlanır sen güldüğün zaman
Ben senin en çok davranışlarını sevdim

Güçsüze merhametini, zalime direnişini

Haksızlıklar, zorbalıklar karsısında

Vahşi ve mağrur bir dişi kaplan kesilişini
Ben senin en çok sevgi dolu yüreğini sevdim

Tüm çocuklara kanat geren anneliğini

Nice sevgilerin bir pula satıldığı bir dünyada

Sensin, her şeyin üstünde tutan sevgini
Ben senin en çok bana yansımanı sevdim

Bende yeniden var olmanı, benimle bütünleşmeni

Mertliğini, yalansızlığını, dupduruluğunu sevdim

Ben seni sevdim, ben seni sevdim, ben seni...

 Ümit Yaşar Oğuzcan

Kayıt Tarihi : 28.8.2000 20:39:00",,,,Belirsiz,169
16,Sevi,https://www.antoloji.com/sevi-siiri-siiri/?siralama=p,"Ben senin en çok sesini sevdim

Buğulu çoğu zaman, taze bir ekmek gibi

Önce aşka çağıran, sonra dinlendiren

Bana her zaman dost, her zaman sevgili
Ben senin en çok ellerini sevdim

Bir pınar serinliğinde, küçücük ve ak pak

Nice güzellikler gördüm yeryüzünde

En güzeli bir sabah ellerinle uyanmak
Ben senin en çok gözlerini sevdim

Kah çocukça mavi, kah inadına yeşil

Aydınlıklar, esenlikler, mutluluklar

Hiç biri gözlerin kadar anlamlı değil
Ben senin en çok gülüşünü sevdim

Sevindiren, içimde umut çiçekleri açtıran

Unutturur bana birden acıları, güçlükleri

Dünyam aydınlanır sen güldüğün zaman
Ben senin en çok davranışlarını sevdim

Güçsüze merhametini, zalime direnişini

Haksızlıklar, zorbalıklar karsısında

Vahşi ve mağrur bir dişi kaplan kesilişini
Ben senin en çok sevgi dolu yüreğini sevdim

Tüm çocuklara kanat geren anneliğini

Nice sevgilerin bir pula satıldığı bir dünyada

Sensin, her şeyin üstünde tutan sevgini
Ben senin en çok bana yansımanı sevdim

Bende yeniden var olmanı, benimle bütünleşmeni

Mertliğini, yalansızlığını, dupduruluğunu sevdim

Ben seni sevdim, ben seni sevdim, ben seni...

 Ümit Yaşar Oğuzcan

Kayıt Tarihi : 28.8.2000 20:39:00",,,,Belirsiz,169
17,Ben Seni Sevdim Mi?,https://www.antoloji.com/ben-seni-sevdim-mi-siiri/,"Ben seni sevdim mi? Sevdim, kime ne

Tuttum, ta içime oturttum seni

Aldım, okşadım saçlarını, öptüm

İçtim yudum yudum güzelliğini
Ben seni sevdim mi? Sevdim elbette

Bendeydi özlemlerin en korkuncu

Çıldırırdım sen ne kadar uzaksan, 

Aşk değil, hiç doymayan bir şeydi bu
Ben seni sevdim mi? Sevdim doğrusu

Sevdikçe tamamlandım, bütünlendim

Biri vardı ağlayan gecelerce

Biri vardı sana tutkun; o bendim
Ben seni sevdim mi? Sevdim en büyük

En solmayan güller açtı içimde

Ömrümü değerli kılan bir şeydin

Sen benim boz bulanık gençliğimde
Ben seni sevdim mi? Sevdim, öyle ya

Bir çizgiye vardım seninle beraber

Ve bir gün orada yitirdim seni

Ben seni sevdim mi? Sevdim....

 Ümit Yaşar Oğuzcan

Kayıt Tarihi : 28.8.2000 17:09:00",,Ben Seni Sevdim mi,1968.0,Olgunluk Dönemi (1963–1972),114
18,Ben Seni Sevdim Mi?,https://www.antoloji.com/ben-seni-sevdim-mi-siiri/?siralama=p,"Ben seni sevdim mi? Sevdim, kime ne

Tuttum, ta içime oturttum seni

Aldım, okşadım saçlarını, öptüm

İçtim yudum yudum güzelliğini
Ben seni sevdim mi? Sevdim elbette

Bendeydi özlemlerin en korkuncu

Çıldırırdım sen ne kadar uzaksan, 

Aşk değil, hiç doymayan bir şeydi bu
Ben seni sevdim mi? Sevdim doğrusu

Sevdikçe tamamlandım, bütünlendim

Biri vardı ağlayan gecelerce

Biri vardı sana tutkun; o bendim
Ben seni sevdim mi? Sevdim en büyük

En solmayan güller açtı içimde

Ömrümü değerli kılan bir şeydin

Sen benim boz bulanık gençliğimde
Ben seni sevdim mi? Sevdim, öyle ya

Bir çizgiye vardım seninle beraber

Ve bir gün orada yitirdim seni

Ben seni sevdim mi? Sevdim....

 Ümit Yaşar Oğuzcan

Kayıt Tarihi : 28.8.2000 17:09:00",,Ben Seni Sevdim mi,1968.0,Olgunluk Dönemi (1963–1972),114
19,Mustafa Kemal'i Düşünüyorum,https://www.antoloji.com/mustafa-kemal-i-dusunuyorum-siiri/,"Mustafa Kemal’i düşünüyorum; 

Yeleleri alevden al bir ata binmiş; 

Aşıyor yüce dağları, engin denizleri, 

Altın saçları dalgalanıyor rüzgarda, 

Işıl ışıl yanıyor mavi gözleri. 
Mustafa Kemal'i düşünüyorum; 

Yanmış, yıkılmış savaş meydanlarında, 

Destanlar yaratıyor cihanın görmediği, 

Arkasından dağ dağ ordular geliyor 

Her askeri Mustafa Kemal gibi. 
Mustafa Kemal’i düşünüyorum 

Gelmiş geçmiş kahramanlara bedel 

Hükmediyor uçsuz bucaksız göklere; 

Al bir ata binmiş yalın kılıç 

Koşuyor zaferden zafere. 
Mustafa Kemal'i düşünüyorum; 

Ölmemiş bir Kasım sabahı; 

Yine bizimle beraber her yerde. 

Yaşıyor dört köşesinde vatanın; 

Yaşıyor damar damar yüreklerde. 
Mustafa Kemal’i düşünüyorum; 

Altın saçları dalgalanıyor rüzgarda, 

Mavi gözlerini ışıl ışıl, görüyorum, 

Uykularıma giriyor her gece. 

Ellerinden öpüyorum.

 Ümit Yaşar Oğuzcan

Kayıt Tarihi : 24.10.2009 23:50:00",,,,Belirsiz,110
20,Mustafa Kemal'i Düşünüyorum,https://www.antoloji.com/mustafa-kemal-i-dusunuyorum-siiri/?siralama=p,"Mustafa Kemal’i düşünüyorum; 

Yeleleri alevden al bir ata binmiş; 

Aşıyor yüce dağları, engin denizleri, 

Altın saçları dalgalanıyor rüzgarda, 

Işıl ışıl yanıyor mavi gözleri. 
Mustafa Kemal'i düşünüyorum; 

Yanmış, yıkılmış savaş meydanlarında, 

Destanlar yaratıyor cihanın görmediği, 

Arkasından dağ dağ ordular geliyor 

Her askeri Mustafa Kemal gibi. 
Mustafa Kemal’i düşünüyorum 

Gelmiş geçmiş kahramanlara bedel 

Hükmediyor uçsuz bucaksız göklere; 

Al bir ata binmiş yalın kılıç 

Koşuyor zaferden zafere. 
Mustafa Kemal'i düşünüyorum; 

Ölmemiş bir Kasım sabahı; 

Yine bizimle beraber her yerde. 

Yaşıyor dört köşesinde vatanın; 

Yaşıyor damar damar yüreklerde. 
Mustafa Kemal’i düşünüyorum; 

Altın saçları dalgalanıyor rüzgarda, 

Mavi gözlerini ışıl ışıl, görüyorum, 

Uykularıma giriyor her gece. 

Ellerinden öpüyorum.

 Ümit Yaşar Oğuzcan

Kayıt Tarihi : 24.10.2009 23:50:00",,,,Belirsiz,110
21,Milyon Kere Ayten,https://www.antoloji.com/milyon-kere-ayten-siiri/,"Ben bir Ayten'dir tutturmuşum

Oh ne iyi 

Ayten'li içkiler içip sarhoş oluyorum

Ne güzel

Hoşuma gitmiyorsa rengi denizlerin

Biraz Ayten sürüyorum, güzelleşiyor

Şarkılar söylüyorum

Şiirler yazıyorum, Ayten üstüne

Saatim her zaman ya Ayten’e beş var

Ya Ayten’i beş geçiyor.
Ne yana baksam gördüğüm o

Gözümü yumsam aklımdan Ayten geçiyor

Bana sorarsanız mevsimlerden Ayten’deyiz

Günlerden Aytenertesidir

Odur gün gün beni yaşatan

Onun kokusu sarmıştır sokakları

Onun gözleridir şafakta gördüğüm 

Akşam kızıllığında onun dudakları.
Başka kadını övmeyin yanımda gücenirim

Ayten’i övecekseniz ne ala, oturabilirsiniz

Bir kadehte sizinle içeriz 

Ayten’li iki laf ederiz

Onu siz de seversiniz benim gibi

Ama yağma yok

Ayten’i size bırakmam

Alın, tek kat elbisemi size vereyim

Cebimde bir on liram var

Onu da alın gerekirse

Ben Ayten’i düşünürüm üşümem

Üç kere adını tekrarlarım karnım doyar 

Parasızlık da bir şey mi? 

Ölüm bile kötü değil 

Aytensizlik kadar! 
Ona uğramayan gemiler batsın

Ondan geçmeyen trenler devrilsin

Onu sevmeyen yürek taş kesilsin

Kapansın onu görmeyen gözler

Onu övmeyen diller kurusun

İki kere iki dört, elde var Ayten

Bundan böyle dünyada

Aşkın adı Ayten olsun.

 Ümit Yaşar Oğuzcan

Kayıt Tarihi : 16.12.2000 12:27:00",,,,Belirsiz,181
22,Milyon Kere Ayten,https://www.antoloji.com/milyon-kere-ayten-siiri/?siralama=p,"Ben bir Ayten'dir tutturmuşum

Oh ne iyi 

Ayten'li içkiler içip sarhoş oluyorum

Ne güzel

Hoşuma gitmiyorsa rengi denizlerin

Biraz Ayten sürüyorum, güzelleşiyor

Şarkılar söylüyorum

Şiirler yazıyorum, Ayten üstüne

Saatim her zaman ya Ayten’e beş var

Ya Ayten’i beş geçiyor.
Ne yana baksam gördüğüm o

Gözümü yumsam aklımdan Ayten geçiyor

Bana sorarsanız mevsimlerden Ayten’deyiz

Günlerden Aytenertesidir

Odur gün gün beni yaşatan

Onun kokusu sarmıştır sokakları

Onun gözleridir şafakta gördüğüm 

Akşam kızıllığında onun dudakları.
Başka kadını övmeyin yanımda gücenirim

Ayten’i övecekseniz ne ala, oturabilirsiniz

Bir kadehte sizinle içeriz 

Ayten’li iki laf ederiz

Onu siz de seversiniz benim gibi

Ama yağma yok

Ayten’i size bırakmam

Alın, tek kat elbisemi size vereyim

Cebimde bir on liram var

Onu da alın gerekirse

Ben Ayten’i düşünürüm üşümem

Üç kere adını tekrarlarım karnım doyar 

Parasızlık da bir şey mi? 

Ölüm bile kötü değil 

Aytensizlik kadar! 
Ona uğramayan gemiler batsın

Ondan geçmeyen trenler devrilsin

Onu sevmeyen yürek taş kesilsin

Kapansın onu görmeyen gözler

Onu övmeyen diller kurusun

İki kere iki dört, elde var Ayten

Bundan böyle dünyada

Aşkın adı Ayten olsun.

 Ümit Yaşar Oğuzcan

Kayıt Tarihi : 16.12.2000 12:27:00",,,,Belirsiz,181
23,Unutamiyorum,https://www.antoloji.com/unutamiyorum-siiri/,"Unut demek kolay gel bana sor bir de,

Unutamıyorum işte unutamıyorum,

Birşey var şuramda beni kahreden,

Şuramda tam yüreğimin üstünde,

Çakılı duran birşey var,

Elimde değil söküp atamıyorum.
Dalıp dalıp gidiyor gözlerim derinlere,

Kimi görsem biraz sana benziyor,

Seni hatırlatıyor şu bulut, şu gökyüzü,

Şu kayalıkları döven deniz,

Şu hüzünlü melodi, şu napoliten şarkı,

Bir zamanlar beraber dinlediğimiz.
Boyuna seni düşünüyorum durmadan usanmadan,

Şimdi diyorum o ne yapıyor acaba,

O güzelim gözleri kime bakıyor,

O canım elleri nerde,

Oysa günler o günler değil,

Ve kalan şimdi sadece özlemin gecelerde.
Durup durup seni büyütüyorum içimde,

Seninle acılar büyütüyorum,

Yeni yeni kederler büyütüyorum dayanılmaz,

Kirli sular yürütüyor iliklerime,

Bir zehir karışıyor kanıma anlıyor musun.
Bir daha görsem seni diyorum bir daha görsem,

Birgün olsun bir dakika olsun,

Unut demek kolay,gel bana sor bir de,

Hatırladıkça gözyaşlarımı tutamıyorum.
Dilimin ucunda sen,

Başımın içinde sen,

Kader misin,ecel misin nesin sen,

Unutamıyorum işte unutamıyorum.

 Ümit Yaşar Oğuzcan

Kayıt Tarihi : 11.6.2000 16:13:00",,,,Belirsiz,157
24,Unutamiyorum,https://www.antoloji.com/unutamiyorum-siiri/?siralama=p,"Unut demek kolay gel bana sor bir de,

Unutamıyorum işte unutamıyorum,

Birşey var şuramda beni kahreden,

Şuramda tam yüreğimin üstünde,

Çakılı duran birşey var,

Elimde değil söküp atamıyorum.
Dalıp dalıp gidiyor gözlerim derinlere,

Kimi görsem biraz sana benziyor,

Seni hatırlatıyor şu bulut, şu gökyüzü,

Şu kayalıkları döven deniz,

Şu hüzünlü melodi, şu napoliten şarkı,

Bir zamanlar beraber dinlediğimiz.
Boyuna seni düşünüyorum durmadan usanmadan,

Şimdi diyorum o ne yapıyor acaba,

O güzelim gözleri kime bakıyor,

O canım elleri nerde,

Oysa günler o günler değil,

Ve kalan şimdi sadece özlemin gecelerde.
Durup durup seni büyütüyorum içimde,

Seninle acılar büyütüyorum,

Yeni yeni kederler büyütüyorum dayanılmaz,

Kirli sular yürütüyor iliklerime,

Bir zehir karışıyor kanıma anlıyor musun.
Bir daha görsem seni diyorum bir daha görsem,

Birgün olsun bir dakika olsun,

Unut demek kolay,gel bana sor bir de,

Hatırladıkça gözyaşlarımı tutamıyorum.
Dilimin ucunda sen,

Başımın içinde sen,

Kader misin,ecel misin nesin sen,

Unutamıyorum işte unutamıyorum.

 Ümit Yaşar Oğuzcan

Kayıt Tarihi : 11.6.2000 16:13:00",,,,Belirsiz,157
25,Unutma ki,https://www.antoloji.com/unutma-ki-siiri/,"Sen uykusuzluk nedir bilir misin

Tırnaklarınla yastığını parçaladın mı

Gözlerini tavana dikip

Düşündüğün oldu mu bütün gece

Ve bütün bir gün

Belki gelir ümidiyle bekledin mi hiç?

Gelmeyince

Seni aramayınca

Ölesiye ağladın mı?

Sonra çekilip en koyusuna yalnızlıkların

Ona ait ne varsa

Bir bir hatırladın mı
Sen günden güne erimeyi bilir misin

Dev bir ağacın vakarı içinde ölmeyi

Bir teselli aramayı

Issız parklarda, tenha sokaklarda

Ve bütün şehir uyurken uzaklarda

Deli divane yollara düşüp

Yaşlanmış bir köpek gibi

Eskimiş bir gömlek gibi

Atılmışlığını hissettiğin oldu mu

Sevmekten

Günler geceler boyunca yürümekten

Elin, ayağın, kalbin yoruldu mu
Sen yalnızlığın acısını bilir misin

Unutulmak bir hançer gibi saplandı mı sırtına

İçinde kıskançlığın zehirli çiçekleri açtı mı

Bütün gururunu çiğneyip

Sevdiğinin geçtiği yollarda

Bastığı toprakları eğilip öptün mü

Sen çaresizlik nedir bilir misin

Sen yokluk nedir gördün mü

Yanan başını

Duvarlara vurup parçalamak geldi mi içinden

Sen her gün bin defa öldün mü
Böyleyim diye ayıplama beni

Bir gün kendimi

Sonsuzluğun koynuna bırakırsam

Yaralı ve yenik bir asker gibi

Darılma

Unutma ki

Her seven adsız bir kahramandır

Unutma ki

İnsan; sevebildiği kadar insandır.

 Ümit Yaşar Oğuzcan

Kayıt Tarihi : 17.10.2000 12:45:00",,,,Belirsiz,188
26,Unutma ki,https://www.antoloji.com/unutma-ki-siiri/?siralama=p,"Sen uykusuzluk nedir bilir misin

Tırnaklarınla yastığını parçaladın mı

Gözlerini tavana dikip

Düşündüğün oldu mu bütün gece

Ve bütün bir gün

Belki gelir ümidiyle bekledin mi hiç?

Gelmeyince

Seni aramayınca

Ölesiye ağladın mı?

Sonra çekilip en koyusuna yalnızlıkların

Ona ait ne varsa

Bir bir hatırladın mı
Sen günden güne erimeyi bilir misin

Dev bir ağacın vakarı içinde ölmeyi

Bir teselli aramayı

Issız parklarda, tenha sokaklarda

Ve bütün şehir uyurken uzaklarda

Deli divane yollara düşüp

Yaşlanmış bir köpek gibi

Eskimiş bir gömlek gibi

Atılmışlığını hissettiğin oldu mu

Sevmekten

Günler geceler boyunca yürümekten

Elin, ayağın, kalbin yoruldu mu
Sen yalnızlığın acısını bilir misin

Unutulmak bir hançer gibi saplandı mı sırtına

İçinde kıskançlığın zehirli çiçekleri açtı mı

Bütün gururunu çiğneyip

Sevdiğinin geçtiği yollarda

Bastığı toprakları eğilip öptün mü

Sen çaresizlik nedir bilir misin

Sen yokluk nedir gördün mü

Yanan başını

Duvarlara vurup parçalamak geldi mi içinden

Sen her gün bin defa öldün mü
Böyleyim diye ayıplama beni

Bir gün kendimi

Sonsuzluğun koynuna bırakırsam

Yaralı ve yenik bir asker gibi

Darılma

Unutma ki

Her seven adsız bir kahramandır

Unutma ki

İnsan; sevebildiği kadar insandır.

 Ümit Yaşar Oğuzcan

Kayıt Tarihi : 17.10.2000 12:45:00",,,,Belirsiz,188
27,Aldanış,https://www.antoloji.com/aldanis-siiri/,"Yıkılmak,ezilmek her gün biraz daha

Dostlar değişiyor aldanmalar değil,

Aksimizden eser yok şimdi o sularda

Çirkin olan biziz aynalar değil...
Şerefsiz ellerin şerefe kaldırdıkları

Şişeler,kadehler o cam kırıkları

Götürün,götürün bu aydınlıkları

İçimde güz başladı ilkbahar değil,
Ne bir anlayışlı el,ne bir dost bakış

Biraz ümit,biraz hayal sonra aldanış

En güvendiğimiz tepelere kar yağmış

Deniz o deniz değil,dağlar o dağlar değil...

 Ümit Yaşar Oğuzcan

Kayıt Tarihi : 11.1.2001 12:59:00",,,,Belirsiz,68
28,Aldanış,https://www.antoloji.com/aldanis-siiri/?siralama=p,"Yıkılmak,ezilmek her gün biraz daha

Dostlar değişiyor aldanmalar değil,

Aksimizden eser yok şimdi o sularda

Çirkin olan biziz aynalar değil...
Şerefsiz ellerin şerefe kaldırdıkları

Şişeler,kadehler o cam kırıkları

Götürün,götürün bu aydınlıkları

İçimde güz başladı ilkbahar değil,
Ne bir anlayışlı el,ne bir dost bakış

Biraz ümit,biraz hayal sonra aldanış

En güvendiğimiz tepelere kar yağmış

Deniz o deniz değil,dağlar o dağlar değil...

 Ümit Yaşar Oğuzcan

Kayıt Tarihi : 11.1.2001 12:59:00",,,,Belirsiz,68
29,Her Gün Seninle,https://www.antoloji.com/her-gun-seninle-siiri/,"Güzel olan 

her günü seninle tekrar tekrar yaşamak

erimek yarını olmayan zamanlarda

durdurmak bir yerde bütün saatleri

bütün kuralları kırıp parçalamak

sonra varmak o yerlere

mevsimlere dur demek

kar yağarken çiçek açtırmak ağaçlara

güneşi bir akşam saatinde tutup bırakmamak

sonra doldurmak ayışığını kadehlere

delicesine içmek

ve unutabilmek her şeyi ansızın

sevmek seni en yücesiyle sevgilerin

birlikte geçmiş, gelecek bütün çağları aşmak

güzel olan

sevmek seni Tanrılar gibi

seninle Tanrılaşmak
Bir gün bu akan sele dur diyeceğim

göreceksin

ne bu şehirler kalacak

ne bu duygusuz sürü

bu korkunç kalabalık

her vapur seni getirecek bana

bütün istasyonlarda seni bekleyeceğim

kapılar sana açılacak

senin için söylenecek şarkılar

şiirler senin için yazılacak

her evde bir resmin

her meydanda bir heykelin olacak

ve sen kimi gün bir rüzgar gibi

kimi gün denizler gibi, bulutlar gibi

kopup ötelerden, ötelerden

yalnız bana geleceksin

bir gün bu akan sele dur diyeceğim

göreceksin
Ben eskimeyen tek güzelliği sende gördüm

sende buldum erişilmez hazları

yanında sıyrıldım korkulardan, yalanlardan

duyguların en ölmezini sende duydum

susuzluğum dudaklarında dindi

yalnızlığım ellerinde 

çoğu gün unuttum açlığımı

sende doydum

ilk defa seninle bütünlendim, anlıyor musun

anladım yaşadığımı her nefes alışta

seninle geçtim bütün zamanlardan

seninle var oldum

eridim seninle bir sonsuz çalkanışta
Boynunda bir yer vardır ben bilirim

ne zaman oradan öpsem değişir gözlerinin rengi

yanar dudakların, terler avuçların

dökülür kapkara bir aydınlık gibi omuzlarına saçların

gitgide artar kalbinin vuruşları

bir musiki halinde dünyamı doldurur

ansızın bütün sesler kesilir

zaman durur

bir başdönmesi başlar o en yükseklerde

her gün seninle yeniden varoluruz

eriyip kaybolduğumuz yerde.
Sesini duymadığım gün

yaşanmış değil

açan çiçek değil

öten kuş değil

yüzünü görmediğim gün 

içimde yıldızlar sönük

güneşler güneş değil

seni sevmediğim gün

seni anmadığım gün

olacak iş değil
balıklar denize muhtaç

çiçekler toprağa ve suya

umutsuz yaşamıyor insanlar

dal yapraksız olmuyor

meyva ağaçsız

Tanrı bizsiz Tanrı değil

biz Tanrı'ya muhtacız

ve ben de sana muhtacım sevdiğim

su gibi, ekmek gibi

adın dudaklarımda

bir sabah uyanınca

nefes alabilmek gibi
Her günüm seninle geçsin

o güneşe en yakın 

kimsenin varamayacağı bir dağbaşında

uçsuz bucaksız uzak denizlerde

insan ayağı değmemiş ormanlarda

uzaklarda, en uzaklarda

o gemilerin uğramadığı limanlarda

ışığım ol, alınyazım ol benim

vatanım ol, evim ol

yeter ki bir ömür boyu benim ol

her günüm seninle geçsin.

 Ümit Yaşar Oğuzcan

Kayıt Tarihi : 25.3.2001 01:43:00",,,,Belirsiz,374
30,Her Gün Seninle,https://www.antoloji.com/her-gun-seninle-siiri/?siralama=p,"Güzel olan 

her günü seninle tekrar tekrar yaşamak

erimek yarını olmayan zamanlarda

durdurmak bir yerde bütün saatleri

bütün kuralları kırıp parçalamak

sonra varmak o yerlere

mevsimlere dur demek

kar yağarken çiçek açtırmak ağaçlara

güneşi bir akşam saatinde tutup bırakmamak

sonra doldurmak ayışığını kadehlere

delicesine içmek

ve unutabilmek her şeyi ansızın

sevmek seni en yücesiyle sevgilerin

birlikte geçmiş, gelecek bütün çağları aşmak

güzel olan

sevmek seni Tanrılar gibi

seninle Tanrılaşmak
Bir gün bu akan sele dur diyeceğim

göreceksin

ne bu şehirler kalacak

ne bu duygusuz sürü

bu korkunç kalabalık

her vapur seni getirecek bana

bütün istasyonlarda seni bekleyeceğim

kapılar sana açılacak

senin için söylenecek şarkılar

şiirler senin için yazılacak

her evde bir resmin

her meydanda bir heykelin olacak

ve sen kimi gün bir rüzgar gibi

kimi gün denizler gibi, bulutlar gibi

kopup ötelerden, ötelerden

yalnız bana geleceksin

bir gün bu akan sele dur diyeceğim

göreceksin
Ben eskimeyen tek güzelliği sende gördüm

sende buldum erişilmez hazları

yanında sıyrıldım korkulardan, yalanlardan

duyguların en ölmezini sende duydum

susuzluğum dudaklarında dindi

yalnızlığım ellerinde 

çoğu gün unuttum açlığımı

sende doydum

ilk defa seninle bütünlendim, anlıyor musun

anladım yaşadığımı her nefes alışta

seninle geçtim bütün zamanlardan

seninle var oldum

eridim seninle bir sonsuz çalkanışta
Boynunda bir yer vardır ben bilirim

ne zaman oradan öpsem değişir gözlerinin rengi

yanar dudakların, terler avuçların

dökülür kapkara bir aydınlık gibi omuzlarına saçların

gitgide artar kalbinin vuruşları

bir musiki halinde dünyamı doldurur

ansızın bütün sesler kesilir

zaman durur

bir başdönmesi başlar o en yükseklerde

her gün seninle yeniden varoluruz

eriyip kaybolduğumuz yerde.
Sesini duymadığım gün

yaşanmış değil

açan çiçek değil

öten kuş değil

yüzünü görmediğim gün 

içimde yıldızlar sönük

güneşler güneş değil

seni sevmediğim gün

seni anmadığım gün

olacak iş değil
balıklar denize muhtaç

çiçekler toprağa ve suya

umutsuz yaşamıyor insanlar

dal yapraksız olmuyor

meyva ağaçsız

Tanrı bizsiz Tanrı değil

biz Tanrı'ya muhtacız

ve ben de sana muhtacım sevdiğim

su gibi, ekmek gibi

adın dudaklarımda

bir sabah uyanınca

nefes alabilmek gibi
Her günüm seninle geçsin

o güneşe en yakın 

kimsenin varamayacağı bir dağbaşında

uçsuz bucaksız uzak denizlerde

insan ayağı değmemiş ormanlarda

uzaklarda, en uzaklarda

o gemilerin uğramadığı limanlarda

ışığım ol, alınyazım ol benim

vatanım ol, evim ol

yeter ki bir ömür boyu benim ol

her günüm seninle geçsin.

 Ümit Yaşar Oğuzcan

Kayıt Tarihi : 25.3.2001 01:43:00",,,,Belirsiz,374
31,2,https://www.antoloji.com/2-15-siiri/,"Beni hatırladıkça için ürperecek, 

Boşanan gözyaşlarını tutamayacaksın 

Boşuna zorlama kendini sevdiğim, 

Biliyorum, unutamayacaksın

 Ümit Yaşar Oğuzcan

Kayıt Tarihi : 6.12.2001 22:32:00",,,,Belirsiz,21
32,2,https://www.antoloji.com/2-15-siiri/?siralama=p,"Beni hatırladıkça için ürperecek, 

Boşanan gözyaşlarını tutamayacaksın 

Boşuna zorlama kendini sevdiğim, 

Biliyorum, unutamayacaksın

 Ümit Yaşar Oğuzcan

Kayıt Tarihi : 6.12.2001 22:32:00",,,,Belirsiz,21
33,Bir Gece Ansızın Gelebilirim,https://www.antoloji.com/bir-gece-ansizin-gelebilirim-siiri/,"Bu kadar yürekten çağırma beni! 

Bir gece ansızın gelebilirim.

Beni bekliyorsan, uyumamışsan, 

Sevinçten kapında ölebilirim.
Belki de hayata yeni başlarım, 

İçimde küllenen kor alevlenir, 

Bakarsın hiç gitmem kölen olurum, 

Belki de seversin beni kim bilir.
Kal dersen, dağlarca severim seni, 

Bir deniz olurum ayaklarında, 

Aşk bu özleyiş bu, hiç belli olmaz, 

Kalbim duruverir dudaklarında.
Ya da unuturum kim olduğumu, 

Hatırlamam belki adımı bile, 

Belki de çıldırır, deli olurum, 

Sana kavuşmanın heyacanıyla...
Aşk bu, bilinir mi nereye varır, 

Ne durdurur özlemini, seveni...

Bakarsın ansızın gelebilirim, 

Bu kadar yürekten çağırma beni.

 Ümit Yaşar Oğuzcan

Kayıt Tarihi : 28.8.2000 18:26:00",,,,Belirsiz,97
34,Bir Gece Ansızın Gelebilirim,https://www.antoloji.com/bir-gece-ansizin-gelebilirim-siiri/?siralama=p,"Bu kadar yürekten çağırma beni! 

Bir gece ansızın gelebilirim.

Beni bekliyorsan, uyumamışsan, 

Sevinçten kapında ölebilirim.
Belki de hayata yeni başlarım, 

İçimde küllenen kor alevlenir, 

Bakarsın hiç gitmem kölen olurum, 

Belki de seversin beni kim bilir.
Kal dersen, dağlarca severim seni, 

Bir deniz olurum ayaklarında, 

Aşk bu özleyiş bu, hiç belli olmaz, 

Kalbim duruverir dudaklarında.
Ya da unuturum kim olduğumu, 

Hatırlamam belki adımı bile, 

Belki de çıldırır, deli olurum, 

Sana kavuşmanın heyacanıyla...
Aşk bu, bilinir mi nereye varır, 

Ne durdurur özlemini, seveni...

Bakarsın ansızın gelebilirim, 

Bu kadar yürekten çağırma beni.

 Ümit Yaşar Oğuzcan

Kayıt Tarihi : 28.8.2000 18:26:00",,,,Belirsiz,97
35,Dost Bildiklerim,https://www.antoloji.com/dost-bildiklerim-siiri/,"Sanırdım gündüzdü onlarla gecem

İçimde ümitti dost bildiklerim

Ne zaman yıkılıp yere düştüysem

Bırakıp da gitti dost bildiklerim

Hepsi varken baharımda, yazımda: 

Kışın bir burukluk kaldı ağzımda

Seneler senesi oysa gözümde

Cihana eşitti dost bildiklerim

Nerde o sözlere kandığım günler? 

Her gülen yüzü dost sandığım günler

Acıdan kahrolup yandığım günler

Ta canıma yetti dost bildiklerim

Meydana çıkalı asil cehreler

Aydınlanmaz oldu artık geceler

Yalanlar tükendi, indi maskeler

Birer bitti dost bildiklerim

Korkar oldum bana *dostum* diyenden

Yoksa yok olandan, varsa yiyenden

Ne onlardan eser kaldı ne benden

Beni benden etti dost bildiklerim

 Ümit Yaşar Oğuzcan

Kayıt Tarihi : 28.8.2000 19:16:00",,Bir Gün Anlarsın,1965.0,Olgunluk Dönemi (1963–1972),100
36,Dost Bildiklerim,https://www.antoloji.com/dost-bildiklerim-siiri/?siralama=p,"Sanırdım gündüzdü onlarla gecem

İçimde ümitti dost bildiklerim

Ne zaman yıkılıp yere düştüysem

Bırakıp da gitti dost bildiklerim

Hepsi varken baharımda, yazımda: 

Kışın bir burukluk kaldı ağzımda

Seneler senesi oysa gözümde

Cihana eşitti dost bildiklerim

Nerde o sözlere kandığım günler? 

Her gülen yüzü dost sandığım günler

Acıdan kahrolup yandığım günler

Ta canıma yetti dost bildiklerim

Meydana çıkalı asil cehreler

Aydınlanmaz oldu artık geceler

Yalanlar tükendi, indi maskeler

Birer bitti dost bildiklerim

Korkar oldum bana *dostum* diyenden

Yoksa yok olandan, varsa yiyenden

Ne onlardan eser kaldı ne benden

Beni benden etti dost bildiklerim

 Ümit Yaşar Oğuzcan

Kayıt Tarihi : 28.8.2000 19:16:00",,Bir Gün Anlarsın,1965.0,Olgunluk Dönemi (1963–1972),100
37,Ayrılanlar İçin,https://www.antoloji.com/ayrilanlar-icin-siiri/,"Yollarımız burada ayrılıyor, 

Artık birbirimize iki yabancıyız.

Her ne kadar acı olsa, ne kadar güç olsa

Her şeyi evet, her şeyi unutmalıyız.
Her kederin tesellisi bulunur, üzülme.

İnsan ne kadar sevse unutabilir.

Mevsimler, gelir geçer, yıllar geçer

Sen de unutursun bir gün gelir.
Hiç yaşamamışçasına, hiç sevmemişçesine, 

Unutursun, o günlerimizi, gecelerimizi, 

O günlerce, gecelerce sevişmelerimizi...
Her şeyi evet, her şeyi unutabilirsin.

Hatta bütün yazdıklarımı satır satır, 

Kalırsa, içinde bir derin sızı kalır.

 Ümit Yaşar Oğuzcan

Kayıt Tarihi : 28.8.2000 16:50:00",,,,Belirsiz,80
38,Ayrılanlar İçin,https://www.antoloji.com/ayrilanlar-icin-siiri/?siralama=p,"Yollarımız burada ayrılıyor, 

Artık birbirimize iki yabancıyız.

Her ne kadar acı olsa, ne kadar güç olsa

Her şeyi evet, her şeyi unutmalıyız.
Her kederin tesellisi bulunur, üzülme.

İnsan ne kadar sevse unutabilir.

Mevsimler, gelir geçer, yıllar geçer

Sen de unutursun bir gün gelir.
Hiç yaşamamışçasına, hiç sevmemişçesine, 

Unutursun, o günlerimizi, gecelerimizi, 

O günlerce, gecelerce sevişmelerimizi...
Her şeyi evet, her şeyi unutabilirsin.

Hatta bütün yazdıklarımı satır satır, 

Kalırsa, içinde bir derin sızı kalır.

 Ümit Yaşar Oğuzcan

Kayıt Tarihi : 28.8.2000 16:50:00",,,,Belirsiz,80
39,Bekleyenler İçin,https://www.antoloji.com/bekleyenler-icin-siiri/,"Bir ayak sesi duymayayım

Kapıya koşuyorum

Gelen sen misin diye

Bir siyah saç görmeyeyim

Yüreğim burkuluyor

Ağlamaklı oluyorum

Her şey bana seni hatırlatıyor

Gökyüzüne baksam

Gözlerinin binlercesini görürüm

Bir rüzgar değse yüzüme

Ellerini düşünmeden edemem

Yaktığım bütün sigaraların dumanları sana benzer

Tadı senden gelir

Yediğim yemişlerin

İçtiğim içkilerin

Ve içimdeki bu dayanılmaz sıkıntı

Bu emsalsiz hüzün

Seni beklediğim içindir
Resmine bakamaz oldum

Uykulardan korkuyorum artık

Utanıyorum odamdaki bütün eşyalardan

Şu sedir hala gelip oturmanı bekliyor

Şu ayna karsısında güzelliğini seyretmeni

Şu kadeh dudaklarına değebilmek için duruyor masada
Ve şu saat geldiğin anda

Durabilir sevincinden

Zaman çıldırabilir

Çünkü benim dünyamda

Ölümsüzlük, seni sevmek demektir.

Bir çocuk doğmayı bekler

Bir ağır hasta ölmeyi

Bitkiler yağmur ve güneşi bekler

Yalnız bir kadın sevilmeyi

Ve düşün ki bir adam

İçinde bütün bekleyenlerin korkusu ve ümidi

Seni bekler

Asılmayı bekleyen bir idam mahkumu gibi
Sen gelinceye kadar

Pencerem kapalı duracak

Rüzgar gelmesin diye

Artık perdeleri açmayacağım

Gün ışığı girmesin diye

Sonra kahrolacağım

Bu karanlıkta, bu derin yalnızlıkta

Ve günlerce gecelerce haykıracağım

Nerdesin diye, Nerdesin? 

Bir gün bu kapıdan sen gireceksin

Biliyorum

Er geç bu bekleyişin bir sonu gelecek

Yıllarca sonra

Öldüğüm gün bile gelsen

Bütün bu bekleyişimi ve olduğumu unutup

Çocuklar gibi sevineceğim

Kalkıp sarılacağım ellerine

Uzun uzun ağlıyacağım.

 Ümit Yaşar Oğuzcan

Kayıt Tarihi : 28.8.2000 17:03:00",,,,Belirsiz,212
40,Bekleyenler İçin,https://www.antoloji.com/bekleyenler-icin-siiri/?siralama=p,"Bir ayak sesi duymayayım

Kapıya koşuyorum

Gelen sen misin diye

Bir siyah saç görmeyeyim

Yüreğim burkuluyor

Ağlamaklı oluyorum

Her şey bana seni hatırlatıyor

Gökyüzüne baksam

Gözlerinin binlercesini görürüm

Bir rüzgar değse yüzüme

Ellerini düşünmeden edemem

Yaktığım bütün sigaraların dumanları sana benzer

Tadı senden gelir

Yediğim yemişlerin

İçtiğim içkilerin

Ve içimdeki bu dayanılmaz sıkıntı

Bu emsalsiz hüzün

Seni beklediğim içindir
Resmine bakamaz oldum

Uykulardan korkuyorum artık

Utanıyorum odamdaki bütün eşyalardan

Şu sedir hala gelip oturmanı bekliyor

Şu ayna karsısında güzelliğini seyretmeni

Şu kadeh dudaklarına değebilmek için duruyor masada
Ve şu saat geldiğin anda

Durabilir sevincinden

Zaman çıldırabilir

Çünkü benim dünyamda

Ölümsüzlük, seni sevmek demektir.

Bir çocuk doğmayı bekler

Bir ağır hasta ölmeyi

Bitkiler yağmur ve güneşi bekler

Yalnız bir kadın sevilmeyi

Ve düşün ki bir adam

İçinde bütün bekleyenlerin korkusu ve ümidi

Seni bekler

Asılmayı bekleyen bir idam mahkumu gibi
Sen gelinceye kadar

Pencerem kapalı duracak

Rüzgar gelmesin diye

Artık perdeleri açmayacağım

Gün ışığı girmesin diye

Sonra kahrolacağım

Bu karanlıkta, bu derin yalnızlıkta

Ve günlerce gecelerce haykıracağım

Nerdesin diye, Nerdesin? 

Bir gün bu kapıdan sen gireceksin

Biliyorum

Er geç bu bekleyişin bir sonu gelecek

Yıllarca sonra

Öldüğüm gün bile gelsen

Bütün bu bekleyişimi ve olduğumu unutup

Çocuklar gibi sevineceğim

Kalkıp sarılacağım ellerine

Uzun uzun ağlıyacağım.

 Ümit Yaşar Oğuzcan

Kayıt Tarihi : 28.8.2000 17:03:00",,,,Belirsiz,212
41,İmkansız Aşk,https://www.antoloji.com/imkansiz-ask-130-siiri/,"Falcı kadın yalan söylüyor yalan

Bizi birbirimiz için yaratmış Tanrımız

Nasıl mümkün değilse

Yıldızları toplamak gökyüzünden

Öylesine imkansız bir şey aşkımız
Kurudu gölgesinde oturduğumuz ağaçlar

Bahçelerde sevdiğin çiçekler kalmadı

Sadece hatıralarda ebedi olan

Vazgeçemediğimiz, unutamadığımız

Onlar bile bize yar olmadı
Unut benden kalan ne varsa

Unutmak tesellidir yalnızlığın

Güneşi bir kadeh şarap gibi içip

Delicesine sarhoş olmak

En güzel tarafı imkansızlığın
Ümitlerimiz fırtınalı denizler ortasında

Bir hurda teknedir şimdi

Dalgalar dünden daha zalim

Rüzgar daha hoyrat

Ne bulut var ufuklarda ne gemi
Mevsimler toz pembe değil

Gündüzler gecedir, geceler zindan

Güneşin doğmasını beklemek boşuna

Boşuna artık medet ummak

Taş kalpli zamandan
İnan ki! Kırılmış bir ayna gibi

Paramparça, kırık dökük aşkımız

Çaresizliğin, ümitsizliğin türküsü

Türkülerin en içlisi, en hüzünlüsü

Büyük aşkımız

 Ümit Yaşar Oğuzcan

Kayıt Tarihi : 10.5.2001 10:21:00",,,,Belirsiz,129
42,İmkansız Aşk,https://www.antoloji.com/imkansiz-ask-130-siiri/?siralama=p,"Falcı kadın yalan söylüyor yalan

Bizi birbirimiz için yaratmış Tanrımız

Nasıl mümkün değilse

Yıldızları toplamak gökyüzünden

Öylesine imkansız bir şey aşkımız
Kurudu gölgesinde oturduğumuz ağaçlar

Bahçelerde sevdiğin çiçekler kalmadı

Sadece hatıralarda ebedi olan

Vazgeçemediğimiz, unutamadığımız

Onlar bile bize yar olmadı
Unut benden kalan ne varsa

Unutmak tesellidir yalnızlığın

Güneşi bir kadeh şarap gibi içip

Delicesine sarhoş olmak

En güzel tarafı imkansızlığın
Ümitlerimiz fırtınalı denizler ortasında

Bir hurda teknedir şimdi

Dalgalar dünden daha zalim

Rüzgar daha hoyrat

Ne bulut var ufuklarda ne gemi
Mevsimler toz pembe değil

Gündüzler gecedir, geceler zindan

Güneşin doğmasını beklemek boşuna

Boşuna artık medet ummak

Taş kalpli zamandan
İnan ki! Kırılmış bir ayna gibi

Paramparça, kırık dökük aşkımız

Çaresizliğin, ümitsizliğin türküsü

Türkülerin en içlisi, en hüzünlüsü

Büyük aşkımız

 Ümit Yaşar Oğuzcan

Kayıt Tarihi : 10.5.2001 10:21:00",,,,Belirsiz,129
43,En Eski Yalnızlığımdır Aşk Benim,https://www.antoloji.com/en-eski-yalnizligimdir-ask-benim-siiri/,"En eski yalnızlığımdır aşk benim

Gitgide büyüyen karanlıklarla

Ne zaman sevdiysem kavruldu tenim

Bir ateşin açtığı yanıklarla
Sabahı olmazdı çok gecelerin 

Alır, götürürlerdi beni onlar

Öptüğüm elleriyle, korkunç derin 

Bir uçurumun kenarına kadar.
Sonra bırakır giderlerdi, üzgün

Bakardım sessizce arkalarından 

Sonra umutsuzluk, gözyaşı ve kan.
Bütün umutlarım biterdi bir gün 

Bir gecenin orsatında kalırdım 

Tek başıma ben, ben ve yalnızlığım.

 Ümit Yaşar Oğuzcan

Kayıt Tarihi : 8.8.2000 15:25:00",,En Eski Yalnızlığımdır Aşk Benim,1978.0,Son Dönem (1973–1984),68
44,En Eski Yalnızlığımdır Aşk Benim,https://www.antoloji.com/en-eski-yalnizligimdir-ask-benim-siiri/?siralama=p,"En eski yalnızlığımdır aşk benim

Gitgide büyüyen karanlıklarla

Ne zaman sevdiysem kavruldu tenim

Bir ateşin açtığı yanıklarla
Sabahı olmazdı çok gecelerin 

Alır, götürürlerdi beni onlar

Öptüğüm elleriyle, korkunç derin 

Bir uçurumun kenarına kadar.
Sonra bırakır giderlerdi, üzgün

Bakardım sessizce arkalarından 

Sonra umutsuzluk, gözyaşı ve kan.
Bütün umutlarım biterdi bir gün 

Bir gecenin orsatında kalırdım 

Tek başıma ben, ben ve yalnızlığım.

 Ümit Yaşar Oğuzcan

Kayıt Tarihi : 8.8.2000 15:25:00",,En Eski Yalnızlığımdır Aşk Benim,1978.0,Son Dönem (1973–1984),68
45,Kum,https://www.antoloji.com/kum-siiri/,"Sen kum nedir bilmezsin

Deniz görmedin ki.

Yum gözlerini zamanı düşün, 

Deniz bir gözünde

Kum bir gözündedir.
Sen taş nedir bilmezsin

Dağa çıkmadın ki.

Yürü ufuklara doğru, 

Dağ bir ayağında

Taş bir ayağındadır.
Sen kül nedir bilmezsin

Ateş yakmadın ki, 

Uzat ellerini gökyüzüne, 

Ateş bir elinde

Kül bir elindedir.
Sen kan nedir bilmezsin

Ölmedin, öldürmedin ki.

Yat toprağa boylu boyunca, 

Ölüm bir yanında

Kan bir yanındadır.
Sen aşk nedir bilmezsin

Beni sevmedin ki.

Ağla, ağlayabildiğin kadar, 

Bütün güzellikler sende

Aşk bendedir.

 Ümit Yaşar Oğuzcan

Kayıt Tarihi : 28.8.2000 19:51:00",,,,Belirsiz,89
46,Kum,https://www.antoloji.com/kum-siiri/?siralama=p,"Sen kum nedir bilmezsin

Deniz görmedin ki.

Yum gözlerini zamanı düşün, 

Deniz bir gözünde

Kum bir gözündedir.
Sen taş nedir bilmezsin

Dağa çıkmadın ki.

Yürü ufuklara doğru, 

Dağ bir ayağında

Taş bir ayağındadır.
Sen kül nedir bilmezsin

Ateş yakmadın ki, 

Uzat ellerini gökyüzüne, 

Ateş bir elinde

Kül bir elindedir.
Sen kan nedir bilmezsin

Ölmedin, öldürmedin ki.

Yat toprağa boylu boyunca, 

Ölüm bir yanında

Kan bir yanındadır.
Sen aşk nedir bilmezsin

Beni sevmedin ki.

Ağla, ağlayabildiğin kadar, 

Bütün güzellikler sende

Aşk bendedir.

 Ümit Yaşar Oğuzcan

Kayıt Tarihi : 28.8.2000 19:51:00",,,,Belirsiz,89
47,Dost Koşması,https://www.antoloji.com/dost-kosmasi-siiri/,"Büyük dertler birbirinden

Sıralanır, sıralanır

Gönül her gün bir yerinden

Yaralanır, yaralanır.

Yüzleri var türlü biçim

Belli değil gerçek dost kim

Vefa diye su yüreğim

Paralanır, paralanır
Basta bin turlu düşünce

Hep karanlık gündüz gece

Doğru söyleyen ömrünce

Karalanır, karalanır
Ömür boyu düşündüğün

Sırlar çözülecek butun

Su demir kapılar bir gün

Aralanır, aralanır

 Ümit Yaşar Oğuzcan

Kayıt Tarihi : 28.8.2000 19:18:00",,,,Belirsiz,61
48,Dost Koşması,https://www.antoloji.com/dost-kosmasi-siiri/?siralama=p,"Büyük dertler birbirinden

Sıralanır, sıralanır

Gönül her gün bir yerinden

Yaralanır, yaralanır.

Yüzleri var türlü biçim

Belli değil gerçek dost kim

Vefa diye su yüreğim

Paralanır, paralanır
Basta bin turlu düşünce

Hep karanlık gündüz gece

Doğru söyleyen ömrünce

Karalanır, karalanır
Ömür boyu düşündüğün

Sırlar çözülecek butun

Su demir kapılar bir gün

Aralanır, aralanır

 Ümit Yaşar Oğuzcan

Kayıt Tarihi : 28.8.2000 19:18:00",,,,Belirsiz,61
49,Affet Beni,https://www.antoloji.com/affet-beni-3-siiri/,"Bugün bütün iyi kalpliliğim üzerimde

Cümle düşmanlarımı affettim

Yediğim meyvalardan

Kokladığım çiçeklerden af diliyorum
Yerde yürürken gördüğüm 

Sebebsiz kanına girdiğim

Zevk için öldürdüğüm

Böceklerden af diliyorum
Dağdan, topraktan, taştan

Evlattan, akrabadan, arkadaştan

Yağan yağmurdan, doğan güneşten

Denizlerden, göklerden af diliyorum
Yıllardır kahrımı çeken kadından

Ondaki yaşamak ümidinden

Baba evinden, ana sütünden

Yediğim ekmeklerden af diliyorum
Kadrini, kıymetini bilmediğim

Hayali ile bahtiyar olmadığım

Otuz yıl arayıp bulmadığım

Geleceklerden af diliyorum.

 Ümit Yaşar Oğuzcan

Kayıt Tarihi : 16.12.2000 12:35:00",,,,Belirsiz,77
50,Affet Beni,https://www.antoloji.com/affet-beni-3-siiri/?siralama=p,"Bugün bütün iyi kalpliliğim üzerimde

Cümle düşmanlarımı affettim

Yediğim meyvalardan

Kokladığım çiçeklerden af diliyorum
Yerde yürürken gördüğüm 

Sebebsiz kanına girdiğim

Zevk için öldürdüğüm

Böceklerden af diliyorum
Dağdan, topraktan, taştan

Evlattan, akrabadan, arkadaştan

Yağan yağmurdan, doğan güneşten

Denizlerden, göklerden af diliyorum
Yıllardır kahrımı çeken kadından

Ondaki yaşamak ümidinden

Baba evinden, ana sütünden

Yediğim ekmeklerden af diliyorum
Kadrini, kıymetini bilmediğim

Hayali ile bahtiyar olmadığım

Otuz yıl arayıp bulmadığım

Geleceklerden af diliyorum.

 Ümit Yaşar Oğuzcan

Kayıt Tarihi : 16.12.2000 12:35:00",,,,Belirsiz,77
51,Aşkmıydı O?,https://www.antoloji.com/askmiydi-o-siiri/,"Aşk mıydı o, aşkımsı bir şey miydi 

Neydi çekip kendine, beni bağlayan 

Kanatan dudağımı, tenimi dağlayan 

Elleri ta içimde o dev miydi 
Etime bir alev değmişçesine 

Nasıl da yakardı öptüğü zaman 

Bir su gibi akıp gitti avuçlarımdan 

Yorgunum şimdi bin yıl sevmişçesine 
Hani o yalnız benim olan gül, kırmızı

Gözlerimin önünde açılan sonsuz bahçe

Hani, o var olmalarımız öpüştükçe 

O delice sürdürmeler yaşantımızı 
Hiç doymamak oysa, tene, kokuya, aşka 

Sarıldıkça güçlenmek, bütünlenmek 

Kudurmuş arzularla zamanı yenmek 

Ve en kuytularda buluşmak korka korka 
Kimi gün utanmak otlardan, çimenlerden 

Kimi gece mıhlamak gölgemizi duvara 

Varmak için o sevgiyle açılmış kollara 

Apansız düşmek yükseklerden bir yerden 
Oydu işte alıştığım, özlediğim şimdi de 

Sevgice bir tutku, aşkımsı bir yakınlık 

Avunmak... Kırık dökük anılarla artık 

Kimbilir? o geceler yaşanmadı belki de

 Ümit Yaşar Oğuzcan

Kayıt Tarihi : 16.7.2000 15:02:00",,Aşk mıydı O,1969.0,Olgunluk Dönemi (1963–1972),134
52,Aşkmıydı O?,https://www.antoloji.com/askmiydi-o-siiri/?siralama=p,"Aşk mıydı o, aşkımsı bir şey miydi 

Neydi çekip kendine, beni bağlayan 

Kanatan dudağımı, tenimi dağlayan 

Elleri ta içimde o dev miydi 
Etime bir alev değmişçesine 

Nasıl da yakardı öptüğü zaman 

Bir su gibi akıp gitti avuçlarımdan 

Yorgunum şimdi bin yıl sevmişçesine 
Hani o yalnız benim olan gül, kırmızı

Gözlerimin önünde açılan sonsuz bahçe

Hani, o var olmalarımız öpüştükçe 

O delice sürdürmeler yaşantımızı 
Hiç doymamak oysa, tene, kokuya, aşka 

Sarıldıkça güçlenmek, bütünlenmek 

Kudurmuş arzularla zamanı yenmek 

Ve en kuytularda buluşmak korka korka 
Kimi gün utanmak otlardan, çimenlerden 

Kimi gece mıhlamak gölgemizi duvara 

Varmak için o sevgiyle açılmış kollara 

Apansız düşmek yükseklerden bir yerden 
Oydu işte alıştığım, özlediğim şimdi de 

Sevgice bir tutku, aşkımsı bir yakınlık 

Avunmak... Kırık dökük anılarla artık 

Kimbilir? o geceler yaşanmadı belki de

 Ümit Yaşar Oğuzcan

Kayıt Tarihi : 16.7.2000 15:02:00",,Aşk mıydı O,1969.0,Olgunluk Dönemi (1963–1972),134
53,Beşinci Mektup,https://www.antoloji.com/besinci-mektup-siiri/,"Ayrılık diye bir şey yok. 

Bu bizim yalanımız.

Sevmek var aslında, özlemek var, beklemek var. 

Şimdi neredesin? Ne yapıyorsun?
Güneş çoktan doğdu.

Uyanmış olmalısın. 

Saçlarını tararken beni hatırladın, değil mi? 

Öyleyse ayrılmadık. 

Sadece özlemliyiz ve bekliyoruz.
Zamanı hatırlatan her şeyden nefret ediyorum. 

Önce beklemekten. 

Ömür boyunca ya bekliyor ya bekletiyor insan. 

İkisi de kötü, ikisi de hazin tarafı yaşantımızın.
Bir çocuğun önce doğmasını bekliyorlar, 

Sonra yürümesini, konuşmasını, büyümesini...

Zaman ilerliyor, bu defa para kazanmasını,

Kanunlara saygı göstermesini,

İnsanları sevmesini, aldanmasını, aldatmasını bekliyorlar. 
Ve sonra ölümü bekleniyor insanoğlunun.

Ya o? Ya o? 

İnsanlardan dostluk bekliyor, sevgilisinden sadakat,

Çocuklarından saygı ve bir parça huzur bekliyor,

Saadet bekliyor yaşamaktan. 
Zaman ilerliyor, bir gün o da ölümü bekliyor artık.

Aradıklarının çoğunu bulamamış, 

Beklediklerinin çoğu gelmemiş bir insan olarak 

Göçüp gidiyor bu dünyadan. 
İşte yaşamak maceramız bu.

Yaşarken beklemek, beklerken yaşamak 

Ve yaşayıp beklerken ölmek!
Özleme bir diyeceğim yok. 

O kömür kırıntıları arasında parlayan bir cam parçası. 

O nefes alışı sevgimizin, kavuşmalarımızın anlamı. 

O tek güzel yönü bekleyişlerimizin.
İnsanlığımız özleyişlerimizle alımlı, 

Yaşantımız özlemlerle güzel.

Özlemin buruk bir tadı var, hele seni özlemenin.

Bir kokusu var bütün çiçeklere değişmem. 

Bir ışığı var, bir rengi var seni özlemenin, anlatılmaz.
Verdiğin bütün acılara dayanıyorsam; 

Seni özlediğim içindir. 

Beklemenin korkunç zehri öldürmüyorsa beni; 

Seni özlediğim içindir. 

Yaşıyorsam; içimde umut varsa, 

Yine seni özlediğim içindir.
Seni bunca özlemesem; bunca sevemezdim ki!

 Ümit Yaşar Oğuzcan

Kayıt Tarihi : 18.11.2000 20:43:00",,,,Belirsiz,229
54,Beşinci Mektup,https://www.antoloji.com/besinci-mektup-siiri/?siralama=p,"Ayrılık diye bir şey yok. 

Bu bizim yalanımız.

Sevmek var aslında, özlemek var, beklemek var. 

Şimdi neredesin? Ne yapıyorsun?
Güneş çoktan doğdu.

Uyanmış olmalısın. 

Saçlarını tararken beni hatırladın, değil mi? 

Öyleyse ayrılmadık. 

Sadece özlemliyiz ve bekliyoruz.
Zamanı hatırlatan her şeyden nefret ediyorum. 

Önce beklemekten. 

Ömür boyunca ya bekliyor ya bekletiyor insan. 

İkisi de kötü, ikisi de hazin tarafı yaşantımızın.
Bir çocuğun önce doğmasını bekliyorlar, 

Sonra yürümesini, konuşmasını, büyümesini...

Zaman ilerliyor, bu defa para kazanmasını,

Kanunlara saygı göstermesini,

İnsanları sevmesini, aldanmasını, aldatmasını bekliyorlar. 
Ve sonra ölümü bekleniyor insanoğlunun.

Ya o? Ya o? 

İnsanlardan dostluk bekliyor, sevgilisinden sadakat,

Çocuklarından saygı ve bir parça huzur bekliyor,

Saadet bekliyor yaşamaktan. 
Zaman ilerliyor, bir gün o da ölümü bekliyor artık.

Aradıklarının çoğunu bulamamış, 

Beklediklerinin çoğu gelmemiş bir insan olarak 

Göçüp gidiyor bu dünyadan. 
İşte yaşamak maceramız bu.

Yaşarken beklemek, beklerken yaşamak 

Ve yaşayıp beklerken ölmek!
Özleme bir diyeceğim yok. 

O kömür kırıntıları arasında parlayan bir cam parçası. 

O nefes alışı sevgimizin, kavuşmalarımızın anlamı. 

O tek güzel yönü bekleyişlerimizin.
İnsanlığımız özleyişlerimizle alımlı, 

Yaşantımız özlemlerle güzel.

Özlemin buruk bir tadı var, hele seni özlemenin.

Bir kokusu var bütün çiçeklere değişmem. 

Bir ışığı var, bir rengi var seni özlemenin, anlatılmaz.
Verdiğin bütün acılara dayanıyorsam; 

Seni özlediğim içindir. 

Beklemenin korkunç zehri öldürmüyorsa beni; 

Seni özlediğim içindir. 

Yaşıyorsam; içimde umut varsa, 

Yine seni özlediğim içindir.
Seni bunca özlemesem; bunca sevemezdim ki!

 Ümit Yaşar Oğuzcan

Kayıt Tarihi : 18.11.2000 20:43:00",,,,Belirsiz,229
55,Aşk Çizgisi,https://www.antoloji.com/ask-cizgisi-siiri/,"Bütün yollar aşktan geçiyor, görüyor musun? 

Bir aşk çizgisi var her şeyden öte

O çizgiden başka bütün çizgiler

Aşkı tüketmede
Kimi dik çizgilerin kimi paralel

Eğri büğrüsü, düzgünü, kalını, incesi

Ve bir gün sarıyor bütün çizgileri

Ölüm çizgisi
Bense hep seni çiziyorum kağıtlara, duvarlara

Yeşillerle, morlarla, mavilerle

Resmini yapıp adını yazıyorum

Renk renk çizgilerle
Tut ki iki noktayız birbirinden uzak

Bir çizgiyle aramızı birleştiriyorum

Sonra bir ev yaparak çizgilerden

İçine seni yerleştiriyorum
Başlıyoruz geometrik yaşamlara

Nokta nokta, şekil şekil

Ve bir tek çizgi oluyoruz seninle, mutlu

Öbür çizgiler umurumuzda değil
Her düşünce aşka teğet geçiyor

Tanığı çizgiler var olduğumuzun

Bir aşk çizgisi var her şeyden önce

Bütün yollar aşktan geçiyor, görüyor musun?

 Ümit Yaşar Oğuzcan

Kayıt Tarihi : 28.10.2001 03:08:00",,,,Belirsiz,120
56,Aşk Çizgisi,https://www.antoloji.com/ask-cizgisi-siiri/?siralama=p,"Bütün yollar aşktan geçiyor, görüyor musun? 

Bir aşk çizgisi var her şeyden öte

O çizgiden başka bütün çizgiler

Aşkı tüketmede
Kimi dik çizgilerin kimi paralel

Eğri büğrüsü, düzgünü, kalını, incesi

Ve bir gün sarıyor bütün çizgileri

Ölüm çizgisi
Bense hep seni çiziyorum kağıtlara, duvarlara

Yeşillerle, morlarla, mavilerle

Resmini yapıp adını yazıyorum

Renk renk çizgilerle
Tut ki iki noktayız birbirinden uzak

Bir çizgiyle aramızı birleştiriyorum

Sonra bir ev yaparak çizgilerden

İçine seni yerleştiriyorum
Başlıyoruz geometrik yaşamlara

Nokta nokta, şekil şekil

Ve bir tek çizgi oluyoruz seninle, mutlu

Öbür çizgiler umurumuzda değil
Her düşünce aşka teğet geçiyor

Tanığı çizgiler var olduğumuzun

Bir aşk çizgisi var her şeyden önce

Bütün yollar aşktan geçiyor, görüyor musun?

 Ümit Yaşar Oğuzcan

Kayıt Tarihi : 28.10.2001 03:08:00",,,,Belirsiz,120
57,Altıncı Mektup,https://www.antoloji.com/altinci-mektup-siiri/,"Bir gün bir yalnızlığa düştüm yine. Başımı

ellerimin arasına aldım, sessizce ağlamaya başladım .

Önümde yarıya gelmiş bir konyak şişesi 'beni iç'

diye fısıldıyordu, 'beni iç'. Sonra yalvarmaya başladı:

'Ne olur' dedi 'ne olur haydi iç beni'.
Bir bardak doldurdum, tepeme diktim .

Şişe rahatladı, sustu. Hani ellerimiz birbirine

değince nasıl oluyorduk? İşte öyle oldum .

Hani bakışlarımız buluştuğu zaman, bir başka

türlü atması vardı yüreklerimizin. Onu hatırladım .
Sonra bir tren hareket etti. Sabahtı. Karşıkarşıyaydık .

Konuşuyorduk. Ben sevmek diyordum durmadan.

Gözlerim gözlerine soruyordu: 'seviyor musun?' diye.

Hep evet diyordu gözlerin, ellerin, dudakların hep

evet diyordu. Oysa ki, bir çok hayır diyen insan vardı

çevremizde. Örneğin: bir çocuk hayır, diyordu, bir kadın, 

bir adam ve bir başkası, bir başkası hayır diyordu.

Hayır'lar arasında ezilmeğe mahkûmdu evet'lerimiz .
Tren ilerliyordu. Gözlerin gözlerime soruyordu 

ne olacak diye. Sigara üstüne sigara yakıyordum,

kadeh kadeh içki içiyordum, fakat bilmiyordum

ben de ne olacağını. Bizi sürükleyen bir akıntıydı.

Durduramazdık onu, hükmedemezdik ona. 

Bir anafora rastlayıp yok oluncaya kadar akıp

gidecektik işte. Peki anafor nerdeydi? Uzak mıydı? 

Belki çok yakındı kimbilir. Biz onu 

göremiyecektik. O, gözlerimizi kör ettikten sonra 

saracaktı bizi buz gibi kollarıyla.
Tren ilerliyordu. Pencereden deniz görünüyordu. 

Denize akşam güneşi vurmuştu. Renk renk

kayıklar gördük kıyılarda. Denize taş atan çocuklar

gördük. Uzakta bir balıkçı ağlarını topluyordu. 
Ve tren ilerliyordu. Kadere yaklaşıyorduk .

Bir alacakaranlık bastı zamanı. Gözlerim gözlerindeydi. 

Ellerini tuttum, titredin. Acı acı bir düdük öttü. 

Bir şeyler koptu içimizden.
Sonra tren durdu, indik, yollarımız ayrı ayrıydı. 

Şimdi, o gün verdiğin yalnızlığı yaşıyorum .

 Ümit Yaşar Oğuzcan

Kayıt Tarihi : 6.4.2001 12:57:00",,,,Belirsiz,259
58,Altıncı Mektup,https://www.antoloji.com/altinci-mektup-siiri/?siralama=p,"Bir gün bir yalnızlığa düştüm yine. Başımı

ellerimin arasına aldım, sessizce ağlamaya başladım .

Önümde yarıya gelmiş bir konyak şişesi 'beni iç'

diye fısıldıyordu, 'beni iç'. Sonra yalvarmaya başladı:

'Ne olur' dedi 'ne olur haydi iç beni'.
Bir bardak doldurdum, tepeme diktim .

Şişe rahatladı, sustu. Hani ellerimiz birbirine

değince nasıl oluyorduk? İşte öyle oldum .

Hani bakışlarımız buluştuğu zaman, bir başka

türlü atması vardı yüreklerimizin. Onu hatırladım .
Sonra bir tren hareket etti. Sabahtı. Karşıkarşıyaydık .

Konuşuyorduk. Ben sevmek diyordum durmadan.

Gözlerim gözlerine soruyordu: 'seviyor musun?' diye.

Hep evet diyordu gözlerin, ellerin, dudakların hep

evet diyordu. Oysa ki, bir çok hayır diyen insan vardı

çevremizde. Örneğin: bir çocuk hayır, diyordu, bir kadın, 

bir adam ve bir başkası, bir başkası hayır diyordu.

Hayır'lar arasında ezilmeğe mahkûmdu evet'lerimiz .
Tren ilerliyordu. Gözlerin gözlerime soruyordu 

ne olacak diye. Sigara üstüne sigara yakıyordum,

kadeh kadeh içki içiyordum, fakat bilmiyordum

ben de ne olacağını. Bizi sürükleyen bir akıntıydı.

Durduramazdık onu, hükmedemezdik ona. 

Bir anafora rastlayıp yok oluncaya kadar akıp

gidecektik işte. Peki anafor nerdeydi? Uzak mıydı? 

Belki çok yakındı kimbilir. Biz onu 

göremiyecektik. O, gözlerimizi kör ettikten sonra 

saracaktı bizi buz gibi kollarıyla.
Tren ilerliyordu. Pencereden deniz görünüyordu. 

Denize akşam güneşi vurmuştu. Renk renk

kayıklar gördük kıyılarda. Denize taş atan çocuklar

gördük. Uzakta bir balıkçı ağlarını topluyordu. 
Ve tren ilerliyordu. Kadere yaklaşıyorduk .

Bir alacakaranlık bastı zamanı. Gözlerim gözlerindeydi. 

Ellerini tuttum, titredin. Acı acı bir düdük öttü. 

Bir şeyler koptu içimizden.
Sonra tren durdu, indik, yollarımız ayrı ayrıydı. 

Şimdi, o gün verdiğin yalnızlığı yaşıyorum .

 Ümit Yaşar Oğuzcan

Kayıt Tarihi : 6.4.2001 12:57:00",,,,Belirsiz,259
59,Yağmur Altında Öpüşmek,https://www.antoloji.com/yagmur-altinda-opusmek-siiri/,"hava kararmıştı

yağmur yağıyordu

dudakları sımsıcaktı

elleri üşüyordu

bir öptüm 

bir daha öptüm

kimseler görmedi öpüştüğümüzü

yağmurdan başka

iki gözüm çıksın

şimdi ne zaman yağmur yağsa

utanıyorum...

 Ümit Yaşar Oğuzcan

Kayıt Tarihi : 17.2.2001 01:15:00",,,,Belirsiz,35
60,Yağmur Altında Öpüşmek,https://www.antoloji.com/yagmur-altinda-opusmek-siiri/?siralama=p,"hava kararmıştı

yağmur yağıyordu

dudakları sımsıcaktı

elleri üşüyordu

bir öptüm 

bir daha öptüm

kimseler görmedi öpüştüğümüzü

yağmurdan başka

iki gözüm çıksın

şimdi ne zaman yağmur yağsa

utanıyorum...

 Ümit Yaşar Oğuzcan

Kayıt Tarihi : 17.2.2001 01:15:00",,,,Belirsiz,35
61,Karanlığın Gözleri,https://www.antoloji.com/karanligin-gozleri-siiri/,"şimdi yoksun

seni düşünebilirim artık

tutar ellerini öperim uzun uzun

kimseler ayıplayamaz beni

yokluğunda seni nasıl sevdiğimi anlayamazlar

işte gözlerin işte dudakların

senin olan ne varsa karşımda duruyor

ayaklarını dilediğim yere götürebiliyorum artık 

sevdiğim şarkıları söyletiyorum dudaklarına

ve hoyrat ellerimle seni

her gün biraz daha güzelleştiriyorum

bütün resimler sana benziyor

hayret

bütün aynalarda sen varsın

nereye gitsem peşimden geliyorsun

şimdi sigarasın dudaklarımda

biraz sonra beyaz bir kağıt

ve akşam içtiğim bir kadeh içki olacaksın

kimse yokluğunda bunca sevilmedi

kimse yokluğunda ilahlaşmadı bu kadar

saçların böyle daha güzel

sen daha güzelsin

gelecek mutlu günlerin ışığında

her şey daha güzel

ne var ki ayrılığın adı kötüye çıkmış

yoksa bin yıl daha yaşamak isterdim

ve seni bin yıl daha 

ayrılıklar içinde sevmek isterdim

ama biliyorsun nihayet ben de bir insanım

umutsuzluğa düştüğüm anlar oluyor

hiç gelmeyeceksin sanıyorum

o zaman kurşun gibi bir korku saplanıyor kalbime

katran gibi bir yalnızlık sarıyor içimi

yalnızlığımdan utanıyorum

beni sevmesen ölürdüm

beni sevmesen bir çakıl taşıydım şimdi

beni sevmesen bir duvar gibi sağırdım

kördüm bir at kadar

ölümden acıydım ölümden beterdim

beni sevmesen

dünyayı bütün insanlara zindan ederdim

beni bu kadar saracak ne vardı

kanıma girecek

göz bebeklerime oturacak

bir sen fani gibi dudaklarımdan eksilmeyecek

ne vardı

hiç karşıma çıkmasaydın

bu kör olası gözler görmeseydi seni

ne vardı güzelliğini bilmeseydim 

bir dua gibi bellemeseydim adını

ne vardı bütün gece

gözlerimi tavana dikerek

seni düşünmeseydim

belki karşımda değilsin yanılıyorum

bu gözler senin gözlerin değil

aldatıyorlar beni

karanlığın gözleri olmalı bunlar

bana böylesine keder veren

gülmeyi,yaşamayı haram eden

bir karanlığın gözleri olmalı

öyleyse sen hiçbir yerde yoksun

sana hiçbir zaman yaklaşamayacağım

yalan bu geçici sevinç,bu nur,bu ışık

bu karanlığın ortasında yanan alev gözler

bu kadeh içki gibi aydınlık

ne dedimse inanma

seni değil kendimi anlatıyorum

sen istediğin kadar

varlığın ta kendisi ol

ölümsüzlüğün ta kendisi

ben günden güne yok olmaktaydım

bütün ışıkları kaldırıp attım bir yana

anlıyor musun

gökyüzü güneş olsa

sensiz karanlıktayım

 Ümit Yaşar Oğuzcan

Kayıt Tarihi : 16.12.2000 12:30:00",,Karanlığın Gözleri,1960.0,Erken Dönem (1947–1962),321
62,Karanlığın Gözleri,https://www.antoloji.com/karanligin-gozleri-siiri/?siralama=p,"şimdi yoksun

seni düşünebilirim artık

tutar ellerini öperim uzun uzun

kimseler ayıplayamaz beni

yokluğunda seni nasıl sevdiğimi anlayamazlar

işte gözlerin işte dudakların

senin olan ne varsa karşımda duruyor

ayaklarını dilediğim yere götürebiliyorum artık 

sevdiğim şarkıları söyletiyorum dudaklarına

ve hoyrat ellerimle seni

her gün biraz daha güzelleştiriyorum

bütün resimler sana benziyor

hayret

bütün aynalarda sen varsın

nereye gitsem peşimden geliyorsun

şimdi sigarasın dudaklarımda

biraz sonra beyaz bir kağıt

ve akşam içtiğim bir kadeh içki olacaksın

kimse yokluğunda bunca sevilmedi

kimse yokluğunda ilahlaşmadı bu kadar

saçların böyle daha güzel

sen daha güzelsin

gelecek mutlu günlerin ışığında

her şey daha güzel

ne var ki ayrılığın adı kötüye çıkmış

yoksa bin yıl daha yaşamak isterdim

ve seni bin yıl daha 

ayrılıklar içinde sevmek isterdim

ama biliyorsun nihayet ben de bir insanım

umutsuzluğa düştüğüm anlar oluyor

hiç gelmeyeceksin sanıyorum

o zaman kurşun gibi bir korku saplanıyor kalbime

katran gibi bir yalnızlık sarıyor içimi

yalnızlığımdan utanıyorum

beni sevmesen ölürdüm

beni sevmesen bir çakıl taşıydım şimdi

beni sevmesen bir duvar gibi sağırdım

kördüm bir at kadar

ölümden acıydım ölümden beterdim

beni sevmesen

dünyayı bütün insanlara zindan ederdim

beni bu kadar saracak ne vardı

kanıma girecek

göz bebeklerime oturacak

bir sen fani gibi dudaklarımdan eksilmeyecek

ne vardı

hiç karşıma çıkmasaydın

bu kör olası gözler görmeseydi seni

ne vardı güzelliğini bilmeseydim 

bir dua gibi bellemeseydim adını

ne vardı bütün gece

gözlerimi tavana dikerek

seni düşünmeseydim

belki karşımda değilsin yanılıyorum

bu gözler senin gözlerin değil

aldatıyorlar beni

karanlığın gözleri olmalı bunlar

bana böylesine keder veren

gülmeyi,yaşamayı haram eden

bir karanlığın gözleri olmalı

öyleyse sen hiçbir yerde yoksun

sana hiçbir zaman yaklaşamayacağım

yalan bu geçici sevinç,bu nur,bu ışık

bu karanlığın ortasında yanan alev gözler

bu kadeh içki gibi aydınlık

ne dedimse inanma

seni değil kendimi anlatıyorum

sen istediğin kadar

varlığın ta kendisi ol

ölümsüzlüğün ta kendisi

ben günden güne yok olmaktaydım

bütün ışıkları kaldırıp attım bir yana

anlıyor musun

gökyüzü güneş olsa

sensiz karanlıktayım

 Ümit Yaşar Oğuzcan

Kayıt Tarihi : 16.12.2000 12:30:00",,Karanlığın Gözleri,1960.0,Erken Dönem (1947–1962),321
63,Aşk Fısıltıları,https://www.antoloji.com/ask-fisiltilari-siiri/,"-1-
Giyindin mi? 

Tırnaklarını boyadın mı? 

Ya dudakların

Onları da boya

Tara saçlarını bir güzel

Hazır mısın? 

Çıkabilir miyiz

Doruklarına aşkın? 

O yerlere varabilir miyiz? 

Denizleri geçebilir miyiz? 

El ele

Hazır mısın? 

Hadi soyun öyleyse
-2-
Sağında bir yürek çarpıyor

Benim yüreğim

Sağımda bir yürek çarpıyor

Senin yüreğin

Şimdi

İki yürek bir bedeniz

Sonra

İki beden bir yürek
-3-
Her parçam bir ayrı yerde

Bir ayağım bu günde

Bir ayağım yarında

Bir gözüm göklerde

Bir gözüm denizlerde

Biri yaşamakta ellerimin

Biri ölümse

Yüreğimse

Bin parçaya bölünmüş

Her biri bin yerinde
-4-
Beni çoğalt

Beni artır

Beni benimle çarp

Seni bin yürekle seveyim

Beni kendinle çarp

Seni bir milyon yürekli seveyim

Beni yerden yere çarp

Duvardan duvara

Öleyim

Seni bir milyar yürekle seveyim
-5-
Bir ova

Sonsuz

Ovada bir at koşuyor

Soluk soluğa

Sarp bir kayalık

Dağ başında

Bir kartal kanat çırpıyor

Soluk soluğa

Ellerimde bir balık

Kıpkırmızı

Can veriyor

Soluk soluğa
-6-
Nefesin nefesime karıştı

Kokun kokuma

Etin etime karıştı

Gözlerim gözlerine

Suyum suyuna

Canım canına karıştı

Bir dere

Geldi ta uzaklardan

Gürül gürül

Denize karıştı

Gök toprağa karıştı

Toprak sonsuzluğa

Ben sana

Sen bana
-7-
Saat kaç

Akşam oldu mu? 

Gidiyor musun? 

Yoo gitme

Kal ne olursun

Bırak giysilerin gitsin

Çorapların

Yüzüklerin

Ayakkabıların gitsin

İstiyorlarsa

Sen kal bebeğim

Aşk varsa

Tanrı varsa
-8-
Yokluğunda

Hangi eve girdiysem

Hangi odaya

Orada ben yokum

Uzaklarda

Bir ev vardı

O evde bir oda

Orada sen yoksun
-9-
Uzaktayım

Beni çağırıyorsun

Yanındayım

Beni çağırıyorsun

İçindeyim

Beni çağırıyorsun

İçimdesin

Avaz avaz bağırıyorsun
-10-
Ölürdüm bu sevgiden yana yana

Alevlerim yıldızlara yükselirdi

Küllerim kaplardı tüm evreni

Ve ruhum dolaşırdı ta mehşere dek

Kordan bir çığlık gibi
Yaşamam seni kıskandığım içindir

 Ümit Yaşar Oğuzcan

Kayıt Tarihi : 1.12.2001 05:12:00",,,,Belirsiz,283
64,Aşk Fısıltıları,https://www.antoloji.com/ask-fisiltilari-siiri/?siralama=p,"-1-
Giyindin mi? 

Tırnaklarını boyadın mı? 

Ya dudakların

Onları da boya

Tara saçlarını bir güzel

Hazır mısın? 

Çıkabilir miyiz

Doruklarına aşkın? 

O yerlere varabilir miyiz? 

Denizleri geçebilir miyiz? 

El ele

Hazır mısın? 

Hadi soyun öyleyse
-2-
Sağında bir yürek çarpıyor

Benim yüreğim

Sağımda bir yürek çarpıyor

Senin yüreğin

Şimdi

İki yürek bir bedeniz

Sonra

İki beden bir yürek
-3-
Her parçam bir ayrı yerde

Bir ayağım bu günde

Bir ayağım yarında

Bir gözüm göklerde

Bir gözüm denizlerde

Biri yaşamakta ellerimin

Biri ölümse

Yüreğimse

Bin parçaya bölünmüş

Her biri bin yerinde
-4-
Beni çoğalt

Beni artır

Beni benimle çarp

Seni bin yürekle seveyim

Beni kendinle çarp

Seni bir milyon yürekli seveyim

Beni yerden yere çarp

Duvardan duvara

Öleyim

Seni bir milyar yürekle seveyim
-5-
Bir ova

Sonsuz

Ovada bir at koşuyor

Soluk soluğa

Sarp bir kayalık

Dağ başında

Bir kartal kanat çırpıyor

Soluk soluğa

Ellerimde bir balık

Kıpkırmızı

Can veriyor

Soluk soluğa
-6-
Nefesin nefesime karıştı

Kokun kokuma

Etin etime karıştı

Gözlerim gözlerine

Suyum suyuna

Canım canına karıştı

Bir dere

Geldi ta uzaklardan

Gürül gürül

Denize karıştı

Gök toprağa karıştı

Toprak sonsuzluğa

Ben sana

Sen bana
-7-
Saat kaç

Akşam oldu mu? 

Gidiyor musun? 

Yoo gitme

Kal ne olursun

Bırak giysilerin gitsin

Çorapların

Yüzüklerin

Ayakkabıların gitsin

İstiyorlarsa

Sen kal bebeğim

Aşk varsa

Tanrı varsa
-8-
Yokluğunda

Hangi eve girdiysem

Hangi odaya

Orada ben yokum

Uzaklarda

Bir ev vardı

O evde bir oda

Orada sen yoksun
-9-
Uzaktayım

Beni çağırıyorsun

Yanındayım

Beni çağırıyorsun

İçindeyim

Beni çağırıyorsun

İçimdesin

Avaz avaz bağırıyorsun
-10-
Ölürdüm bu sevgiden yana yana

Alevlerim yıldızlara yükselirdi

Küllerim kaplardı tüm evreni

Ve ruhum dolaşırdı ta mehşere dek

Kordan bir çığlık gibi
Yaşamam seni kıskandığım içindir

 Ümit Yaşar Oğuzcan

Kayıt Tarihi : 1.12.2001 05:12:00",,,,Belirsiz,283
65,Beni Kör Kuyularda,https://www.antoloji.com/beni-kor-kuyularda-siiri/,"Beni kör kuyularda merdivensiz bıraktın,

Denizler ortasında bak yelkensiz bıraktın,

Öylesine yıktın ki  bütün inançlarımı;

Beni bensiz bıraktın; beni sensiz bıraktın.

 Ümit Yaşar Oğuzcan

Kayıt Tarihi : 13.9.2000 05:48:00",,,,Belirsiz,29
66,Beni Kör Kuyularda,https://www.antoloji.com/beni-kor-kuyularda-siiri/?siralama=p,"Beni kör kuyularda merdivensiz bıraktın,

Denizler ortasında bak yelkensiz bıraktın,

Öylesine yıktın ki  bütün inançlarımı;

Beni bensiz bıraktın; beni sensiz bıraktın.

 Ümit Yaşar Oğuzcan

Kayıt Tarihi : 13.9.2000 05:48:00",,,,Belirsiz,29
67,Köpek Yalnızlığım,https://www.antoloji.com/kopek-yalnizligim-siiri/,"Benim yalnızlığım köpek yalnızlığı

Sürer bütün sokakları boyunca dünyanın

Nereye varsam

Orada yalnızlığı beni bekler bulurum
Her sabah evler boşalır

Bir sel akar sokaklardan caddelere

Ben kendi içimde kaybolurum

Ne gidecek yerim vardır ne bekliyenim

Gökyüzü saltanatım, dünya soframdır benim

Zamanlar geçer, mevsimler değişir

Değişmez benim kaderim

Görür yüzüme bakanlar ilk aldanmışlığımı

Söyler köpek yalnızlığımı gözlerim
Ne zaman ellerin elime değse

İnsan yüreğim o zaman çarpar

Yalnızlık bir o zaman terk eder beni

Tutar eşsiz gözlerin dağınık saçlarımdan

O ışıktan dünyasına sürükler beni

Ellerin bir bir ayıklar

Eski halimden ne kalmışsa

Doldurur sevgiyle, umutla, aşkla

Suyum çekilmişse, içim boşalmışsa

Verdiğin mutluluktan, sunduğun aydınlıktan

Bir anda değişir bakışlarım

Çözülmüş bir yumağı

Yeniden sarmaya başlarım
Işıkların demet demet

Denizlerin dalga dalga gelir üstüme

Yokluğun ölüme

Varlığın aşka çağırır bir yandan

Bilirim biraz sonra gideceksin

Saatleri durduramam

İnsanları öldüremem

Ne çare ben de güçsüzüm bir yerde

Kadere karşı duramam

Ve işte çirkin alınyazım

Sensizliğe mahkum eder

İşte o zaman

Yıkılmış bir şehirdir kalbim

İçinde baykuşlar öter
Dünyaya gelişimin

Kırkıncı yılına bir basamak kala

Bütün basamakların çöktüğünü hissederim

Dünyaya gelişimin

Kırkıncı yılına bir basamak kala

O kırk kuruş etmez kaderim

Her adım başında beni bir kere boğmaya başlar

Gözbebeklerim sönmeye

Ellerim soğumaya başlar

Taşlar yağar üstüme gökyüzünden

Uzun, sivri iğneler saplanır tenime

Bir kere daha içim isyanla dolar

Bir kere daha lanet ederim dünyaya geldiğime
Kapını açık tut, pencereni kapatma

Yarın evinin önünden ben geçeceğim

O zaman

Duvarların ağladığını duyacaksın
İlk çağırışımda gel

İkincisinde çok geç olabilir

Ve ben ilk çağırışında geleceğim

İkincisinde çok geç olabilir

Kimbilir nasılım ve nerdeyim

Bulursan ne olur beni bırakma

Bulamazsan aradığın yerdeyim

Hani o toprakla denizin kesiştiği

Kumların üzerine yorgun gölgelerin düştüğü

Sevenlerin ürkek adımlarla buluştuğu o yerde
Yoksul rıhtımlarda köhne gemiler

Benden bir parça koparıp gider

Ben hep böyle yarım, ben böyle kırık dökük

Ne olur beni bırakma bulunca

Ve ilk çağırışımda gel

Sarsın krallığım yeryüzünü bir uçtan bir uca
Elini uzatsan tutacaksın

Yakındayım

Baksan göreceksin

Görsen seveceksin

Aradığın benden başkası değil

Farkındayım

Benim yüreğim değil

Kayan bir zamandır avuçlarından

Uzat ellerini susadım

Güzelliğin

Bir eski şarap gibi sızıyor parmak uçlarından
Gel diyorum

İlk çağırışımda gel

Gel ki

Aydınlığında

Bütün geceler gündüz olsun

Dinle, uzak bir saat onikiyi çalıyor

Ne güç anlamıyor musun

Bir ömür boyu arayıp da seni bulmamak

Ben yokluğunda böyle yok, böyle yoksun

Ben yokluğunda böyle paramparça

Sensiz olmak hiç olmamak
(İstanbul, 1965)

 Ümit Yaşar Oğuzcan

Kayıt Tarihi : 9.5.2001 13:51:00",,,,Belirsiz,397
68,Köpek Yalnızlığım,https://www.antoloji.com/kopek-yalnizligim-siiri/?siralama=p,"Benim yalnızlığım köpek yalnızlığı

Sürer bütün sokakları boyunca dünyanın

Nereye varsam

Orada yalnızlığı beni bekler bulurum
Her sabah evler boşalır

Bir sel akar sokaklardan caddelere

Ben kendi içimde kaybolurum

Ne gidecek yerim vardır ne bekliyenim

Gökyüzü saltanatım, dünya soframdır benim

Zamanlar geçer, mevsimler değişir

Değişmez benim kaderim

Görür yüzüme bakanlar ilk aldanmışlığımı

Söyler köpek yalnızlığımı gözlerim
Ne zaman ellerin elime değse

İnsan yüreğim o zaman çarpar

Yalnızlık bir o zaman terk eder beni

Tutar eşsiz gözlerin dağınık saçlarımdan

O ışıktan dünyasına sürükler beni

Ellerin bir bir ayıklar

Eski halimden ne kalmışsa

Doldurur sevgiyle, umutla, aşkla

Suyum çekilmişse, içim boşalmışsa

Verdiğin mutluluktan, sunduğun aydınlıktan

Bir anda değişir bakışlarım

Çözülmüş bir yumağı

Yeniden sarmaya başlarım
Işıkların demet demet

Denizlerin dalga dalga gelir üstüme

Yokluğun ölüme

Varlığın aşka çağırır bir yandan

Bilirim biraz sonra gideceksin

Saatleri durduramam

İnsanları öldüremem

Ne çare ben de güçsüzüm bir yerde

Kadere karşı duramam

Ve işte çirkin alınyazım

Sensizliğe mahkum eder

İşte o zaman

Yıkılmış bir şehirdir kalbim

İçinde baykuşlar öter
Dünyaya gelişimin

Kırkıncı yılına bir basamak kala

Bütün basamakların çöktüğünü hissederim

Dünyaya gelişimin

Kırkıncı yılına bir basamak kala

O kırk kuruş etmez kaderim

Her adım başında beni bir kere boğmaya başlar

Gözbebeklerim sönmeye

Ellerim soğumaya başlar

Taşlar yağar üstüme gökyüzünden

Uzun, sivri iğneler saplanır tenime

Bir kere daha içim isyanla dolar

Bir kere daha lanet ederim dünyaya geldiğime
Kapını açık tut, pencereni kapatma

Yarın evinin önünden ben geçeceğim

O zaman

Duvarların ağladığını duyacaksın
İlk çağırışımda gel

İkincisinde çok geç olabilir

Ve ben ilk çağırışında geleceğim

İkincisinde çok geç olabilir

Kimbilir nasılım ve nerdeyim

Bulursan ne olur beni bırakma

Bulamazsan aradığın yerdeyim

Hani o toprakla denizin kesiştiği

Kumların üzerine yorgun gölgelerin düştüğü

Sevenlerin ürkek adımlarla buluştuğu o yerde
Yoksul rıhtımlarda köhne gemiler

Benden bir parça koparıp gider

Ben hep böyle yarım, ben böyle kırık dökük

Ne olur beni bırakma bulunca

Ve ilk çağırışımda gel

Sarsın krallığım yeryüzünü bir uçtan bir uca
Elini uzatsan tutacaksın

Yakındayım

Baksan göreceksin

Görsen seveceksin

Aradığın benden başkası değil

Farkındayım

Benim yüreğim değil

Kayan bir zamandır avuçlarından

Uzat ellerini susadım

Güzelliğin

Bir eski şarap gibi sızıyor parmak uçlarından
Gel diyorum

İlk çağırışımda gel

Gel ki

Aydınlığında

Bütün geceler gündüz olsun

Dinle, uzak bir saat onikiyi çalıyor

Ne güç anlamıyor musun

Bir ömür boyu arayıp da seni bulmamak

Ben yokluğunda böyle yok, böyle yoksun

Ben yokluğunda böyle paramparça

Sensiz olmak hiç olmamak
(İstanbul, 1965)

 Ümit Yaşar Oğuzcan

Kayıt Tarihi : 9.5.2001 13:51:00",,,,Belirsiz,397
69,Sevgi Çıkmazı,https://www.antoloji.com/sevgi-cikmazi-siiri/,"O artık benim için bir ölüdür demişsin

Seni bunca sevene acı bir sitem mi bu

Ayrılıklar içinde taş mı kesildi kalbin

Hiç unutmam dedigin günleri unuttun mu

Bir ev hatırlıyorum sonra küçük bir oda

Ve hazdan yeryüzünde kaybolmuş iki kişi

Ellerini sürdügün her şey güzel olmalı

İnan her gün yeniden yaşıyorum geçmişi

Degil seviştigimiz o essiz birkac ayı

Bir elmas parçasını ustaca işler gibi

Bir bir düşünüyorum geçen her dakikayı

Dilerim yeniden dog gel de güneşler gibi

Mahzun dudaklarımda aşkın ateşini yak

Sevenler için degil yaşarken ölü olmak

 Ümit Yaşar Oğuzcan

Kayıt Tarihi : 11.8.2000 15:53:00",,,,Belirsiz,96
70,Sevgi Çıkmazı,https://www.antoloji.com/sevgi-cikmazi-siiri/?siralama=p,"O artık benim için bir ölüdür demişsin

Seni bunca sevene acı bir sitem mi bu

Ayrılıklar içinde taş mı kesildi kalbin

Hiç unutmam dedigin günleri unuttun mu

Bir ev hatırlıyorum sonra küçük bir oda

Ve hazdan yeryüzünde kaybolmuş iki kişi

Ellerini sürdügün her şey güzel olmalı

İnan her gün yeniden yaşıyorum geçmişi

Degil seviştigimiz o essiz birkac ayı

Bir elmas parçasını ustaca işler gibi

Bir bir düşünüyorum geçen her dakikayı

Dilerim yeniden dog gel de güneşler gibi

Mahzun dudaklarımda aşkın ateşini yak

Sevenler için degil yaşarken ölü olmak

 Ümit Yaşar Oğuzcan

Kayıt Tarihi : 11.8.2000 15:53:00",,,,Belirsiz,96
71,Bana Bir Şarkı Söyle,https://www.antoloji.com/bana-bir-sarki-soyle-siiri/,"Özledim sesini ne olur konuş

Bir gül açtır zamanların ötesinden

Karanlıklar içindeyim, kapkarayım bugün gel

Gök mavisinden, deniz mavisinden

Bana bir şarkı söyle

İçimde bir şey kımıldıyor

Gözlerim kan çanağı, yorgunum, uykusuzum

Bir baksana ne haldeyim deli divane

Yaralıyım, çaresizim umutsuzum

Bana bir şarkı söyle

Yağmur ol yağ üstüme, güneş ol ısıt

Dökül karanlığıma ışıklar gibi

Al beni, en uzaklara götür

Sesin, aksin içimde bir pınar gibi

Bana bir şarkı söyle

Bütün renkleri kat birbirine

Buram buram bir turuncu getir geçen yazdan

Bir tüy gibi, bir bahar dalı gibi

Hafiften, inceden, güzelden, en beyazdan

Bana bir şarkı söyle

Yağan kar nasıl hazin yağar bilirsin

Kurşuni bir gökyüzünden ağlamaklı

İşte öyleyim, kapkarayım bu gün gel

En hüzünlü sesinle, en dokunaklı

Bana bir şarkı söyle

 Ümit Yaşar Oğuzcan

Kayıt Tarihi : 28.8.2000 17:00:00",,,,Belirsiz,131
72,Bana Bir Şarkı Söyle,https://www.antoloji.com/bana-bir-sarki-soyle-siiri/?siralama=p,"Özledim sesini ne olur konuş

Bir gül açtır zamanların ötesinden

Karanlıklar içindeyim, kapkarayım bugün gel

Gök mavisinden, deniz mavisinden

Bana bir şarkı söyle

İçimde bir şey kımıldıyor

Gözlerim kan çanağı, yorgunum, uykusuzum

Bir baksana ne haldeyim deli divane

Yaralıyım, çaresizim umutsuzum

Bana bir şarkı söyle

Yağmur ol yağ üstüme, güneş ol ısıt

Dökül karanlığıma ışıklar gibi

Al beni, en uzaklara götür

Sesin, aksin içimde bir pınar gibi

Bana bir şarkı söyle

Bütün renkleri kat birbirine

Buram buram bir turuncu getir geçen yazdan

Bir tüy gibi, bir bahar dalı gibi

Hafiften, inceden, güzelden, en beyazdan

Bana bir şarkı söyle

Yağan kar nasıl hazin yağar bilirsin

Kurşuni bir gökyüzünden ağlamaklı

İşte öyleyim, kapkarayım bu gün gel

En hüzünlü sesinle, en dokunaklı

Bana bir şarkı söyle

 Ümit Yaşar Oğuzcan

Kayıt Tarihi : 28.8.2000 17:00:00",,,,Belirsiz,131
73,Adak,https://www.antoloji.com/adak-siiri/,"Sana şiirler okuyacağım, gitme

Güneşler doğacak yalnızlığımdan

sana bir ışık getireceğim

Büyük aydınlığımdan
Sana bir dolu umut getireceğim

Küçük ellerine sığmayacak

Sana Afrika gecelerini getireceğim

Sımsıcak
Sana çiçekler getireceğim

Bozulmuş güz bahçelerinden

Sana bir serinlik getireceğim

Yağmur tanelerinden
Sana avuç avuç yıldız getireceğim

Güneşimden başka

Sana engin denizlerin maviliğini getireceğim

Köpük köpük dalga dalga
Sana bir rüzgar getireceğim

Dağlardan, tepelerden

Gitme, sana zamanı getireceğim

Zamanın bittiği yerden

 Ümit Yaşar Oğuzcan

Kayıt Tarihi : 28.8.2000 16:24:00",,,,Belirsiz,75
74,Adak,https://www.antoloji.com/adak-siiri/?siralama=p,"Sana şiirler okuyacağım, gitme

Güneşler doğacak yalnızlığımdan

sana bir ışık getireceğim

Büyük aydınlığımdan
Sana bir dolu umut getireceğim

Küçük ellerine sığmayacak

Sana Afrika gecelerini getireceğim

Sımsıcak
Sana çiçekler getireceğim

Bozulmuş güz bahçelerinden

Sana bir serinlik getireceğim

Yağmur tanelerinden
Sana avuç avuç yıldız getireceğim

Güneşimden başka

Sana engin denizlerin maviliğini getireceğim

Köpük köpük dalga dalga
Sana bir rüzgar getireceğim

Dağlardan, tepelerden

Gitme, sana zamanı getireceğim

Zamanın bittiği yerden

 Ümit Yaşar Oğuzcan

Kayıt Tarihi : 28.8.2000 16:24:00",,,,Belirsiz,75
75,Andıkça,https://www.antoloji.com/andikca-siiri/,"Anı Şair: Ümit Yaşar Oğuzcan Altıncı Mektup
Andıkça 
Ne zaman seni düşünsem içim ürperir, 

Seninle gecen her saat, her gün gelir aklıma. 

Bir akşam vakti gelir bir deniz kıyısı gelir, 

O eşsiz hatıralar bütün gelir aklıma. 
Ne yapsam unutamam yaşadığımızı, 

Sevgindi sevgilerin en yalansızı. 

Şimdi nerede bir gül görsem kırmızı, 

Dudaklarımı uzun uzun öptüğün gelir aklıma. 
Bir çıban büyürcesine ortasında gecenin, 

Dolar yüreğime hüznü seni sevmenin. 

Dünyada ne benim yerim var artık ne senin, 

Ağlarım başucunda ölümün gelir aklıma.

 Ümit Yaşar Oğuzcan

Kayıt Tarihi : 28.8.2000 16:31:00",,,,Belirsiz,87
76,Andıkça,https://www.antoloji.com/andikca-siiri/?siralama=p,"Anı Şair: Ümit Yaşar Oğuzcan Altıncı Mektup
Andıkça 
Ne zaman seni düşünsem içim ürperir, 

Seninle gecen her saat, her gün gelir aklıma. 

Bir akşam vakti gelir bir deniz kıyısı gelir, 

O eşsiz hatıralar bütün gelir aklıma. 
Ne yapsam unutamam yaşadığımızı, 

Sevgindi sevgilerin en yalansızı. 

Şimdi nerede bir gül görsem kırmızı, 

Dudaklarımı uzun uzun öptüğün gelir aklıma. 
Bir çıban büyürcesine ortasında gecenin, 

Dolar yüreğime hüznü seni sevmenin. 

Dünyada ne benim yerim var artık ne senin, 

Ağlarım başucunda ölümün gelir aklıma.

 Ümit Yaşar Oğuzcan

Kayıt Tarihi : 28.8.2000 16:31:00",,,,Belirsiz,87
77,Her Gece Sen,https://www.antoloji.com/her-gece-sen-siiri/,"Her gece sen girersin rüyalarıma

Her gece sen...

Paramparça olur uykularım

Karanlığın en koyulaştığı yerde

Kapının çalındığını duyarım

Açınca soğuk bir rüzgar çarpar yüzüme

Sen yoksun...

Kilitlenir dudaklarım

Gözlerim karanlıklarda boşuna arar seni

Sen yoksun...

Yalnızlığımı kadehlere doldurup

Tek başıma içmeliyim bu gece

Kırmalıyım kitapları

Evleri ateşe vermeliyim

Sen yoksun...

Zaman gitgide uzar

Altmış saniye bir dakika

Altmış dakika bir saat

Ve sabahın olmasına daha beş saat var

Beklemek bir çeşit ölmektir

Sen yoksun...

Bu bana her gece binlerce ölüm demektir.
Neden ayrılsın ellerimiz her akşam üstü? 

Gözlerime acı bir karanlık düşsün

Bir vapur alsın götürsün seni

Ben vapurlar dolusu kederimle yapayalnızım

Sen uzak bir körfezde özlemli, dalgın

Kıyılarına çarpıp ağladığı yerde dalgaların

Neden ay karşılardan yükseldiği zaman, 

Başın omuzlarımda olmasın? 

Neden ellerin avuçlarımda değil? 

Neden gözlerim aradığı zaman gözlerini bulmasın? 
Durup durup beni bu çaresizlik hançerliyor

Bu yolların bir yerde ayrılması, 

Uzayan kilometreler...

O sefil, anlayışsız bakışları insanların

Dünya, o eski dünya değil

Tanrı'ysa çoktan unuttu bizi

Şu uçsuz bucaksız evrende

Ne derdimizi dinleyen, 

Ne de bir anlayan var sevgimizi.
İki ömür değil, 

İki ayrı ve büyük yalnızlıktır yaşadığımız.

Her şey aslında başka renkte.

Vernikli eşyalar, vernikli yüzler...

Altından yer yer sırıtan bir yoksulluk

Yalan üstüne yalan, 

Oyun içinde oyun...

Her şey bir yerde anlamsız ve boş

Gerçek olan şimdi senin yokluğun
Senin varlığını özledim duyuyormusun? 

Bak nasıl artıyor ellerimin sıcaklığı

Dinle bak nasıl çarpıyor yüreğim

Bütün sokaklarında bu şehrin sana koşuyorum

Seni soruyorum gelip geçene, 

'Görmedik', diyorlar.

Anlamıyorlar seni nasıl özlediğimi, 

Nasıl sevdiğimi bilmiyorlar.

Volkanlar tutuşuyor, 

Ormanlar yanıyor içimde.

Her gece milyonların uyuduğu bir anda, 

Devler uyanıyor içimde.
Seni düşünüyorum, 

Karanlıklar içinden özlemli sesin geliyor.

Bir ışık yanıyor çok uzaklarda, 

Çorak topraklarımın üzerinden bir bulut geçiyor.

Şimdi umutlarım, 

Varılmaz uçurum diplerinde

Korkunç, karanlık mağaralarda hayallerim.

Derin bir kuyudan su çekercesine, 

Zamandan ve mesafelerden seni çekiyor ellerim.

Sen her zaman olduğun gibi

Yine o en güzel, en değerli...

Benimse ellerim sımsıcak, 

Dudaklarım nemli, 

Özlediğim herşeyimle

Kopup en yüksek tepelerden

Bir çığ gibi sana geliyorum.

Sonra dağlar çöküyor ansızın, 

Ağaçlar devriliyor, 

Evler yıkılıyor, 

Altında kalıyorum...
Kırık bir heykel, 

Parçasını arıyor her gece.

Bir şarkı notasını...

Bir tablo renklerini...

Ağaç yapraklarını...

Vazo çiçeklerini...

Ve bir adam, 

Her gece yollara düşüp, 

Yana yakıla seni arıyor...

Mağrur gözleri ıslak, 

İlk defa ağlıyor bu adam, 

'Gel ' diye, 

İlk defa yalvarıyor...
Ben her gece, 

Gözlerim tavanda bir noktaya dikilmiş, 

Seni düşünüyorum.

Ve sen o saatlerde, 

Benim görmediğim rüyaları görüyorsun.

Bir böcek giriyor kafatasıma...

Her gece sen, 

Bir cinnet gibi, 

Kanıma yürüyorsun...

 Ümit Yaşar Oğuzcan

Kayıt Tarihi : 23.2.2001 16:10:00",,,,Belirsiz,415
78,Her Gece Sen,https://www.antoloji.com/her-gece-sen-siiri/?siralama=p,"Her gece sen girersin rüyalarıma

Her gece sen...

Paramparça olur uykularım

Karanlığın en koyulaştığı yerde

Kapının çalındığını duyarım

Açınca soğuk bir rüzgar çarpar yüzüme

Sen yoksun...

Kilitlenir dudaklarım

Gözlerim karanlıklarda boşuna arar seni

Sen yoksun...

Yalnızlığımı kadehlere doldurup

Tek başıma içmeliyim bu gece

Kırmalıyım kitapları

Evleri ateşe vermeliyim

Sen yoksun...

Zaman gitgide uzar

Altmış saniye bir dakika

Altmış dakika bir saat

Ve sabahın olmasına daha beş saat var

Beklemek bir çeşit ölmektir

Sen yoksun...

Bu bana her gece binlerce ölüm demektir.
Neden ayrılsın ellerimiz her akşam üstü? 

Gözlerime acı bir karanlık düşsün

Bir vapur alsın götürsün seni

Ben vapurlar dolusu kederimle yapayalnızım

Sen uzak bir körfezde özlemli, dalgın

Kıyılarına çarpıp ağladığı yerde dalgaların

Neden ay karşılardan yükseldiği zaman, 

Başın omuzlarımda olmasın? 

Neden ellerin avuçlarımda değil? 

Neden gözlerim aradığı zaman gözlerini bulmasın? 
Durup durup beni bu çaresizlik hançerliyor

Bu yolların bir yerde ayrılması, 

Uzayan kilometreler...

O sefil, anlayışsız bakışları insanların

Dünya, o eski dünya değil

Tanrı'ysa çoktan unuttu bizi

Şu uçsuz bucaksız evrende

Ne derdimizi dinleyen, 

Ne de bir anlayan var sevgimizi.
İki ömür değil, 

İki ayrı ve büyük yalnızlıktır yaşadığımız.

Her şey aslında başka renkte.

Vernikli eşyalar, vernikli yüzler...

Altından yer yer sırıtan bir yoksulluk

Yalan üstüne yalan, 

Oyun içinde oyun...

Her şey bir yerde anlamsız ve boş

Gerçek olan şimdi senin yokluğun
Senin varlığını özledim duyuyormusun? 

Bak nasıl artıyor ellerimin sıcaklığı

Dinle bak nasıl çarpıyor yüreğim

Bütün sokaklarında bu şehrin sana koşuyorum

Seni soruyorum gelip geçene, 

'Görmedik', diyorlar.

Anlamıyorlar seni nasıl özlediğimi, 

Nasıl sevdiğimi bilmiyorlar.

Volkanlar tutuşuyor, 

Ormanlar yanıyor içimde.

Her gece milyonların uyuduğu bir anda, 

Devler uyanıyor içimde.
Seni düşünüyorum, 

Karanlıklar içinden özlemli sesin geliyor.

Bir ışık yanıyor çok uzaklarda, 

Çorak topraklarımın üzerinden bir bulut geçiyor.

Şimdi umutlarım, 

Varılmaz uçurum diplerinde

Korkunç, karanlık mağaralarda hayallerim.

Derin bir kuyudan su çekercesine, 

Zamandan ve mesafelerden seni çekiyor ellerim.

Sen her zaman olduğun gibi

Yine o en güzel, en değerli...

Benimse ellerim sımsıcak, 

Dudaklarım nemli, 

Özlediğim herşeyimle

Kopup en yüksek tepelerden

Bir çığ gibi sana geliyorum.

Sonra dağlar çöküyor ansızın, 

Ağaçlar devriliyor, 

Evler yıkılıyor, 

Altında kalıyorum...
Kırık bir heykel, 

Parçasını arıyor her gece.

Bir şarkı notasını...

Bir tablo renklerini...

Ağaç yapraklarını...

Vazo çiçeklerini...

Ve bir adam, 

Her gece yollara düşüp, 

Yana yakıla seni arıyor...

Mağrur gözleri ıslak, 

İlk defa ağlıyor bu adam, 

'Gel ' diye, 

İlk defa yalvarıyor...
Ben her gece, 

Gözlerim tavanda bir noktaya dikilmiş, 

Seni düşünüyorum.

Ve sen o saatlerde, 

Benim görmediğim rüyaları görüyorsun.

Bir böcek giriyor kafatasıma...

Her gece sen, 

Bir cinnet gibi, 

Kanıma yürüyorsun...

 Ümit Yaşar Oğuzcan

Kayıt Tarihi : 23.2.2001 16:10:00",,,,Belirsiz,415
79,Aşk Şairi,https://www.antoloji.com/ask-sairi-siiri/,"Acılar vardır, bir de çaresizlikler

Ne zaman başladıysa benim öyküm

Yürüdük, kim bilir kaç yıl beraber

Bir yanımda aşk, bir yanımda olum

Durup kirlendim yaşadıkça

Aşktı beni yıkayan, Arıtan su

Dünyamı saran bir uçtan bir uca

Hep o bir gün sevememek korkusu

Ben kalbimi o taşlarda biledim

Butun pisliklerini yeryüzünun

Kazıdım hançerimle yeniledim

Son dakikasında bile ömrümün

Ben Tanrıdan başka bir şey istemem

Her sevgiye acık olsun pencerem

 Ümit Yaşar Oğuzcan

Kayıt Tarihi : 28.8.2000 16:40:00",,,,Belirsiz,76
80,Aşk Şairi,https://www.antoloji.com/ask-sairi-siiri/?siralama=p,"Acılar vardır, bir de çaresizlikler

Ne zaman başladıysa benim öyküm

Yürüdük, kim bilir kaç yıl beraber

Bir yanımda aşk, bir yanımda olum

Durup kirlendim yaşadıkça

Aşktı beni yıkayan, Arıtan su

Dünyamı saran bir uçtan bir uca

Hep o bir gün sevememek korkusu

Ben kalbimi o taşlarda biledim

Butun pisliklerini yeryüzünun

Kazıdım hançerimle yeniledim

Son dakikasında bile ömrümün

Ben Tanrıdan başka bir şey istemem

Her sevgiye acık olsun pencerem

 Ümit Yaşar Oğuzcan

Kayıt Tarihi : 28.8.2000 16:40:00",,,,Belirsiz,76
81,Abanoz Sokağı,https://www.antoloji.com/abanoz-sokagi-siiri/,"Kirli çarşaflar ağardı karanlıktan

Abanoz sokağında akşam olmaktadır

Alçacık sedirlerde üryan kadınlar

Kötü kadınlar, kederli kadınlar

Çaresiz yalnızlıklar içinde

Sığınmış merhametine kederin

Kan gibi, irin gibi kadınlar
Ezilmiş bir çiçeğe benzer kalpleri

Gözbebeklerinde saadetten eser yok

Bekleşirler gelecek ilk sevgiliyi

Bu umutla sürüklenir sofalarda ayaklar

Sahipsiz ayaklar, zavallı ayaklar

Ayaklar çeker ağırlığını kaldırımların

Sürer ayakların çilesi mezara kadar
Soğuk ürpertileri içinde kimsesizliğin

Yorgun yatağında bir kadın ağlar

Günahkar dudakları kıpkırmızı

Sürmeli gözlerinde mor mor halkalar

Bir aksiseda gibi dağılır aynalarda

'Biraz aşk, biraz heyecan, biraz ümit'

Böylece hayat geçip gider loş odalarda
Solar güneş ışığı çiçekli basmalarda

Boyanır efkarlı yüzler ağır ağır

Kalçaları çürük içinde bir kötü kadın

Unutulmuş türküler söyler hafiften

Basık tavanlı odalar aydınlanır

Alçacık sedirlerde üryan kadınlar

Abanoz sokağında akşam olmaktadır

 Ümit Yaşar Oğuzcan

Kayıt Tarihi : 1.12.2001 05:10:00",,,,Belirsiz,132
82,Abanoz Sokağı,https://www.antoloji.com/abanoz-sokagi-siiri/?siralama=p,"Kirli çarşaflar ağardı karanlıktan

Abanoz sokağında akşam olmaktadır

Alçacık sedirlerde üryan kadınlar

Kötü kadınlar, kederli kadınlar

Çaresiz yalnızlıklar içinde

Sığınmış merhametine kederin

Kan gibi, irin gibi kadınlar
Ezilmiş bir çiçeğe benzer kalpleri

Gözbebeklerinde saadetten eser yok

Bekleşirler gelecek ilk sevgiliyi

Bu umutla sürüklenir sofalarda ayaklar

Sahipsiz ayaklar, zavallı ayaklar

Ayaklar çeker ağırlığını kaldırımların

Sürer ayakların çilesi mezara kadar
Soğuk ürpertileri içinde kimsesizliğin

Yorgun yatağında bir kadın ağlar

Günahkar dudakları kıpkırmızı

Sürmeli gözlerinde mor mor halkalar

Bir aksiseda gibi dağılır aynalarda

'Biraz aşk, biraz heyecan, biraz ümit'

Böylece hayat geçip gider loş odalarda
Solar güneş ışığı çiçekli basmalarda

Boyanır efkarlı yüzler ağır ağır

Kalçaları çürük içinde bir kötü kadın

Unutulmuş türküler söyler hafiften

Basık tavanlı odalar aydınlanır

Alçacık sedirlerde üryan kadınlar

Abanoz sokağında akşam olmaktadır

 Ümit Yaşar Oğuzcan

Kayıt Tarihi : 1.12.2001 05:10:00",,,,Belirsiz,132
83,Dostlar Seni Unutur Mu,https://www.antoloji.com/dostlar-seni-unutur-mu-siiri/,"Doldurulmaz yerin senin

Dostlar seni unutur mu?

Hiç sönmezdi nurun senin

Dostlar seni unutur mu?
Tertemiz bir özün vardı

Apaydınlık yüzün vardı

Söylenecek sözün vardı

Dostlar seni unutur mu?
Her gerçeği gören sendin

Aşk sırrına eren sendin

Gönüllere giren sendin

Dostlar seni unutur mu?
Çektin, yazdın ve söyledin

Verdin, almak istemedin

Sadık yarim toprak dedin

Dostlar seni unutur mu?
Hiç kimseyi incitmedin

Kalp kırmadın, kin gütmedin

Dostlarını unutmadın

Dostlar seni unutur mu?
Şiirde sağlam temeldin

İnsanlıkta en güzeldin

Biz bir UMIT, sen VEYSEL’DİN

Dostlar seni unutur mu?

 Ümit Yaşar Oğuzcan

Kayıt Tarihi : 28.8.2000 19:19:00",,,,Belirsiz,95
84,Dostlar Seni Unutur Mu,https://www.antoloji.com/dostlar-seni-unutur-mu-siiri/?siralama=p,"Doldurulmaz yerin senin

Dostlar seni unutur mu?

Hiç sönmezdi nurun senin

Dostlar seni unutur mu?
Tertemiz bir özün vardı

Apaydınlık yüzün vardı

Söylenecek sözün vardı

Dostlar seni unutur mu?
Her gerçeği gören sendin

Aşk sırrına eren sendin

Gönüllere giren sendin

Dostlar seni unutur mu?
Çektin, yazdın ve söyledin

Verdin, almak istemedin

Sadık yarim toprak dedin

Dostlar seni unutur mu?
Hiç kimseyi incitmedin

Kalp kırmadın, kin gütmedin

Dostlarını unutmadın

Dostlar seni unutur mu?
Şiirde sağlam temeldin

İnsanlıkta en güzeldin

Biz bir UMIT, sen VEYSEL’DİN

Dostlar seni unutur mu?

 Ümit Yaşar Oğuzcan

Kayıt Tarihi : 28.8.2000 19:19:00",,,,Belirsiz,95
85,Bir Gün,https://www.antoloji.com/bir-gun-3-siiri/,"Apansız uyanırsan gecenin bir yerinde

Gözlerin uzun uzun karanlığa dalarsa

Bir sıcaklık duyarsan üşüyen ellerinde

Ve saatler gecikmiş zamanları çalarsa

Bil ki seni düşünüyorum
Bir vapur yanaşırsa rıhtımına bin, acil

Örtün karanlıkları masmavi denizlerde

Ve dinle kalbimi bak nasıl çarpıyor nasıl

O bütün özlemlerin koyulaştığı yerde

Bil ki seni bekliyorum
Bir sabah gün doğarken aç perdelerini, bak

Sevinçle balkonuna konuyorsa martılar

Kendini tadılmamış derin bir hazza bırak

Dökülsün dudağından en umutlu şarkılar

Bil ki seni istiyorum
Gecelerden bir gece uyanırsan apansız

Uzaklarda elemli, garip bir kuş öterse

Bir ceylan ağlıyorsa dağlarda yapayalnız

Ve bir gün kabrimde bir kara gül biterse

Bil ki seni seviyorum

 Ümit Yaşar Oğuzcan

Kayıt Tarihi : 28.8.2000 18:42:00",,Bir Gün Anlarsın,1965.0,Olgunluk Dönemi (1963–1972),112
86,Bir Gün,https://www.antoloji.com/bir-gun-3-siiri/?siralama=p,"Apansız uyanırsan gecenin bir yerinde

Gözlerin uzun uzun karanlığa dalarsa

Bir sıcaklık duyarsan üşüyen ellerinde

Ve saatler gecikmiş zamanları çalarsa

Bil ki seni düşünüyorum
Bir vapur yanaşırsa rıhtımına bin, acil

Örtün karanlıkları masmavi denizlerde

Ve dinle kalbimi bak nasıl çarpıyor nasıl

O bütün özlemlerin koyulaştığı yerde

Bil ki seni bekliyorum
Bir sabah gün doğarken aç perdelerini, bak

Sevinçle balkonuna konuyorsa martılar

Kendini tadılmamış derin bir hazza bırak

Dökülsün dudağından en umutlu şarkılar

Bil ki seni istiyorum
Gecelerden bir gece uyanırsan apansız

Uzaklarda elemli, garip bir kuş öterse

Bir ceylan ağlıyorsa dağlarda yapayalnız

Ve bir gün kabrimde bir kara gül biterse

Bil ki seni seviyorum

 Ümit Yaşar Oğuzcan

Kayıt Tarihi : 28.8.2000 18:42:00",,Bir Gün Anlarsın,1965.0,Olgunluk Dönemi (1963–1972),112
87,A,https://www.antoloji.com/a-3-siiri/,"Senin aydınlığın yetişir bana

Güneşi istemiyorum

Yıldızları istemiyorum

Açma perdeleri

Ben bu karanlığı seviyorum

Ben yalnızlığı bu geceleri
Karanlıklar benim için yaratıldı A

Aydınlıklar senin için

Sen olmasan B'ler C'ler D'ler olmazdı

Ben olmazdım

Bu mavi gökyüzü

Bu yeşil deniz olmazdı
Z'ye kadar yürüdüm bir akşam

Allı morlu ağaçlar gördüm

Akça pakça kadınlar gördüm

Yine seni unutamadım A
Senin aydınlığın yetişir bana

Yum gözlerini üçe kadar say

Bütn B'leri C'leri A

Bütün akları kara yapacağım

 Ümit Yaşar Oğuzcan

Kayıt Tarihi : 2.9.2002 05:00:00",,Bir Gün Anlarsın,1965.0,Olgunluk Dönemi (1963–1972),83
88,A,https://www.antoloji.com/a-3-siiri/?siralama=p,"Senin aydınlığın yetişir bana

Güneşi istemiyorum

Yıldızları istemiyorum

Açma perdeleri

Ben bu karanlığı seviyorum

Ben yalnızlığı bu geceleri
Karanlıklar benim için yaratıldı A

Aydınlıklar senin için

Sen olmasan B'ler C'ler D'ler olmazdı

Ben olmazdım

Bu mavi gökyüzü

Bu yeşil deniz olmazdı
Z'ye kadar yürüdüm bir akşam

Allı morlu ağaçlar gördüm

Akça pakça kadınlar gördüm

Yine seni unutamadım A
Senin aydınlığın yetişir bana

Yum gözlerini üçe kadar say

Bütn B'leri C'leri A

Bütün akları kara yapacağım

 Ümit Yaşar Oğuzcan

Kayıt Tarihi : 2.9.2002 05:00:00",,Bir Gün Anlarsın,1965.0,Olgunluk Dönemi (1963–1972),83
89,Zaman İçinde,https://www.antoloji.com/zaman-icinde-siiri/,"Bak! İşte gizleri yaşamın, işte mutluluk

Gülümsüyor bir kapı aralıgından

Ellerimizi uzatsak tutabiliriz belki

Şimdi ya da hiç bir zaman
Unuttugum bir şarkı mı? neydi o

Çok eskilerde düşmezdi agzımdan

Birlikte yine söyleyebiliriz belki

Şimdi ya da hiç bir zaman
Gülen bir çocuk vardı yıllarca önce

Düşleriyle bulutlar üstünde yaşayan

Belki bir kez daha yaşarız o günleri

Şimdi ya da hiç bir zaman
Nasıl da yandı bir anda. Görüyor musun?

Dev agaçlarıyla o içimizdeki orman

Yanmamış bir yer buluruz belki, ararsak

Şimdi ya da hiç bir zaman
Kişi sımsıkı sarılıyor bulduklarına

Umutların bir rüzgarla savruldugu an

Yine de bir şeyler kurtarabiliriz belki

Şimdi ya da hiç bir zaman
Her şey bize biz kadar yabancı artık

Giderek yitiyor zaman içinde insan

Oysa ki, çagları aşabiliriz birlikte, gel

Şimdi ya da hiç bir zaman

 Ümit Yaşar Oğuzcan

Kayıt Tarihi : 11.8.2000 15:54:00",,,,Belirsiz,140
90,Zaman İçinde,https://www.antoloji.com/zaman-icinde-siiri/?siralama=p,"Bak! İşte gizleri yaşamın, işte mutluluk

Gülümsüyor bir kapı aralıgından

Ellerimizi uzatsak tutabiliriz belki

Şimdi ya da hiç bir zaman
Unuttugum bir şarkı mı? neydi o

Çok eskilerde düşmezdi agzımdan

Birlikte yine söyleyebiliriz belki

Şimdi ya da hiç bir zaman
Gülen bir çocuk vardı yıllarca önce

Düşleriyle bulutlar üstünde yaşayan

Belki bir kez daha yaşarız o günleri

Şimdi ya da hiç bir zaman
Nasıl da yandı bir anda. Görüyor musun?

Dev agaçlarıyla o içimizdeki orman

Yanmamış bir yer buluruz belki, ararsak

Şimdi ya da hiç bir zaman
Kişi sımsıkı sarılıyor bulduklarına

Umutların bir rüzgarla savruldugu an

Yine de bir şeyler kurtarabiliriz belki

Şimdi ya da hiç bir zaman
Her şey bize biz kadar yabancı artık

Giderek yitiyor zaman içinde insan

Oysa ki, çagları aşabiliriz birlikte, gel

Şimdi ya da hiç bir zaman

 Ümit Yaşar Oğuzcan

Kayıt Tarihi : 11.8.2000 15:54:00",,,,Belirsiz,140
91,Üstüme Varma İstanbul,https://www.antoloji.com/ustume-varma-istanbul-siiri/,"Sana geldim içim ümitlerle dolu

Beni sarhoş etme İstanbul,ne olur

Bir gün ben de eririrm caddelerinde

Çürür kemiklerim adım unutulur
Yine sen kalırsın dipdiri,sımsıcak

Göğün bulutların,denizlerin kalır

Oynama İstanbul,benimle oynama

Bir gün öldürür beni bu dert,bu kahır
Ezilmiş ellerimin arasında başım

Bu yeryüzünde başka çarem kalmamış

İşte gelip kapılarına dayanmışım
Karşında yıkılmış duvar gibiyim

Beni sarhoş etme,başım dönüyor

Üstüme varma İstanbul,kederliyim

 Ümit Yaşar Oğuzcan

Kayıt Tarihi : 17.6.2000 13:36:00",,Üstüme Varma İstanbul,1961.0,Erken Dönem (1947–1962),69
92,Üstüme Varma İstanbul,https://www.antoloji.com/ustume-varma-istanbul-siiri/?siralama=p,"Sana geldim içim ümitlerle dolu

Beni sarhoş etme İstanbul,ne olur

Bir gün ben de eririrm caddelerinde

Çürür kemiklerim adım unutulur
Yine sen kalırsın dipdiri,sımsıcak

Göğün bulutların,denizlerin kalır

Oynama İstanbul,benimle oynama

Bir gün öldürür beni bu dert,bu kahır
Ezilmiş ellerimin arasında başım

Bu yeryüzünde başka çarem kalmamış

İşte gelip kapılarına dayanmışım
Karşında yıkılmış duvar gibiyim

Beni sarhoş etme,başım dönüyor

Üstüme varma İstanbul,kederliyim

 Ümit Yaşar Oğuzcan

Kayıt Tarihi : 17.6.2000 13:36:00",,Üstüme Varma İstanbul,1961.0,Erken Dönem (1947–1962),69
93,Ben Eylül Sen Haziran,https://www.antoloji.com/ben-eylul-sen-haziran-siiri/,"Bir eylüldü başlayan içimde

Ağaçlar dökmüştü yapraklarını

Çimenler sararmıştı

Rengi solmuştu tüm çiçeklerin

Gökyüzünü kara bulutlar sarmıştı

Katar gidiyordu kuşlar uzaklara

Deli deli esiyordu rüzgar

Dağılmıştı yazdan kalan ne varsa

Yaşanmamış bir mevsim gibiydi bahar
Neydi o bir zamanlar

Sevmişliğim, sevilmişliğim

O heyheyler, o delişmenlikler neydi

Ne bu kadere boyun eğmişliğim

Ne bu acıdan korlaşan yürek

Ne bu kurumuş nehir; gözyaşım

Önümdeki diz boyu karanlıklar da ne

Ne bu ardımdaki kül yığını; elli yaşım
Beni kötü yakaladın haziran

Gamlı, yıkık eylül sonuma

Bir ilk yaz tazeliği getirdin

Masmavi göğünle

Cana can katan güneşinle

Pırıl pırıl engin denizinle girdin içime

Çiçekler açtı dokunduğun

Çimler büyüdü yürüdüğün

Ve güller katmer oldu güldüğün yerde
Başımda senin kuşların kanat çırpıyor şimdi

Oldurduğun yemişlerin ağırlığından

Dallarım yere değiyor

Güneşi batmadan saçlarının

Bir dolunay doğuyor bakışlarından

Gün boyu senden bir meltem esiyor yanan alnıma

Uykusuz gecelerim seninle apaydınlık

Başım dönüyor, of başım dönüyor yaşamaktan

Ölebilirim artık
Ölme diyorsan; gitme kal öyleyse

Sarıl sımsıkı, tenim ol, beni bırakma

Baksana; parmak uçlarım ateş

Lavlar fışkırıyor göz bebeklerimden

Hadi gel, tut ellerimi, benimle yan

Benimle meydan oku her çaresizliğe

Benimle uyu, benimle uyan

Birlikte varalım on üçüncü aylara

 Ümit Yaşar Oğuzcan

Kayıt Tarihi : 28.8.2000 17:05:00",,,,Belirsiz,197
94,Ben Eylül Sen Haziran,https://www.antoloji.com/ben-eylul-sen-haziran-siiri/?siralama=p,"Bir eylüldü başlayan içimde

Ağaçlar dökmüştü yapraklarını

Çimenler sararmıştı

Rengi solmuştu tüm çiçeklerin

Gökyüzünü kara bulutlar sarmıştı

Katar gidiyordu kuşlar uzaklara

Deli deli esiyordu rüzgar

Dağılmıştı yazdan kalan ne varsa

Yaşanmamış bir mevsim gibiydi bahar
Neydi o bir zamanlar

Sevmişliğim, sevilmişliğim

O heyheyler, o delişmenlikler neydi

Ne bu kadere boyun eğmişliğim

Ne bu acıdan korlaşan yürek

Ne bu kurumuş nehir; gözyaşım

Önümdeki diz boyu karanlıklar da ne

Ne bu ardımdaki kül yığını; elli yaşım
Beni kötü yakaladın haziran

Gamlı, yıkık eylül sonuma

Bir ilk yaz tazeliği getirdin

Masmavi göğünle

Cana can katan güneşinle

Pırıl pırıl engin denizinle girdin içime

Çiçekler açtı dokunduğun

Çimler büyüdü yürüdüğün

Ve güller katmer oldu güldüğün yerde
Başımda senin kuşların kanat çırpıyor şimdi

Oldurduğun yemişlerin ağırlığından

Dallarım yere değiyor

Güneşi batmadan saçlarının

Bir dolunay doğuyor bakışlarından

Gün boyu senden bir meltem esiyor yanan alnıma

Uykusuz gecelerim seninle apaydınlık

Başım dönüyor, of başım dönüyor yaşamaktan

Ölebilirim artık
Ölme diyorsan; gitme kal öyleyse

Sarıl sımsıkı, tenim ol, beni bırakma

Baksana; parmak uçlarım ateş

Lavlar fışkırıyor göz bebeklerimden

Hadi gel, tut ellerimi, benimle yan

Benimle meydan oku her çaresizliğe

Benimle uyu, benimle uyan

Birlikte varalım on üçüncü aylara

 Ümit Yaşar Oğuzcan

Kayıt Tarihi : 28.8.2000 17:05:00",,,,Belirsiz,197
95,Ayrılırken,https://www.antoloji.com/ayrilirken-siiri/,"Dinle sevdiğim, bu ayrılık saatidir.

Dünya var olalı beri çirkin ve soğuk, 

Erken içeceğimiz bir ilaç gibi.

Tadı dudaklarımızda acımsı, buruk.

Bu saatte gözyaşları, yeminler, 

Boş bir tesellidir inandığımız.

Perde kapanıyor, filim bitiyor işte, 

O hiç bitmeyecek sandığımız...

Görüyorsun, konuşacak bir şeyimiz kalmadı.

Sadece bakışlarımızda hüzün.

İste ayrılık bu; hiç beklemediğimiz...

O ikiz kardeşi ölümün.

Anlıyorum bir daha görüşemeyeceğiz

Bu son buluşmamızdır seninle

Yeni bir hayata başlayacaksın artık

Onunla, o yeni sevgilinle.

Anlıyorum artık o öpecek ellerini

Kulağına askı o fısıldayacak

İçinde bir pişmanlıktan başka

Benden eser kalmayacak.

Sigaranı sondur, kalkabiliriz

On adim sonra yollarımız ayrılmalı

Sakın ağlama ve bir şey söyleme bana

İnsan ayrılırken bile büyük olmalı.

 Ümit Yaşar Oğuzcan

Kayıt Tarihi : 28.8.2000 16:57:00",,,,Belirsiz,116
96,Ayrılırken,https://www.antoloji.com/ayrilirken-siiri/?siralama=p,"Dinle sevdiğim, bu ayrılık saatidir.

Dünya var olalı beri çirkin ve soğuk, 

Erken içeceğimiz bir ilaç gibi.

Tadı dudaklarımızda acımsı, buruk.

Bu saatte gözyaşları, yeminler, 

Boş bir tesellidir inandığımız.

Perde kapanıyor, filim bitiyor işte, 

O hiç bitmeyecek sandığımız...

Görüyorsun, konuşacak bir şeyimiz kalmadı.

Sadece bakışlarımızda hüzün.

İste ayrılık bu; hiç beklemediğimiz...

O ikiz kardeşi ölümün.

Anlıyorum bir daha görüşemeyeceğiz

Bu son buluşmamızdır seninle

Yeni bir hayata başlayacaksın artık

Onunla, o yeni sevgilinle.

Anlıyorum artık o öpecek ellerini

Kulağına askı o fısıldayacak

İçinde bir pişmanlıktan başka

Benden eser kalmayacak.

Sigaranı sondur, kalkabiliriz

On adim sonra yollarımız ayrılmalı

Sakın ağlama ve bir şey söyleme bana

İnsan ayrılırken bile büyük olmalı.

 Ümit Yaşar Oğuzcan

Kayıt Tarihi : 28.8.2000 16:57:00",,,,Belirsiz,116
97,Anı,https://www.antoloji.com/ani-4-siiri/,"Ne varsa en güzel üç gün üç gece

Bir kıyı şehrinde seninle yaşadık

Tutuştum,elim ellerine değince

Öylesi sıcaktın,öylesi aydınlık
Güzellikten,mutluluktan,sevgiden

Kumların üstünde bir evren yarattık

O dakikalar yaşandı mı sahiden

Bir düş müydü yoksa gercekten var mıydık
Nasıl geçip gidiverdi o zamanlar

O bir daha zor yaşanılır çılgınlık

O alev alev yaktığımız ormanlar
Ey şimdi o kıyı şehrinde kalanlar 

Duyun,anlayın,haykırın çığlık çığlık

Böyle bir anı bir daha yaşanmaz artık.

 Ümit Yaşar Oğuzcan

Kayıt Tarihi : 25.2.2001 14:10:00",,,,Belirsiz,77
98,Anı,https://www.antoloji.com/ani-4-siiri/?siralama=p,"Ne varsa en güzel üç gün üç gece

Bir kıyı şehrinde seninle yaşadık

Tutuştum,elim ellerine değince

Öylesi sıcaktın,öylesi aydınlık
Güzellikten,mutluluktan,sevgiden

Kumların üstünde bir evren yarattık

O dakikalar yaşandı mı sahiden

Bir düş müydü yoksa gercekten var mıydık
Nasıl geçip gidiverdi o zamanlar

O bir daha zor yaşanılır çılgınlık

O alev alev yaktığımız ormanlar
Ey şimdi o kıyı şehrinde kalanlar 

Duyun,anlayın,haykırın çığlık çığlık

Böyle bir anı bir daha yaşanmaz artık.

 Ümit Yaşar Oğuzcan

Kayıt Tarihi : 25.2.2001 14:10:00",,,,Belirsiz,77
99,Gerçekten Sevmek,https://www.antoloji.com/gercekten-sevmek-siiri/,"O durmadan kaçıyor;

sen ardından gitmiyorsan;

o günün her saatinde saklanıyor,

sen yollara düşüp deli divane aramıyorsan;

o sana acıların en büyüğünü tattırıyo

sen bundan en yüce hazzı duymuyorsan;

boşuna aldatma kendini,

onu sevmiyorsun demektir.

Elindeki içki kadehinde,

dudağındaki sigarada ,

okuduğun kitapta,

mırıldandığın şarkıda,

söylediğin şiirde,

gördüğün rüyada

ve yasaman için

ciğerlerine doldurduğun havada

o yoksa;

Onun vazgeçilmezliğini anlamamışsan;

onu sevmiyorsun demektir.

Renkler onunla değerlenmiyorsa,

örneğin onsuz kırmızı kırmızılığının,

mavi maviliğinin farkında değilse,

beyaz yalnız o giydiği zaman

güzelliğini haykırmıyorsa,

sabahları onu görünceye kadar

güneş doğmuyorsa

ve onsuz gökyüzü geceleri

aya, yıldızlara

hasret değilse

onu sevmiyorsun demektir.

Sokakta gördüğün her yüzde

ondan birşeyler aramıyorsan,

güzel bir manzara,

hüzünlü bir musiki onu hatırlatmıyorsa

uykudan uyandığın zaman

yasamakta olduğundan önce

onu hatırlamıyorsan,

omuzlarına dökülmüş sacları,

bir sis perdesinin ardında

her zaman gülen,

ışık saçan gözleri

aklına gelmiyorsa,

durup durup avuçlarının

sıcaklığını özlemiyorsan;

Onu sevmiyorsun demektir.

Dünyada yaşayan öteki insanların

senin için hala bir değeri varsa ,

ona karsı tutumunu

toplumun köhne ve manasız

kurallarına göre ayarlayorsan

ve açık açık

sanki var olduğunu haykırırcasına

sevgini söylemiyorsan;

Onu sevmiyorsun demektir.

Yok o senin için

herşeyden değerliyse,

gözünü yumduğun anda

onu görebiliyorsan,

o bütün şarkılarda,

bütün şiirlerde,

bütün resimlerde ise,

ona muhtaç olduğunu

söylemekten utanmıyorsan,

senin içten ve büyük sevgine

karşılık vermeyeceğinden

korkmuyorsan,

bütün bencil duygularından

sıyrılabilmişsen

onun için herşeyi,

ama herşeyi yapacak gücü

kendinde buluyorsan,

her hali sana

ayrı ayrı güzel geliyorsa,

karşısında kendini

bir çocuk gibi hissediyorsan,

istediği anda onun için

ölebileceksen,

onun için yaşıyorsan

ve yine onun için

bildiğin bilmediğin

bütün düşmanlıklara

karşı koyabileceksen,

o her geçen dakika

sende biraz daha büyüyorsa

ve kendi kendine bile

çok sevdiğini bütün

samimiyetinle,

inanmışlığınla

itiraf edebiliyorsan,

bir gün o seni hiç,

ama hiç sevmediğini söylese bile ,

senin sevginde azalma olmayacaksa

ve ölünceye kadar onu aşkların

en ölümsüzü ile sevebileceksen;

iste o zaman

onu seviyorsun demektir.

O sana sevmeyi,

gerçek aşkı öğretti.

Sen onu hep sevecek

ve sevilmenin mutluluğunu tattıracaksın.

O, hiç sen olmasan bile,

seni bir parça sevmese bile....

 Ümit Yaşar Oğuzcan

Kayıt Tarihi : 12.1.2001 17:44:00",,,,Belirsiz,334
100,Gerçekten Sevmek,https://www.antoloji.com/gercekten-sevmek-siiri/?siralama=p,"O durmadan kaçıyor;

sen ardından gitmiyorsan;

o günün her saatinde saklanıyor,

sen yollara düşüp deli divane aramıyorsan;

o sana acıların en büyüğünü tattırıyo

sen bundan en yüce hazzı duymuyorsan;

boşuna aldatma kendini,

onu sevmiyorsun demektir.

Elindeki içki kadehinde,

dudağındaki sigarada ,

okuduğun kitapta,

mırıldandığın şarkıda,

söylediğin şiirde,

gördüğün rüyada

ve yasaman için

ciğerlerine doldurduğun havada

o yoksa;

Onun vazgeçilmezliğini anlamamışsan;

onu sevmiyorsun demektir.

Renkler onunla değerlenmiyorsa,

örneğin onsuz kırmızı kırmızılığının,

mavi maviliğinin farkında değilse,

beyaz yalnız o giydiği zaman

güzelliğini haykırmıyorsa,

sabahları onu görünceye kadar

güneş doğmuyorsa

ve onsuz gökyüzü geceleri

aya, yıldızlara

hasret değilse

onu sevmiyorsun demektir.

Sokakta gördüğün her yüzde

ondan birşeyler aramıyorsan,

güzel bir manzara,

hüzünlü bir musiki onu hatırlatmıyorsa

uykudan uyandığın zaman

yasamakta olduğundan önce

onu hatırlamıyorsan,

omuzlarına dökülmüş sacları,

bir sis perdesinin ardında

her zaman gülen,

ışık saçan gözleri

aklına gelmiyorsa,

durup durup avuçlarının

sıcaklığını özlemiyorsan;

Onu sevmiyorsun demektir.

Dünyada yaşayan öteki insanların

senin için hala bir değeri varsa ,

ona karsı tutumunu

toplumun köhne ve manasız

kurallarına göre ayarlayorsan

ve açık açık

sanki var olduğunu haykırırcasına

sevgini söylemiyorsan;

Onu sevmiyorsun demektir.

Yok o senin için

herşeyden değerliyse,

gözünü yumduğun anda

onu görebiliyorsan,

o bütün şarkılarda,

bütün şiirlerde,

bütün resimlerde ise,

ona muhtaç olduğunu

söylemekten utanmıyorsan,

senin içten ve büyük sevgine

karşılık vermeyeceğinden

korkmuyorsan,

bütün bencil duygularından

sıyrılabilmişsen

onun için herşeyi,

ama herşeyi yapacak gücü

kendinde buluyorsan,

her hali sana

ayrı ayrı güzel geliyorsa,

karşısında kendini

bir çocuk gibi hissediyorsan,

istediği anda onun için

ölebileceksen,

onun için yaşıyorsan

ve yine onun için

bildiğin bilmediğin

bütün düşmanlıklara

karşı koyabileceksen,

o her geçen dakika

sende biraz daha büyüyorsa

ve kendi kendine bile

çok sevdiğini bütün

samimiyetinle,

inanmışlığınla

itiraf edebiliyorsan,

bir gün o seni hiç,

ama hiç sevmediğini söylese bile ,

senin sevginde azalma olmayacaksa

ve ölünceye kadar onu aşkların

en ölümsüzü ile sevebileceksen;

iste o zaman

onu seviyorsun demektir.

O sana sevmeyi,

gerçek aşkı öğretti.

Sen onu hep sevecek

ve sevilmenin mutluluğunu tattıracaksın.

O, hiç sen olmasan bile,

seni bir parça sevmese bile....

 Ümit Yaşar Oğuzcan

Kayıt Tarihi : 12.1.2001 17:44:00",,,,Belirsiz,334
101,Aşktı O,https://www.antoloji.com/askti-o-siiri/,"Aşktı o! Değiştiren tüm gecelerimi

Aşktı o! Beni durup yenileyen

Oydu, duygulu yapan hoyrat ellerimi

Oydu, dolu dizgin gidişime dur diyen
Bir bıçağın keskin yüzünde kan lekesiydim

Aşktı yine beni yıkayan, arıtan su

Böyle ak pak olacağımı bilir miydim? 

İçimde açmasaydı o sevmek duygusu
Ben bir tutsağım şimdi sevgiye, gönüllü

Çözmeyin ellerimi, zincirlerim kalsın

Görsün prangalarım o doğacak günü
Ve bu dünyaya aşk dolu şiirlerim kalsın

Seninle her yerde güzel, her zaman yeni

İstemem, sensiz hatırlamasınlar beni.

 Ümit Yaşar Oğuzcan

Kayıt Tarihi : 28.8.2000 16:47:00",,,,Belirsiz,85
102,Aşktı O,https://www.antoloji.com/askti-o-siiri/?siralama=p,"Aşktı o! Değiştiren tüm gecelerimi

Aşktı o! Beni durup yenileyen

Oydu, duygulu yapan hoyrat ellerimi

Oydu, dolu dizgin gidişime dur diyen
Bir bıçağın keskin yüzünde kan lekesiydim

Aşktı yine beni yıkayan, arıtan su

Böyle ak pak olacağımı bilir miydim? 

İçimde açmasaydı o sevmek duygusu
Ben bir tutsağım şimdi sevgiye, gönüllü

Çözmeyin ellerimi, zincirlerim kalsın

Görsün prangalarım o doğacak günü
Ve bu dünyaya aşk dolu şiirlerim kalsın

Seninle her yerde güzel, her zaman yeni

İstemem, sensiz hatırlamasınlar beni.

 Ümit Yaşar Oğuzcan

Kayıt Tarihi : 28.8.2000 16:47:00",,,,Belirsiz,85
103,Yokluğun Her Dakika Ölüm Demek Gitme Kal,https://www.antoloji.com/yoklugun-her-dakika-olum-demek-gitme-kal-siiri/,"Yokluğun her dakika ölüm demek gitme kal

Hasretim daha yüz yıl dinmeyecek gitme kal

Yetişir senden uzak yıllardır kahroldugum

Ayrılma hiç yanımdan mahşere dek gitme kal

 Ümit Yaşar Oğuzcan

Kayıt Tarihi : 11.8.2000 15:58:00",,,,Belirsiz,34
104,Yokluğun Her Dakika Ölüm Demek Gitme Kal,https://www.antoloji.com/yoklugun-her-dakika-olum-demek-gitme-kal-siiri/?siralama=p,"Yokluğun her dakika ölüm demek gitme kal

Hasretim daha yüz yıl dinmeyecek gitme kal

Yetişir senden uzak yıllardır kahroldugum

Ayrılma hiç yanımdan mahşere dek gitme kal

 Ümit Yaşar Oğuzcan

Kayıt Tarihi : 11.8.2000 15:58:00",,,,Belirsiz,34
105,Bir Başka İstanbul,https://www.antoloji.com/bir-baska-istanbul-siiri/,"Oturdum başka bir İstanbul düşündüm

Daha çok sen olan daha bir seninle

Yeşili daha yeşil, mavisi daha mavi

O, her şeyi daha güzel yapan ellerinle
Sildim bütün yıldızları gökyüzünden

Yerine gözlerini koydum, gözlerini

Serdim saçlarını üstüne İstanbul'un

Dudaklarının rengine boyadım her yerini
Şimdi İstanbul aydınlık, öyle pırıl pırıl

Estirdiğim senin kokundur denizlerden

Senin güzelliğinle süsledim bahçeleri
Seni İstanbul yaptım, İstanbul'u sen

Her sokağına şiirini yazdım satır satır

Şimdi bütün semtleri bu şehrin seni anlatır...

 Ümit Yaşar Oğuzcan

Kayıt Tarihi : 18.11.2001 04:45:00",,,,Belirsiz,82
106,Bir Başka İstanbul,https://www.antoloji.com/bir-baska-istanbul-siiri/?siralama=p,"Oturdum başka bir İstanbul düşündüm

Daha çok sen olan daha bir seninle

Yeşili daha yeşil, mavisi daha mavi

O, her şeyi daha güzel yapan ellerinle
Sildim bütün yıldızları gökyüzünden

Yerine gözlerini koydum, gözlerini

Serdim saçlarını üstüne İstanbul'un

Dudaklarının rengine boyadım her yerini
Şimdi İstanbul aydınlık, öyle pırıl pırıl

Estirdiğim senin kokundur denizlerden

Senin güzelliğinle süsledim bahçeleri
Seni İstanbul yaptım, İstanbul'u sen

Her sokağına şiirini yazdım satır satır

Şimdi bütün semtleri bu şehrin seni anlatır...

 Ümit Yaşar Oğuzcan

Kayıt Tarihi : 18.11.2001 04:45:00",,,,Belirsiz,82
107,Ayrılık Günü,https://www.antoloji.com/ayrilik-gunu-siiri/,"Ben nice ayrılıklar gördüm ömrümce 

Kuşlar gördüm; kırılmış kolu, kanadı 

Ayrı düşmüş sevdiğinden kuşlar gördüm 

Hiç bir ayrılık bana bu kadar komadı 
Ayrılığın bir ağrıdır vurur şakalarımda 

Ve büyür gözlerimde bir okyanus kadar 

Derinden ses verir içimde bir tel 

Sonra, birdenbire kırılır, kopar 
Yeryüzü çekilir altından ayaklarımın 

Geçer başıma çöken bir tavan gibi gökyüzü 

Durmadan çalınır kulaklarımda 

Şarkıların en hüzünlüsü 
Seni alıp uzaklara giden otobüs 

Benim üzerimden geçer hışımla 

Devrilir, bakakalırım ardından 

Bir sel gibi akan gözyaşımda... 
Artık ne yapsam boş, teselliler faydasız 

Karanlık gitgide en derinlere çeker beni 

Çaresiz, bütün sokaklarında bu şehrin 

Böyle perişan beklerim dönmeni 
Dolaşır birbirine yorgun ayaklarım 

Ellerimi koyacak bir yer bulamam 

Nereye gitsem, en koyusu acıların 

Ne yana baksam, çıldırtan bir akşam 
İstesem ben bu ömrü, bu talihi istemem 

Böyle durup durup senden ayrılmak varsa 

Orada bir mezar kazılır benim için 

Ayrılığın nerede başlarsa.

 Ümit Yaşar Oğuzcan

Kayıt Tarihi : 6.12.2001 22:36:00",,,,Belirsiz,148
108,Ayrılık Günü,https://www.antoloji.com/ayrilik-gunu-siiri/?siralama=p,"Ben nice ayrılıklar gördüm ömrümce 

Kuşlar gördüm; kırılmış kolu, kanadı 

Ayrı düşmüş sevdiğinden kuşlar gördüm 

Hiç bir ayrılık bana bu kadar komadı 
Ayrılığın bir ağrıdır vurur şakalarımda 

Ve büyür gözlerimde bir okyanus kadar 

Derinden ses verir içimde bir tel 

Sonra, birdenbire kırılır, kopar 
Yeryüzü çekilir altından ayaklarımın 

Geçer başıma çöken bir tavan gibi gökyüzü 

Durmadan çalınır kulaklarımda 

Şarkıların en hüzünlüsü 
Seni alıp uzaklara giden otobüs 

Benim üzerimden geçer hışımla 

Devrilir, bakakalırım ardından 

Bir sel gibi akan gözyaşımda... 
Artık ne yapsam boş, teselliler faydasız 

Karanlık gitgide en derinlere çeker beni 

Çaresiz, bütün sokaklarında bu şehrin 

Böyle perişan beklerim dönmeni 
Dolaşır birbirine yorgun ayaklarım 

Ellerimi koyacak bir yer bulamam 

Nereye gitsem, en koyusu acıların 

Ne yana baksam, çıldırtan bir akşam 
İstesem ben bu ömrü, bu talihi istemem 

Böyle durup durup senden ayrılmak varsa 

Orada bir mezar kazılır benim için 

Ayrılığın nerede başlarsa.

 Ümit Yaşar Oğuzcan

Kayıt Tarihi : 6.12.2001 22:36:00",,,,Belirsiz,148
109,Arayış,https://www.antoloji.com/arayis-siiri/,"Bir taşzehir verin bana içeyim

Tek unutmak için acılarımı

Baksana; kırdılar kapılarımı

Yağmalandı kalbim, ömrüm, herselim

Kursuna dizdiler anılarımı

Yenik duştum bu savaşta neyleyim

Bir mezar nasılsa iste öyleyim

Unuttum en güzel şarkılarımı

Gündüzü yok upuzun bir geceyim

Yitirdim umut kırıntılarımı

Sevgimi, neşemi, bütün varımı

Çaresiz bir yokluğun içindeyim

Gömdüm içime yıkıntılarımı

Arıyor bir yarim öbür yarimi

 Ümit Yaşar Oğuzcan

Kayıt Tarihi : 28.8.2000 16:38:00",,,,Belirsiz,65
110,Arayış,https://www.antoloji.com/arayis-siiri/?siralama=p,"Bir taşzehir verin bana içeyim

Tek unutmak için acılarımı

Baksana; kırdılar kapılarımı

Yağmalandı kalbim, ömrüm, herselim

Kursuna dizdiler anılarımı

Yenik duştum bu savaşta neyleyim

Bir mezar nasılsa iste öyleyim

Unuttum en güzel şarkılarımı

Gündüzü yok upuzun bir geceyim

Yitirdim umut kırıntılarımı

Sevgimi, neşemi, bütün varımı

Çaresiz bir yokluğun içindeyim

Gömdüm içime yıkıntılarımı

Arıyor bir yarim öbür yarimi

 Ümit Yaşar Oğuzcan

Kayıt Tarihi : 28.8.2000 16:38:00",,,,Belirsiz,65
111,Bilir Misin,https://www.antoloji.com/bilir-misin-3-siiri/,"Tam sınırdan kaçarken vurulmak nedir bilir misin? 

Nöbetçiler ha gördü, ha görecek

Parmaklarının ucu dikenli tellere değdi değecek...

Ama... Bir adım daha atamazsın.

Uzanıp tutamazsın; 

Göz pınarlarında donup kalır hayallerin

Planların, kaçışın, kurtuluşun

Ve deler sevgi dolu yüreğini

Sevgi bilmeyen bir kurşun.

Bir okyanus da boğulmak nedir bilir misin? 

Batan bir gemiye el sallayamamak, 

Oturup ağlayamamak, 

Birkaç kulaç ötedeki

Bir tahta parçasını tutamamak, 

Nedir bilir misin? 

Sevmek nedir bilir misin? 

Bir şeyler tutuşur yüreğinde kıpır kıpır

Bütün benliğini sarar, ısıtır.

Her gülüşte yeniden doğarsın

Ve bin kere ölürsün her iç çekişte

Nasıl anlatsam bilmem ki.

Yani 'sevmek' işte.

Duymak nedir bilir misin? 

Duymak, ama anlatamamak

Çemberini kıramamak kelimelerin.

Tam dilinin ucuna gelmişken söyleyememek

'Seviyorum' diyememek

Yani ölümü yaşamak nedir bilir misin?

 Ümit Yaşar Oğuzcan

Kayıt Tarihi : 26.5.2001 19:45:00",,,,Belirsiz,129
112,Bilir Misin,https://www.antoloji.com/bilir-misin-3-siiri/?siralama=p,"Tam sınırdan kaçarken vurulmak nedir bilir misin? 

Nöbetçiler ha gördü, ha görecek

Parmaklarının ucu dikenli tellere değdi değecek...

Ama... Bir adım daha atamazsın.

Uzanıp tutamazsın; 

Göz pınarlarında donup kalır hayallerin

Planların, kaçışın, kurtuluşun

Ve deler sevgi dolu yüreğini

Sevgi bilmeyen bir kurşun.

Bir okyanus da boğulmak nedir bilir misin? 

Batan bir gemiye el sallayamamak, 

Oturup ağlayamamak, 

Birkaç kulaç ötedeki

Bir tahta parçasını tutamamak, 

Nedir bilir misin? 

Sevmek nedir bilir misin? 

Bir şeyler tutuşur yüreğinde kıpır kıpır

Bütün benliğini sarar, ısıtır.

Her gülüşte yeniden doğarsın

Ve bin kere ölürsün her iç çekişte

Nasıl anlatsam bilmem ki.

Yani 'sevmek' işte.

Duymak nedir bilir misin? 

Duymak, ama anlatamamak

Çemberini kıramamak kelimelerin.

Tam dilinin ucuna gelmişken söyleyememek

'Seviyorum' diyememek

Yani ölümü yaşamak nedir bilir misin?

 Ümit Yaşar Oğuzcan

Kayıt Tarihi : 26.5.2001 19:45:00",,,,Belirsiz,129
113,Aynalardan Uzakta,https://www.antoloji.com/aynalardan-uzakta-siiri/,"Şimdi en açık renginde gözlerin

Şimdi benimlesin tüm kaygılardan uzak

Anlatılmaz bir şey var aramızda hazin

Şiir gibi bir şey seninle yaşamak
Bulutsuz bir gökyüzüdür güzelliğin

Yıldızların en parlak olduğu zamansın

Denizlerim senin kıyılarında sakin

Bırak ellerini avuçlarımda kalsın
Çirkin olan,fena olan ne varsa unut

Gözlerimin söylediği şarkıyı dinle

Ellerimizde sevgi içimizde umut

Bütün iyilikleri paylaşalım seninle
Aşkın büyülü sesini duyuyor musun

Şimdi onun gülleri açan güz bahçelerinde

Gitme ki günlerimiz gecelerimiz olsun

Çoban kulübelerinde balıkçı kahvelerinde
Varlığın dudaklarımda bir bal tadı

Yokluğun en korkuncu ölümlerin

Senden başka dindiren olmadı

Acısını içimde kanayan yerin
Benimle kal zaman bitinceye kadar

Benim ol yüzyıllar ve çağlar boyunca

Bir ömürdür seninle geçen dakikalar

Ölümden güçlüyüm sen yanımda olunca
Şimdi öyle büyük ki beraberliğimiz

Nabzın benim bileklerimde vurmakta

Artık bütün kaygıların ötesindeyiz

Benimle en güzelsin aynalardan uzakta

 Ümit Yaşar Oğuzcan

Kayıt Tarihi : 26.6.2000 19:33:00",,,,Belirsiz,141
114,Aynalardan Uzakta,https://www.antoloji.com/aynalardan-uzakta-siiri/?siralama=p,"Şimdi en açık renginde gözlerin

Şimdi benimlesin tüm kaygılardan uzak

Anlatılmaz bir şey var aramızda hazin

Şiir gibi bir şey seninle yaşamak
Bulutsuz bir gökyüzüdür güzelliğin

Yıldızların en parlak olduğu zamansın

Denizlerim senin kıyılarında sakin

Bırak ellerini avuçlarımda kalsın
Çirkin olan,fena olan ne varsa unut

Gözlerimin söylediği şarkıyı dinle

Ellerimizde sevgi içimizde umut

Bütün iyilikleri paylaşalım seninle
Aşkın büyülü sesini duyuyor musun

Şimdi onun gülleri açan güz bahçelerinde

Gitme ki günlerimiz gecelerimiz olsun

Çoban kulübelerinde balıkçı kahvelerinde
Varlığın dudaklarımda bir bal tadı

Yokluğun en korkuncu ölümlerin

Senden başka dindiren olmadı

Acısını içimde kanayan yerin
Benimle kal zaman bitinceye kadar

Benim ol yüzyıllar ve çağlar boyunca

Bir ömürdür seninle geçen dakikalar

Ölümden güçlüyüm sen yanımda olunca
Şimdi öyle büyük ki beraberliğimiz

Nabzın benim bileklerimde vurmakta

Artık bütün kaygıların ötesindeyiz

Benimle en güzelsin aynalardan uzakta

 Ümit Yaşar Oğuzcan

Kayıt Tarihi : 26.6.2000 19:33:00",,,,Belirsiz,141
115,Bir Pınarsın İçilen Ama Hiç Kanılmayan,https://www.antoloji.com/bir-pinarsin-icilen-ama-hic-kanilmayan-siiri/,"Bir pınarsın içilen ama hiç kanılmayan

Seveni yanıltmayan, sevince yanılmayan

Özlenen sen, özleyen sen, özleten sen

Varken doyulmayansın, yokken dayanılmayan

 Ümit Yaşar Oğuzcan

Kayıt Tarihi : 2.8.2001 21:15:00",,,,Belirsiz,28
116,Bir Pınarsın İçilen Ama Hiç Kanılmayan,https://www.antoloji.com/bir-pinarsin-icilen-ama-hic-kanilmayan-siiri/?siralama=p,"Bir pınarsın içilen ama hiç kanılmayan

Seveni yanıltmayan, sevince yanılmayan

Özlenen sen, özleyen sen, özleten sen

Varken doyulmayansın, yokken dayanılmayan

 Ümit Yaşar Oğuzcan

Kayıt Tarihi : 2.8.2001 21:15:00",,,,Belirsiz,28
117,İstanbul Dedim de Seni Hatırladım,https://www.antoloji.com/istanbul-dedim-de-seni-hatirladim-siiri/,"İşte İstanbul

yorgun şehir

işte canından bezmiş boğaz vapurları

kederli tramvaylar

ve Galata Köprüsü'nden

telaşlı insanlar geçmektedir

bir gizli sevinç mahzun gözbebeklerimde

eriyen bir sükun kaldırımlarda adım adım

işte İstanbul

İstanbul dedim de seni hatırladım.
Balıkçı tepsilerinde gümüş balıkları

tekir,barbunya,canım uskumru,levrek

işte İstanbul

kulaklarımda bir derin uğultu

hiç bitmeyecek

karşıda kızkulesi

gözleri yaşlı bir kadın gibi

ve minareler çaresizliğimizi haykırmakta Allah'a

caddelerinde başım dönüyordu

gecelerinde ağladım

İstanbul,o büyük şehir

o mahzun şehir

İstanbul dedim de seni hatırladım.
Boğaz içinden bir vapur geçer

benim aklımdan senin gözlerin geçiyordu

-Bebek, dediler indim

nereye baksam denizdi

mavi mavi bir hüzündü ayaklarımın altında

işte İstanbul

Haliç,

Çiçek Pasajı,

Beyoğlu...

Beyoğlu'nun daracık sokaklarında seni aradım.

İçim ürpertilerle dolu,amansız korkularla

İstanbul dedim de seni hatırladım.

 Ümit Yaşar Oğuzcan

Kayıt Tarihi : 13.8.2000 16:49:00",,,,Belirsiz,127
118,İstanbul Dedim de Seni Hatırladım,https://www.antoloji.com/istanbul-dedim-de-seni-hatirladim-siiri/?siralama=p,"İşte İstanbul

yorgun şehir

işte canından bezmiş boğaz vapurları

kederli tramvaylar

ve Galata Köprüsü'nden

telaşlı insanlar geçmektedir

bir gizli sevinç mahzun gözbebeklerimde

eriyen bir sükun kaldırımlarda adım adım

işte İstanbul

İstanbul dedim de seni hatırladım.
Balıkçı tepsilerinde gümüş balıkları

tekir,barbunya,canım uskumru,levrek

işte İstanbul

kulaklarımda bir derin uğultu

hiç bitmeyecek

karşıda kızkulesi

gözleri yaşlı bir kadın gibi

ve minareler çaresizliğimizi haykırmakta Allah'a

caddelerinde başım dönüyordu

gecelerinde ağladım

İstanbul,o büyük şehir

o mahzun şehir

İstanbul dedim de seni hatırladım.
Boğaz içinden bir vapur geçer

benim aklımdan senin gözlerin geçiyordu

-Bebek, dediler indim

nereye baksam denizdi

mavi mavi bir hüzündü ayaklarımın altında

işte İstanbul

Haliç,

Çiçek Pasajı,

Beyoğlu...

Beyoğlu'nun daracık sokaklarında seni aradım.

İçim ürpertilerle dolu,amansız korkularla

İstanbul dedim de seni hatırladım.

 Ümit Yaşar Oğuzcan

Kayıt Tarihi : 13.8.2000 16:49:00",,,,Belirsiz,127
119,Aşkımızın Son Çarşambası,https://www.antoloji.com/askimizin-son-carsambasi-siiri/,"Pazar

Pazartesi

Salı

Seni bir çarşamba günü

Terkedeceğim

Sonra başımı alıp

Perşembeye doğru gideceğim

 Ümit Yaşar Oğuzcan

Kayıt Tarihi : 16.12.2001 04:20:00",,Aşkımızın Son Çarşambası,1955.0,Erken Dönem (1947–1962),22
120,Aşkımızın Son Çarşambası,https://www.antoloji.com/askimizin-son-carsambasi-siiri/?siralama=p,"Pazar

Pazartesi

Salı

Seni bir çarşamba günü

Terkedeceğim

Sonra başımı alıp

Perşembeye doğru gideceğim

 Ümit Yaşar Oğuzcan

Kayıt Tarihi : 16.12.2001 04:20:00",,Aşkımızın Son Çarşambası,1955.0,Erken Dönem (1947–1962),22
121,Gözlerim Gözlerinde,https://www.antoloji.com/gozlerim-gozlerinde-siiri/,"Hep böyle çocuksu mu bakar senin gözlerin?

Hep böyle içinde bir uzak ışık mı yanar?

Bakışlarında beni dinlendiren bir şey var,

Kıyısındaymış gibi en sakin denizlerin...
Bir yelkenliyim şimdi ben senin limanında,

Fırtınalardan geldim sende dinleniyorum,

Bu huzur, bu sessizlik hiç bitmesin diyorum,

En eşsiz dakikalar sürsün senin yanında...
Hiç yumma gözlerini ışığın eksilmesin,

Gündüzüm, aydınlığım, ipekböceğim benim,

Güz bahçemde açılmış o son çiçeğim benim...
Yorgun kalbim seninle elem nedir bilmesin,

Ayırma gözlerimden çocuksu gözlerini,

O sakin, o yalansız, o kuytu gözlerini...

 Ümit Yaşar Oğuzcan

Kayıt Tarihi : 4.1.2001 14:22:00",,,,Belirsiz,90
122,Gözlerim Gözlerinde,https://www.antoloji.com/gozlerim-gozlerinde-siiri/?siralama=p,"Hep böyle çocuksu mu bakar senin gözlerin?

Hep böyle içinde bir uzak ışık mı yanar?

Bakışlarında beni dinlendiren bir şey var,

Kıyısındaymış gibi en sakin denizlerin...
Bir yelkenliyim şimdi ben senin limanında,

Fırtınalardan geldim sende dinleniyorum,

Bu huzur, bu sessizlik hiç bitmesin diyorum,

En eşsiz dakikalar sürsün senin yanında...
Hiç yumma gözlerini ışığın eksilmesin,

Gündüzüm, aydınlığım, ipekböceğim benim,

Güz bahçemde açılmış o son çiçeğim benim...
Yorgun kalbim seninle elem nedir bilmesin,

Ayırma gözlerimden çocuksu gözlerini,

O sakin, o yalansız, o kuytu gözlerini...

 Ümit Yaşar Oğuzcan

Kayıt Tarihi : 4.1.2001 14:22:00",,,,Belirsiz,90
123,Farzet Ki,https://www.antoloji.com/farzet-ki-siiri/,"Farzet ki;geri gelmiş o gamsız devir

Delicesine sevdiğin senin olmuş

Bir bahar sabahı sahilde seninledir

Yanan alnını alnına dayamışsın

O incecik elleri ellerindedir
Farzet ki;mazidir devamı yarının

Sevdiğin başını dizlerine koymuş

Bahar bahar kokan siyah saçlarının

Her telini ayrı ayrı öpmektesin

Ve tadı dudağında avuçlarının
Farzet ki;buldun kış içinde baharı

Rüzgar yine ılık ılık esmektedir

Aynı şehirde,aynı deniz kenarı

Köpükler,dalgalar ve sonsuz mavilik

Tekrar yaşıyorsun hatıraları
Farzet ki;denizde beraberce yüzmüş

Sonra sıcak kumlara uzanmışsınız

Yine evvela seni yalvartmış,üzmüş

Ve dolanmış boynuna o sedef kollar

Kumlar altın sarısı, dalgalar gümüş
Farzet ki;doğup büyüdüğün yerdesin

Caddeler aşina insanlar tanıdık

Aksi kulağında sevdiğin sesin

O dudakların tadı dudaklarında

Velhasıl yine o eski günlerdesin
Farzetme yeter yaşadığın bugündür

Ne sevdiğin yanında ne o yerdesin

Çekil garip odana ışığı söndür

Söyle;'Nerdesin ey sevgili nerdesin?'

Söyle; o türkü senin eski türkündür.

 Ümit Yaşar Oğuzcan

Kayıt Tarihi : 16.10.2000 18:24:00",,,,Belirsiz,143
124,Farzet Ki,https://www.antoloji.com/farzet-ki-siiri/?siralama=p,"Farzet ki;geri gelmiş o gamsız devir

Delicesine sevdiğin senin olmuş

Bir bahar sabahı sahilde seninledir

Yanan alnını alnına dayamışsın

O incecik elleri ellerindedir
Farzet ki;mazidir devamı yarının

Sevdiğin başını dizlerine koymuş

Bahar bahar kokan siyah saçlarının

Her telini ayrı ayrı öpmektesin

Ve tadı dudağında avuçlarının
Farzet ki;buldun kış içinde baharı

Rüzgar yine ılık ılık esmektedir

Aynı şehirde,aynı deniz kenarı

Köpükler,dalgalar ve sonsuz mavilik

Tekrar yaşıyorsun hatıraları
Farzet ki;denizde beraberce yüzmüş

Sonra sıcak kumlara uzanmışsınız

Yine evvela seni yalvartmış,üzmüş

Ve dolanmış boynuna o sedef kollar

Kumlar altın sarısı, dalgalar gümüş
Farzet ki;doğup büyüdüğün yerdesin

Caddeler aşina insanlar tanıdık

Aksi kulağında sevdiğin sesin

O dudakların tadı dudaklarında

Velhasıl yine o eski günlerdesin
Farzetme yeter yaşadığın bugündür

Ne sevdiğin yanında ne o yerdesin

Çekil garip odana ışığı söndür

Söyle;'Nerdesin ey sevgili nerdesin?'

Söyle; o türkü senin eski türkündür.

 Ümit Yaşar Oğuzcan

Kayıt Tarihi : 16.10.2000 18:24:00",,,,Belirsiz,143
125,Bir Dost İçin Sone,https://www.antoloji.com/bir-dost-icin-sone-siiri/,"Maruzatım odur ki;en iyi  bir dostsun

Dağların doruğunda bir çiçek kadar iyi

Sen karanlıkta yüzümüzü ağartan ışık

Resimlerin duvarlarda şakır kuşlar gibi
Sen O'sun her zaman yalansız olan sevgisi

Saksıları sulayan,vazolara can katan

O en koyu,en çaresiz gecelerde bile

Yeri,göğü bir merhabasıyla aydınlatan
Sen O'sun sevince boğan bütün kederleri

Solan,kuruyan,bir çiçek gibi ağlayansın

Ve esen dost bir imbatsın akşamüzerleri
Kalan bir gün gibi yazdan,öyle Haziransın

Yalan değil,biz ne arayıp sende bulduksa

Mutluyuz,dostça gönül tahtına kurulduksa.

 Ümit Yaşar Oğuzcan

Kayıt Tarihi : 6.2.2001 01:49:00",,,,Belirsiz,83
126,Bir Dost İçin Sone,https://www.antoloji.com/bir-dost-icin-sone-siiri/?siralama=p,"Maruzatım odur ki;en iyi  bir dostsun

Dağların doruğunda bir çiçek kadar iyi

Sen karanlıkta yüzümüzü ağartan ışık

Resimlerin duvarlarda şakır kuşlar gibi
Sen O'sun her zaman yalansız olan sevgisi

Saksıları sulayan,vazolara can katan

O en koyu,en çaresiz gecelerde bile

Yeri,göğü bir merhabasıyla aydınlatan
Sen O'sun sevince boğan bütün kederleri

Solan,kuruyan,bir çiçek gibi ağlayansın

Ve esen dost bir imbatsın akşamüzerleri
Kalan bir gün gibi yazdan,öyle Haziransın

Yalan değil,biz ne arayıp sende bulduksa

Mutluyuz,dostça gönül tahtına kurulduksa.

 Ümit Yaşar Oğuzcan

Kayıt Tarihi : 6.2.2001 01:49:00",,,,Belirsiz,83
127,İş İşten Geçtikten Sonra,https://www.antoloji.com/is-isten-gectikten-sonra-siiri/,"Önce aynalar farkedecek yokluğumu

Sonra elbiselerim

Sonra pencere

Sonra yatak

Sen farkına vardığın zaman

İş işten geçmiş olacak

 Ümit Yaşar Oğuzcan

Kayıt Tarihi : 28.2.2001 11:09:00",,,,Belirsiz,26
128,İş İşten Geçtikten Sonra,https://www.antoloji.com/is-isten-gectikten-sonra-siiri/?siralama=p,"Önce aynalar farkedecek yokluğumu

Sonra elbiselerim

Sonra pencere

Sonra yatak

Sen farkına vardığın zaman

İş işten geçmiş olacak

 Ümit Yaşar Oğuzcan

Kayıt Tarihi : 28.2.2001 11:09:00",,,,Belirsiz,26
129,Ayten'in sonu,https://www.antoloji.com/ayten-in-sonu-siiri/,"Ayten'i Markiz pastanesinde vurdular

Onu ben vurdum

Ayten kanlar içinde düştü yere

Bense ağlıyordum
Şimşek gibi loşluğunda Markizin

Bir usturaydı ellerimde parlayan

Vurdum,ve baktım dağılmış yüzüne

Dedim;o da güzeldi bir zaman
Onun da gözleri vardı,dudakları vardı

Mermerler dile gelirdi konuşunca

Ya elleri her zaman duygulu,serin

Başım dönerdi ellerini tutunca
Önce bir garson gördü ikimizi

Sonra yabancı adamlar gördü,kadınlar gördü

Ayten'i hiç ayıplamadım

O anda kim olsa ölürdü
Renkli bir balon gibi sönüverdi

Koluna gömleğimin kanı damladı

O lekeden başka şimdi

Ayten'den eser kalmadı
Aldılar götürdüler beni

Bu cinayetin hesbını sordular

Dedim:ayten'i ben vurmadım

Onu Markiz pastanesinde vurdular.

 Ümit Yaşar Oğuzcan

Kayıt Tarihi : 11.11.2000 08:02:00",,,,Belirsiz,105
130,Ayten'in sonu,https://www.antoloji.com/ayten-in-sonu-siiri/?siralama=p,"Ayten'i Markiz pastanesinde vurdular

Onu ben vurdum

Ayten kanlar içinde düştü yere

Bense ağlıyordum
Şimşek gibi loşluğunda Markizin

Bir usturaydı ellerimde parlayan

Vurdum,ve baktım dağılmış yüzüne

Dedim;o da güzeldi bir zaman
Onun da gözleri vardı,dudakları vardı

Mermerler dile gelirdi konuşunca

Ya elleri her zaman duygulu,serin

Başım dönerdi ellerini tutunca
Önce bir garson gördü ikimizi

Sonra yabancı adamlar gördü,kadınlar gördü

Ayten'i hiç ayıplamadım

O anda kim olsa ölürdü
Renkli bir balon gibi sönüverdi

Koluna gömleğimin kanı damladı

O lekeden başka şimdi

Ayten'den eser kalmadı
Aldılar götürdüler beni

Bu cinayetin hesbını sordular

Dedim:ayten'i ben vurmadım

Onu Markiz pastanesinde vurdular.

 Ümit Yaşar Oğuzcan

Kayıt Tarihi : 11.11.2000 08:02:00",,,,Belirsiz,105
131,Ayna,https://www.antoloji.com/ayna-10-siiri/,"Bana benzeyen bir gözlerim kaldı

Bir de kederli bakışlarım

Düşüncemin olmadığı

Aynalarda ben varım
Yalan değil değiştiğim, yalan değil

Şimdi her şarkı beni ağlatır

Deli eden insanı zaman değil

Zamanı unutmamak kahırdır
Zamandı avuçlarımdan uçup giden

Hayallerimin olmadığı yerde

Zamandı düşünceme hükmeden
İlk sevdiğim şimdi kimbilir nerde? 

Önce hatıralarımı götürdü ölüm

Zaman aynasında ölümü gördüm

 Ümit Yaşar Oğuzcan

Kayıt Tarihi : 28.10.2001 03:09:00",,Kör Ayna,1957.0,Erken Dönem (1947–1962),63
132,Ayna,https://www.antoloji.com/ayna-10-siiri/?siralama=p,"Bana benzeyen bir gözlerim kaldı

Bir de kederli bakışlarım

Düşüncemin olmadığı

Aynalarda ben varım
Yalan değil değiştiğim, yalan değil

Şimdi her şarkı beni ağlatır

Deli eden insanı zaman değil

Zamanı unutmamak kahırdır
Zamandı avuçlarımdan uçup giden

Hayallerimin olmadığı yerde

Zamandı düşünceme hükmeden
İlk sevdiğim şimdi kimbilir nerde? 

Önce hatıralarımı götürdü ölüm

Zaman aynasında ölümü gördüm

 Ümit Yaşar Oğuzcan

Kayıt Tarihi : 28.10.2001 03:09:00",,Kör Ayna,1957.0,Erken Dönem (1947–1962),63
133,Bir Gün Kapına Gelsem,https://www.antoloji.com/bir-gun-kapina-gelsem-siiri/,"Bir karanlık geliyor yokluğunun ardından

Ne zaman güneş batsa bu son gecem diyorum

Vazgeç yalan dünyanın köhne saltanatından

Yetişir bunca keder, bunca elem diyorum
Her şey sağır içimde ne şiir ne musiki

Dünyadan bezginliğim dünyalar kadar eski

Öylesine çözülmüş, öyle dağılmışım ki

Be ne bitmez ayrılık bu ne özlem diyorum
Beni çağırdığını bir defa duyabilsem

Avuçlarımda ateş, yorgun gözlerimde nem

Asarak denizleri bir gün kapına gelsem

Başımı duvarlara vurup ölsem diyorum

 Ümit Yaşar Oğuzcan

Kayıt Tarihi : 28.8.2000 18:48:00",,,,Belirsiz,79
134,Bir Gün Kapına Gelsem,https://www.antoloji.com/bir-gun-kapina-gelsem-siiri/?siralama=p,"Bir karanlık geliyor yokluğunun ardından

Ne zaman güneş batsa bu son gecem diyorum

Vazgeç yalan dünyanın köhne saltanatından

Yetişir bunca keder, bunca elem diyorum
Her şey sağır içimde ne şiir ne musiki

Dünyadan bezginliğim dünyalar kadar eski

Öylesine çözülmüş, öyle dağılmışım ki

Be ne bitmez ayrılık bu ne özlem diyorum
Beni çağırdığını bir defa duyabilsem

Avuçlarımda ateş, yorgun gözlerimde nem

Asarak denizleri bir gün kapına gelsem

Başımı duvarlara vurup ölsem diyorum

 Ümit Yaşar Oğuzcan

Kayıt Tarihi : 28.8.2000 18:48:00",,,,Belirsiz,79
135,İspanyol Meyhanesi,https://www.antoloji.com/ispanyol-meyhanesi-siiri/,"Kararmış tahta masamızda bir şişe şarap,

Gecelerden bir gece bezginiz.

Üstelik adamakıllı sarhoşuz.

Ellerin, ellerimde.

İspanyol meyhanesinde bir kadın

Çığlık çığlığa şarkı söylüyor.

Belli yıkılmış bir kadın.

Hayli çirkin, hayli geçkin, ağlamaklı.

Zayıf, incecik elli, kalın dudaklı.

Sesi bir tokat gibi patlıyor kulaklarımızda;

Yüzümüz al al oluyor.

İçimiz hüzün dolu, kahır dolu,

Gözlerimiz kanlı.

İspanyol meyhanesinde bir gece

Seninle başbaşayız 

Üstelik sarhoşuz adamakıllı.

Daha içelim, daha içelim.
Başını dizlerime daya gözlerin kapalı

Ağla biraz,

Bak ben de ağlıyorum.

Ocakta odunlar sönüyor

Görüyor musun?

Çığlık çığlığa bir kadın

Duyuyor musun?

Ah ölelim artık;

Bitsin bu delicesine koşu,

İspanyol meyhanesi yerin dibine batsın.

Yeter! yeter!

Öleceksek ölelim.

Hadi vur kendini şaraba

Kedere ve aşka vur.

Daha içelim, daha içelim.
Alkol duvarını geçelim artık;

Damarlarımızdan ispirto akmalı.

Hey garson!

Sustur şu çığlık sesli kadını.

Söyle masamıza gelsin, içelim.

Hey garson!

Bütün hesaplar benden bu gece sen de iç.

Kapat kapıları;

Yabancı gelmesin.

İspanyol meyhanesinde öldüğümüzü

Kimse bilmesin.

Daha içelim, daha içelim.

 Ümit Yaşar Oğuzcan

Kayıt Tarihi : 28.9.2000 15:50:00",,,,Belirsiz,166
136,İspanyol Meyhanesi,https://www.antoloji.com/ispanyol-meyhanesi-siiri/?siralama=p,"Kararmış tahta masamızda bir şişe şarap,

Gecelerden bir gece bezginiz.

Üstelik adamakıllı sarhoşuz.

Ellerin, ellerimde.

İspanyol meyhanesinde bir kadın

Çığlık çığlığa şarkı söylüyor.

Belli yıkılmış bir kadın.

Hayli çirkin, hayli geçkin, ağlamaklı.

Zayıf, incecik elli, kalın dudaklı.

Sesi bir tokat gibi patlıyor kulaklarımızda;

Yüzümüz al al oluyor.

İçimiz hüzün dolu, kahır dolu,

Gözlerimiz kanlı.

İspanyol meyhanesinde bir gece

Seninle başbaşayız 

Üstelik sarhoşuz adamakıllı.

Daha içelim, daha içelim.
Başını dizlerime daya gözlerin kapalı

Ağla biraz,

Bak ben de ağlıyorum.

Ocakta odunlar sönüyor

Görüyor musun?

Çığlık çığlığa bir kadın

Duyuyor musun?

Ah ölelim artık;

Bitsin bu delicesine koşu,

İspanyol meyhanesi yerin dibine batsın.

Yeter! yeter!

Öleceksek ölelim.

Hadi vur kendini şaraba

Kedere ve aşka vur.

Daha içelim, daha içelim.
Alkol duvarını geçelim artık;

Damarlarımızdan ispirto akmalı.

Hey garson!

Sustur şu çığlık sesli kadını.

Söyle masamıza gelsin, içelim.

Hey garson!

Bütün hesaplar benden bu gece sen de iç.

Kapat kapıları;

Yabancı gelmesin.

İspanyol meyhanesinde öldüğümüzü

Kimse bilmesin.

Daha içelim, daha içelim.

 Ümit Yaşar Oğuzcan

Kayıt Tarihi : 28.9.2000 15:50:00",,,,Belirsiz,166
137,Yaşayan Ölü,https://www.antoloji.com/yasayan-olu-siiri/,"Bir ölü gelecek evine yarın

Gözlerinde yarım kalmış arzular

Dalıp hayaline hatıraların

Duracak kapıda sabaha kadar
Duyunca kapını çaldıgını

Korkulu gözlerle dışarı bakma

Bütün odaların yak ışıgını

Bir benim kaldıgım odayı yakma.
Siyahlar giyin de pencereye çık

Aç kapıyı korkma yabancı degil

Bir ölü ki yaşıyor, gözleri açık
Ölüm seni sevmekten acı degil

Aradı bu ölü hayatı sende

Öldü artık, sevsen de sevmesen de

 Ümit Yaşar Oğuzcan

Kayıt Tarihi : 11.8.2000 16:01:00",,,,Belirsiz,72
138,Yaşayan Ölü,https://www.antoloji.com/yasayan-olu-siiri/?siralama=p,"Bir ölü gelecek evine yarın

Gözlerinde yarım kalmış arzular

Dalıp hayaline hatıraların

Duracak kapıda sabaha kadar
Duyunca kapını çaldıgını

Korkulu gözlerle dışarı bakma

Bütün odaların yak ışıgını

Bir benim kaldıgım odayı yakma.
Siyahlar giyin de pencereye çık

Aç kapıyı korkma yabancı degil

Bir ölü ki yaşıyor, gözleri açık
Ölüm seni sevmekten acı degil

Aradı bu ölü hayatı sende

Öldü artık, sevsen de sevmesen de

 Ümit Yaşar Oğuzcan

Kayıt Tarihi : 11.8.2000 16:01:00",,,,Belirsiz,72
139,Anılarda Yaşarken,https://www.antoloji.com/anilarda-yasarken-siiri/,"Çekingen adımlarla sesiz ve ürkek

Bir gün uzaklardan bir giz gibi geldin

O büyülü şarkılarını söyleyerek

Gençliğimi geri getirdi ellerin
Sundun paha biçilmez güzelliğini

Öylesine diri öylesine sıcak

Böylesine bir mutluluk anladım ki

Ömür boyunca bir kez yaşanır ancak
Bir kez nefes aldığını anlar bir gün

Bir kez bir kişiyle insan bütünlenir

Özlem dediğimiz o hançer bir düşün

Bir kez saplanmak için kaç kez bilenir
Anılarsa bitmez bizimdir daima

Umulmadık yerlerde yeşerir büyür

Yaşamak baştanbaşa yalan olsa da

O alır bizi uzaklara götürür
Emzirir gür memelerinden istekle

Biz farkına varmadan uzar ömrümüz

Anılarda yaşarken bir gün gelir de

Biz de birer fani olur ölürüz.

 Ümit Yaşar Oğuzcan

Kayıt Tarihi : 28.8.2000 16:35:00",,,,Belirsiz,112
140,Anılarda Yaşarken,https://www.antoloji.com/anilarda-yasarken-siiri/?siralama=p,"Çekingen adımlarla sesiz ve ürkek

Bir gün uzaklardan bir giz gibi geldin

O büyülü şarkılarını söyleyerek

Gençliğimi geri getirdi ellerin
Sundun paha biçilmez güzelliğini

Öylesine diri öylesine sıcak

Böylesine bir mutluluk anladım ki

Ömür boyunca bir kez yaşanır ancak
Bir kez nefes aldığını anlar bir gün

Bir kez bir kişiyle insan bütünlenir

Özlem dediğimiz o hançer bir düşün

Bir kez saplanmak için kaç kez bilenir
Anılarsa bitmez bizimdir daima

Umulmadık yerlerde yeşerir büyür

Yaşamak baştanbaşa yalan olsa da

O alır bizi uzaklara götürür
Emzirir gür memelerinden istekle

Biz farkına varmadan uzar ömrümüz

Anılarda yaşarken bir gün gelir de

Biz de birer fani olur ölürüz.

 Ümit Yaşar Oğuzcan

Kayıt Tarihi : 28.8.2000 16:35:00",,,,Belirsiz,112
141,Donlara Destan,https://www.antoloji.com/donlara-destan-siiri/,"Don deyip de geçmeyelim

Hepimizin iyi kötü bir donu var

Yünlüsü pamuklusu

İpeklisi naylonu var
Ayşe hanımınki fıstıki yeşil

Durur yaprak misali tende

Fatma hanımınki patiskadan

Rengi havai pembe
Mühendisin karısı

Naylon donu tercih eder

Ayak ayak üstüne atıp

Komşulara caka satar
Mühendis beyi sorarsanız

Çifte don giyiyor kışın

Zırh gibi kalkan gibi bir şey

Vallahi işlemez kurşun
Siyatiği var Fitnat hanımın

Uzundur fanila donu

Zehra kadının ki bohça gibi

Yamalıdır her yanı
Leman hanımefendinin ise

Kâh mavi kâh gül kurusu renkli

Hepsi de avuç içi kadar

Kenarları işlemeli ipekli
Ya altın dişli Pakize hanımın donu

Bir gören bir şiir yazar

Ayıptır söylemesi

Pakize hanım donsuz gezer

 Ümit Yaşar Oğuzcan

Kayıt Tarihi : 14.4.2002 12:17:00",,,,Belirsiz,115
142,Donlara Destan,https://www.antoloji.com/donlara-destan-siiri/?siralama=p,"Don deyip de geçmeyelim

Hepimizin iyi kötü bir donu var

Yünlüsü pamuklusu

İpeklisi naylonu var
Ayşe hanımınki fıstıki yeşil

Durur yaprak misali tende

Fatma hanımınki patiskadan

Rengi havai pembe
Mühendisin karısı

Naylon donu tercih eder

Ayak ayak üstüne atıp

Komşulara caka satar
Mühendis beyi sorarsanız

Çifte don giyiyor kışın

Zırh gibi kalkan gibi bir şey

Vallahi işlemez kurşun
Siyatiği var Fitnat hanımın

Uzundur fanila donu

Zehra kadının ki bohça gibi

Yamalıdır her yanı
Leman hanımefendinin ise

Kâh mavi kâh gül kurusu renkli

Hepsi de avuç içi kadar

Kenarları işlemeli ipekli
Ya altın dişli Pakize hanımın donu

Bir gören bir şiir yazar

Ayıptır söylemesi

Pakize hanım donsuz gezer

 Ümit Yaşar Oğuzcan

Kayıt Tarihi : 14.4.2002 12:17:00",,,,Belirsiz,115
143,Aşka Dönüş,https://www.antoloji.com/aska-donus-siiri/,"Dönebilmek o dönüşü olmayan yollardan

Sürekli bir aldanış bir daha bir daha

Hiç bitmeyecek gecelerden bir sabaha

Çikabilmek ve sevmek durmadan usanmadan
Konuşmak konuşmak gözlerle fısıltılarla

Duymak büyülü sıcaklıgını beyaz ellerin

Her geçen dakika var oldugunu anlamak için

Yaşamak arzu dolu dudaklarda, şarkılarla
Unutmak ne varsa kötülükten yana

İnmek sevilen gözlerin derinligine

Öyle mutlu, öyle sarhoş, alabildigine

Bin yıl içmek o sulardan kana kana
Her gün ona koşmak daglardan tepelerden

Her yerde, her zaman onsuz edememek

O en tatlı hayal, en büyük gerçek

Anlarsın taşan o günlerden gecelerden
Sonra bir gün o bütün karanlıkları yırtasin gelir

Başını alıp gidesin gelir uzak denizlere

Artık her şey boş ve yalan sevdin ya bir kere

Her yerinden bir bugu halinde o yükselir
Sen yoksun artık anla yeryüzünde bir o var

Onun elleri var, gözleri, dudakları

Anlarsın tenin besledigi zaman toprakları

Ve hala seversin zaman bitinceye kadar
Yeniden var oluştur ya da bir başka türlü oluştur bu

Nice aldanmalardan sonra bir aşka dönüştür bu.

 Ümit Yaşar Oğuzcan

Kayıt Tarihi : 16.7.2000 14:46:00",,,,Belirsiz,168
144,Aşka Dönüş,https://www.antoloji.com/aska-donus-siiri/?siralama=p,"Dönebilmek o dönüşü olmayan yollardan

Sürekli bir aldanış bir daha bir daha

Hiç bitmeyecek gecelerden bir sabaha

Çikabilmek ve sevmek durmadan usanmadan
Konuşmak konuşmak gözlerle fısıltılarla

Duymak büyülü sıcaklıgını beyaz ellerin

Her geçen dakika var oldugunu anlamak için

Yaşamak arzu dolu dudaklarda, şarkılarla
Unutmak ne varsa kötülükten yana

İnmek sevilen gözlerin derinligine

Öyle mutlu, öyle sarhoş, alabildigine

Bin yıl içmek o sulardan kana kana
Her gün ona koşmak daglardan tepelerden

Her yerde, her zaman onsuz edememek

O en tatlı hayal, en büyük gerçek

Anlarsın taşan o günlerden gecelerden
Sonra bir gün o bütün karanlıkları yırtasin gelir

Başını alıp gidesin gelir uzak denizlere

Artık her şey boş ve yalan sevdin ya bir kere

Her yerinden bir bugu halinde o yükselir
Sen yoksun artık anla yeryüzünde bir o var

Onun elleri var, gözleri, dudakları

Anlarsın tenin besledigi zaman toprakları

Ve hala seversin zaman bitinceye kadar
Yeniden var oluştur ya da bir başka türlü oluştur bu

Nice aldanmalardan sonra bir aşka dönüştür bu.

 Ümit Yaşar Oğuzcan

Kayıt Tarihi : 16.7.2000 14:46:00",,,,Belirsiz,168
145,Ağıt,https://www.antoloji.com/agit-2-siiri/,"Her şey güzeldi bir zaman, çok önce

Şehirler, insanlar, güneş deniz

Mutluluğumu görebilirdiniz

Çökmeseydi içime bu son gece
Her şey bir anda bitmeseydi, yazık

Olmasaydı gençliğime aptalca

Belki de o yerlere varırdık

O uzak dağlara ulu: koskoca
Orada her şey değişirdi belki

Acardı umutlarımız bakarsın

Ateş rengi, kan rengi güller gibi

Toprağında kim bilir hangi aşkın
Oysa simdi nerdeyiz, neyiz bak

Her umut belirtisinden uzağız

O sevilmiş gözlerde saf ve berrak

Bir ayna bile yok bakacağımız
Her şey kurşuni bir renk almış, soğuk

Bozkırlardır uzayan önümüzde

Kime baksan o yüz: veremli, soluk

Tek mavi kalmamış gökyüzümüzde
Her yerde bitmişliği güzelliğin

Kum kamyonları putreller betonlar

Sonra ta beşikten mezara deyin

Sıfırlar, yüzler, binler ve milyonlar
Hadi öl bakalım ölebilirsen

Zincirlerle bağlıyken yaşamaya

Omuzla yükünü, hadi yalnız sen

İsterse gücün olmasın taşımaya
Yenik duşmuşuz iste gerçek ortada

Çokmuş boynumuza zulmün elleri

Bir tutsak, bir dolap beygiri ya da

Bir mahkum gibiyiz kaç yıldan beri
Yargıç hükmünü çoktan vermiş oku

Boynundaki yaşamak fermanını

Yaşamak sonra ölmek; iki korku

Geri getirmezken bir anını
Terkedilmiş şehirleri bilirsin

Bilirsin gömülmüş uygarlıkları

Ve düşün ki; patlaması bilincin

Yırtmaya yetmiyor karanlıkları
Öyleyse çek sapla göğe bıçağını

De ki; benim isim tanrılıktan güç

Benim hem yüksek, hem en aşağı

İste ellerimde sonsuzluk ve hiç
De ki; ömür verdin; en büyük yalan

De ki; Beden verdin; içi boş ve kof

İste! Yüce eserin, işte insan

Ve yırt göğsünü, bağır: Of Tanrım of.

 Ümit Yaşar Oğuzcan

Kayıt Tarihi : 28.8.2000 16:27:00",,Acılar Denizi,1977.0,Son Dönem (1973–1984),240
146,Ağıt,https://www.antoloji.com/agit-2-siiri/?siralama=p,"Her şey güzeldi bir zaman, çok önce

Şehirler, insanlar, güneş deniz

Mutluluğumu görebilirdiniz

Çökmeseydi içime bu son gece
Her şey bir anda bitmeseydi, yazık

Olmasaydı gençliğime aptalca

Belki de o yerlere varırdık

O uzak dağlara ulu: koskoca
Orada her şey değişirdi belki

Acardı umutlarımız bakarsın

Ateş rengi, kan rengi güller gibi

Toprağında kim bilir hangi aşkın
Oysa simdi nerdeyiz, neyiz bak

Her umut belirtisinden uzağız

O sevilmiş gözlerde saf ve berrak

Bir ayna bile yok bakacağımız
Her şey kurşuni bir renk almış, soğuk

Bozkırlardır uzayan önümüzde

Kime baksan o yüz: veremli, soluk

Tek mavi kalmamış gökyüzümüzde
Her yerde bitmişliği güzelliğin

Kum kamyonları putreller betonlar

Sonra ta beşikten mezara deyin

Sıfırlar, yüzler, binler ve milyonlar
Hadi öl bakalım ölebilirsen

Zincirlerle bağlıyken yaşamaya

Omuzla yükünü, hadi yalnız sen

İsterse gücün olmasın taşımaya
Yenik duşmuşuz iste gerçek ortada

Çokmuş boynumuza zulmün elleri

Bir tutsak, bir dolap beygiri ya da

Bir mahkum gibiyiz kaç yıldan beri
Yargıç hükmünü çoktan vermiş oku

Boynundaki yaşamak fermanını

Yaşamak sonra ölmek; iki korku

Geri getirmezken bir anını
Terkedilmiş şehirleri bilirsin

Bilirsin gömülmüş uygarlıkları

Ve düşün ki; patlaması bilincin

Yırtmaya yetmiyor karanlıkları
Öyleyse çek sapla göğe bıçağını

De ki; benim isim tanrılıktan güç

Benim hem yüksek, hem en aşağı

İste ellerimde sonsuzluk ve hiç
De ki; ömür verdin; en büyük yalan

De ki; Beden verdin; içi boş ve kof

İste! Yüce eserin, işte insan

Ve yırt göğsünü, bağır: Of Tanrım of.

 Ümit Yaşar Oğuzcan

Kayıt Tarihi : 28.8.2000 16:27:00",,Acılar Denizi,1977.0,Son Dönem (1973–1984),240
147,Satılık Şiir,https://www.antoloji.com/satilik-siir-siiri/,"Ben sersemin biriyim

Oturmuş senin için aşk şiirleri yazıyorum

Ellerinin beyazlığından

Gözlerinin güzelliğinden bahsediyorum

Oysa sen

Bir ettir, kemiktir tutturmuşsun

Gözün dünyayı görmüyor

Al bu şiirimi götür sat

Bir ekmek

Yarım kilo pirzola al

otur zıkkımlan

 Ümit Yaşar Oğuzcan

Kayıt Tarihi : 13.6.2001 15:39:00",,,,Belirsiz,44
148,Satılık Şiir,https://www.antoloji.com/satilik-siir-siiri/?siralama=p,"Ben sersemin biriyim

Oturmuş senin için aşk şiirleri yazıyorum

Ellerinin beyazlığından

Gözlerinin güzelliğinden bahsediyorum

Oysa sen

Bir ettir, kemiktir tutturmuşsun

Gözün dünyayı görmüyor

Al bu şiirimi götür sat

Bir ekmek

Yarım kilo pirzola al

otur zıkkımlan

 Ümit Yaşar Oğuzcan

Kayıt Tarihi : 13.6.2001 15:39:00",,,,Belirsiz,44
149,Açık Arttırma,https://www.antoloji.com/acik-arttirma-siiri/,"Beni öylesine sev

Öylesine artır ki

Hep senin üzerinde kalayım

 Ümit Yaşar Oğuzcan

Kayıt Tarihi : 28.10.2001 03:05:00",,,,Belirsiz,18
150,Açık Arttırma,https://www.antoloji.com/acik-arttirma-siiri/?siralama=p,"Beni öylesine sev

Öylesine artır ki

Hep senin üzerinde kalayım

 Ümit Yaşar Oğuzcan

Kayıt Tarihi : 28.10.2001 03:05:00",,,,Belirsiz,18
151,Ölüm Gelmişse,https://www.antoloji.com/olum-gelmisse-siiri/,"Bitmişse

Kızıllığını avuç avuç içtiğimiz sefalar

Öğleler, ikindiler çoktan geçmişse

Bir akşamüstü garipliği

Sarmışsa her yeri

Güneş devrilmiş

Renkler solmuş

Sesler kesilmişse

Son kuşlar da geçip gitmişlerse ufuktan

Ve çiçekler

Bükmüşse boyunlarını dalgın dalgın

Bil ki olum saati gelmiştir

Senden uzak, kendimden uzak

Tüm umutlardan ve her şeyden uzak

Ben ölmüşümdür uzaklarda bir yerde

Gövdesini kurtların oyduğu

Bir ağaç gibi devrilmişimdir

O ani sen bileceksin herkesten önce

Herkesten iyi sen anlayacaksın

Çaresizliğini, yıkılmışlığını

Sevdiğin adamın

Ve seni nasıl sevdiğini

Duyacaksın derinden derine

Belli belirsiz

Bir gölge düşecek gözlerine

Fakat ağlamayacaksın, ağlamayacaksın

Sen tek gelinim, sen tek kadınım

Sen güzelim, nazlım, bebeğim

Kadersizim sen

Gülerken ağlayanım, ağlarken gülenim

Varlığım, nedenim, alınyazım benim

Elbette ağlamayacaksın

Çünkü sonsuzluklar

Sonsuz sevenler içindir

Çünkü ölüm

Sevmeyi ve ölmeyi bilenler içindir.

 Ümit Yaşar Oğuzcan

Kayıt Tarihi : 28.8.2000 20:05:00",,,,Belirsiz,133
152,Ölüm Gelmişse,https://www.antoloji.com/olum-gelmisse-siiri/?siralama=p,"Bitmişse

Kızıllığını avuç avuç içtiğimiz sefalar

Öğleler, ikindiler çoktan geçmişse

Bir akşamüstü garipliği

Sarmışsa her yeri

Güneş devrilmiş

Renkler solmuş

Sesler kesilmişse

Son kuşlar da geçip gitmişlerse ufuktan

Ve çiçekler

Bükmüşse boyunlarını dalgın dalgın

Bil ki olum saati gelmiştir

Senden uzak, kendimden uzak

Tüm umutlardan ve her şeyden uzak

Ben ölmüşümdür uzaklarda bir yerde

Gövdesini kurtların oyduğu

Bir ağaç gibi devrilmişimdir

O ani sen bileceksin herkesten önce

Herkesten iyi sen anlayacaksın

Çaresizliğini, yıkılmışlığını

Sevdiğin adamın

Ve seni nasıl sevdiğini

Duyacaksın derinden derine

Belli belirsiz

Bir gölge düşecek gözlerine

Fakat ağlamayacaksın, ağlamayacaksın

Sen tek gelinim, sen tek kadınım

Sen güzelim, nazlım, bebeğim

Kadersizim sen

Gülerken ağlayanım, ağlarken gülenim

Varlığım, nedenim, alınyazım benim

Elbette ağlamayacaksın

Çünkü sonsuzluklar

Sonsuz sevenler içindir

Çünkü ölüm

Sevmeyi ve ölmeyi bilenler içindir.

 Ümit Yaşar Oğuzcan

Kayıt Tarihi : 28.8.2000 20:05:00",,,,Belirsiz,133
153,Belki Bir Gün Duyarsın Diye,https://www.antoloji.com/belki-bir-gun-duyarsin-diye-siiri/,"Bu nasıl sevgi böyle? 

Bu nasıl tutku? 

Bu nasıl özlem? 

Ne zaman gözlerini görsem

Bir çoğalıyorum, bir eksiliyorum
Mutluyum varsın diye

Al uzattım ellerimi

Seni sarsın diye

Ceylanım! Belki bir gün duyarsın diye

Çıkmışım bir dağ başına sana türkü söylüyorum
Ne güzel ellerin var incecik

Ne güzel saçların var sapsarı

Anlasana o yalansız gözleri

O kirpikleri, o dudakları

Düşündükçe baştanbaşa özlem kesiliyorum
Al desem, sana ömrümü versem

Korkarsın, alamazsın ki

Dur desem, kaçarsın yine ceylanım

Gül desem, ağlarsın

Gel desem, gelmeyeceksin, biliyorum
Bu engeller bana göre değil oysa

Ben bu dağları aşarım

Geçerim bu denizleri, korkma

İşte düştüm yollara

Dur, bekle beni, geliyorum
Sevmek inancım, tutkum benim en eski

Dağıtsam dünyalara yeterdi bu sevgi

Düşünsene, anlasana ceylanım

Sen yoksan ne farkeder ki

Ha öyle ölmüşüm, ha böyle ölüyorum

 Ümit Yaşar Oğuzcan

Kayıt Tarihi : 16.12.2001 04:22:00",,,,Belirsiz,136
154,Belki Bir Gün Duyarsın Diye,https://www.antoloji.com/belki-bir-gun-duyarsin-diye-siiri/?siralama=p,"Bu nasıl sevgi böyle? 

Bu nasıl tutku? 

Bu nasıl özlem? 

Ne zaman gözlerini görsem

Bir çoğalıyorum, bir eksiliyorum
Mutluyum varsın diye

Al uzattım ellerimi

Seni sarsın diye

Ceylanım! Belki bir gün duyarsın diye

Çıkmışım bir dağ başına sana türkü söylüyorum
Ne güzel ellerin var incecik

Ne güzel saçların var sapsarı

Anlasana o yalansız gözleri

O kirpikleri, o dudakları

Düşündükçe baştanbaşa özlem kesiliyorum
Al desem, sana ömrümü versem

Korkarsın, alamazsın ki

Dur desem, kaçarsın yine ceylanım

Gül desem, ağlarsın

Gel desem, gelmeyeceksin, biliyorum
Bu engeller bana göre değil oysa

Ben bu dağları aşarım

Geçerim bu denizleri, korkma

İşte düştüm yollara

Dur, bekle beni, geliyorum
Sevmek inancım, tutkum benim en eski

Dağıtsam dünyalara yeterdi bu sevgi

Düşünsene, anlasana ceylanım

Sen yoksan ne farkeder ki

Ha öyle ölmüşüm, ha böyle ölüyorum

 Ümit Yaşar Oğuzcan

Kayıt Tarihi : 16.12.2001 04:22:00",,,,Belirsiz,136
155,Bir Ayrılık Gününde,https://www.antoloji.com/bir-ayrilik-gununde-siiri/,"Ne gariptir şu ayrılık günleri

Bir dosttan da, düşmandan da ayrılsan

Nedense bir tuhaf oluyor insan 
Derin bir sizi giriyor içeri

Son bir defa bakarken caddelere

Dükkanlara, evlere, kahvelere
Hatıra yüklü kervanlar geçiyor

Dolu dolu gözlerinin önünden

Bu son yadigar mı bir ayrılık gününden
Ne unutulmaz zamanlar geçiyor

Ağır ağır biz farkında değilken

Gökler masmavi, yaprak yemyeşilken
Sen istediğin kadar unutulmaz de

Bu son dakika, bu vakitsiz yağmur

Unutulur, azizim unutulur
Başka ne yapılır böyle bir günde

Kapanan bavul, çivilenen sandık

Ve sonra kuru bir 'Allaha ısmarladık!'

 Ümit Yaşar Oğuzcan

Kayıt Tarihi : 28.8.2000 18:02:00",,,,Belirsiz,95
156,Bir Ayrılık Gününde,https://www.antoloji.com/bir-ayrilik-gununde-siiri/?siralama=p,"Ne gariptir şu ayrılık günleri

Bir dosttan da, düşmandan da ayrılsan

Nedense bir tuhaf oluyor insan 
Derin bir sizi giriyor içeri

Son bir defa bakarken caddelere

Dükkanlara, evlere, kahvelere
Hatıra yüklü kervanlar geçiyor

Dolu dolu gözlerinin önünden

Bu son yadigar mı bir ayrılık gününden
Ne unutulmaz zamanlar geçiyor

Ağır ağır biz farkında değilken

Gökler masmavi, yaprak yemyeşilken
Sen istediğin kadar unutulmaz de

Bu son dakika, bu vakitsiz yağmur

Unutulur, azizim unutulur
Başka ne yapılır böyle bir günde

Kapanan bavul, çivilenen sandık

Ve sonra kuru bir 'Allaha ısmarladık!'

 Ümit Yaşar Oğuzcan

Kayıt Tarihi : 28.8.2000 18:02:00",,,,Belirsiz,95
157,Beyaz Güvercin,https://www.antoloji.com/beyaz-guvercin-siiri/,"Süzülüp mavi göklerden yere doğru

Omuzuma bir beyaz güvercin kondu
Aldım elime, usul usul okşadım

Sevdim, gençliğimi yeniden yaşadım
Bembeyazdı tüyleri,öyle parlaktı

Açsam ellerimi birden uçacaktı
Eğildim kulağına;dur,gitme dedim

Hareli gözlerinden öpmek istedim
Duydum;avuçlarımda sıcaklığını

Duydum;benden yıllarca uzaklığını
Çırpınan kalbini dinledim bir süre

Ve uçmak istedim onunla göklere
Ak güvercinin iri gözleri vardı

Güzelliğinden fışkıran bir pınardı
Soğuk sularından içtim, serinledim

Çağlayan bir nehrin sesini dinledim
Belki buydu sevmek hayat belki buydu

Işıl ışıldım,gözlerim dopdoluydu
Bir name yükseldi sevinçten ve hazdan

Bir name yükseldi,güzelden beyazdan
Uzattı sevgiyle pembe gagasını

Birden öğrendim hayatın manasını
Kaderde sevgiyi sende bulmak varmış

Seninle bir çift güvercin olmak varmış

 Ümit Yaşar Oğuzcan

Kayıt Tarihi : 26.6.2000 19:13:00",,,,Belirsiz,112
158,Beyaz Güvercin,https://www.antoloji.com/beyaz-guvercin-siiri/?siralama=p,"Süzülüp mavi göklerden yere doğru

Omuzuma bir beyaz güvercin kondu
Aldım elime, usul usul okşadım

Sevdim, gençliğimi yeniden yaşadım
Bembeyazdı tüyleri,öyle parlaktı

Açsam ellerimi birden uçacaktı
Eğildim kulağına;dur,gitme dedim

Hareli gözlerinden öpmek istedim
Duydum;avuçlarımda sıcaklığını

Duydum;benden yıllarca uzaklığını
Çırpınan kalbini dinledim bir süre

Ve uçmak istedim onunla göklere
Ak güvercinin iri gözleri vardı

Güzelliğinden fışkıran bir pınardı
Soğuk sularından içtim, serinledim

Çağlayan bir nehrin sesini dinledim
Belki buydu sevmek hayat belki buydu

Işıl ışıldım,gözlerim dopdoluydu
Bir name yükseldi sevinçten ve hazdan

Bir name yükseldi,güzelden beyazdan
Uzattı sevgiyle pembe gagasını

Birden öğrendim hayatın manasını
Kaderde sevgiyi sende bulmak varmış

Seninle bir çift güvercin olmak varmış

 Ümit Yaşar Oğuzcan

Kayıt Tarihi : 26.6.2000 19:13:00",,,,Belirsiz,112
159,Senden Benden Önce,https://www.antoloji.com/senden-benden-once-siiri/,"Düşünüyorum da; bir bakıma senden öncesi yok gibi bir şey 

Çünkü senden önceki yıllar, sana hazırladı beni 

Senden önce tanıdığım kişiler, seni bulduğum zaman değerini daha iyi 

anlayabilmem için birer sebepten başka bir şey değillerdi 

Sensiz anılarım seninle geçen bir günün anısı yanında o kadar kuru ve cılız ki! 

Uzun yıllar amansız bir ölüşün içinde çalkalanıp durdum 

Bir trendim; küçücük istasyonlardan geçtim, sonunda sana varmak icin 

Bir gemiydim; irili ufaklı limanlara uğradım, bir gün senin limanına gelmek icin 

Bir yoldum; nice insanlar çiğnedi beni Şimdi ayaklarının temasındaki hazzı daha iyi anlıyorum. 

Bir kitaptım; beni okudular, fakat anlayan çıkmadı 

Yıllarca seni bekledi sayfalarım, okuyasın diye 

Yokluğunda bir kadehtim ben, 

Türlü içkilerle doldurup ağızlarına boşalttılar beni 

Yere çarptılar kırılmadım, duvara vurdular parçalanmadım 

Bir gün içime senin güzelliğinin dolacağını bildiğim için 

Dudaklarının değdiği her yerde bir ölümsüzlük ateşinin yanacağına inandığım için 

Gör, bir kadehin nasıl sarhoş olduğunu. 

Şimdi sarhoşum ben 

Kurşun askerler, bebekler, oyuncaklar vardı senden önce 

Durup durup aldanmalar vardı, aldığını geri vermeyen aynalar vardı 

Hep karanlığa açılan pencereler, ardında iğrenç yaratıkların yaşadığı büyük 

kapılar vardı 

Şehirler gördüm; sokaklarında bir toz bulutuydu yaşamak 

Çarşılarında fazilet kiloyla satılır, namus metreyle alınırdı 

Evlerinde yanyana yaşardı insanlarla hayvanlar 

Sabahları yalan girerdi pencerelerinden ışık yerine 

Akşamlar pis bir koku gibi gelir, geceler bir hışım gibi çökerdi o şehirlerin üstüne 

Her evde bir çocuk ağlardı ve her gün bir çocuk ölürdü sıtmadan. 

Gündüzleri erkekler kahvelerinde okey oynar, kadınlar bakraçla su taşırdı 

Gece olunca yataklar utanırdı yataklığından, duvarların yüzü kızarırdı 

Eller ve ayaklar bütün gece kirli bulaşıklar gibi yıkanmayı beklerdi 

Şehirler gördüm ben.. 

Sefaletin utanç olmadığı şehirler gördüm 

Bencilliklerin birer apartman gibi yükseldiği ve şereflerin çamurlara 

düştüğü şehirler gördüm 

yaptığını anlamıyordu 

Balolarda, şölenlerde kötü bir oyundu yaşamak.

Kadınlar elmaslarıyla ölçüyorlardı güzelliklerini 

Erkekler banka cüzdanlarıyla değerliydiler 

Ne şehirler gördüm ben.. 

Tiyatrolarında, sinemalarında aldanışlarımız, utançlarımız oynanırdı 

Meyhanelerinde kirli ve renkli sulardı içilen. 

Mavileşmiş bir köhne zamandı. 

Çeşitli tuzaklarla doluydu her sokağı. 

Büyük arenalara benzeyen sokaklarında kan ve zulüm kokardı. 

Bir semtinde parfüm kokularıydı havaya karışan.

Bir semti amonyak kokardı. 

Ve nice insanlar gördüm ben. 

Alışkın elleri kötülük etmeden duramazdı. 

Yalan söylemeden edemezdi dudakları. 

Gurur kötü dikilmiş bir elbiseydi üzerlerinde.

Boş kovalar gibi ses verirlerdi dokunulduğu zaman.

Nice insanlar gördüm ben. 

Bir yoksula en küçük bir iyiliği yapmaktan çekinen, 

fakat bir gecenin cömert bir saatinde onbinleri, 

yüzbinleri vahşi bir zevkle kaybeden insanlar gördüm.

Din adamları aldatılacak bir kadın, ırzına geçilecek bir çocuk arıyordu mabetlerinde.

Zenginliklerine daha sömürülecek insanlar gerekti.

Ben yüzü jiletle kesilmiş kötü adamlar gördüm ve ben her sabah yüzünü traş ettiği jilet kadar para etmeyen daha kötü adamlar gördüm.

En adi kıskançlıklar gördüm, kavgalar, zulümler, iskenceler, en ucuzundan kirli çamaşırlar, paçavralar, çamurlar, irinler, çirkefler gördüm.

Seni tanıyıncaya kadar dinlediğim çatlak sesli bir plaktı, berbat bir filmdi seyrettiğim.

Seni görünceye kadar kötülükten yana ne varsa tanıdım, çirkinlikten yana ne varsa gördüm.

Tut ki bir kum çölündeydim, kızgın bir güneşin altında susuzluktan çatladı dudaklarım.

Şimdi senin dupduru kaynağına eğilip su içerken varlığının paha biçilmez değerini daha iyi anlıyorum.

Yokluğunu bu kadar derinden tatmasaydım, varlığının eşsiz anlamına varamazdım.

Tut ki yıllarca süren bir geceydi senden öncesi. 

Güneşsiz aysız, yıldızsız bir gökyüzüydü. 

Kupkuru bir eski deniz kalıntısıydı. 

Çekilmiş bir nehir yatağıydı. 

Senden önce bir gün seni bulmak ümidiydi beni yaşatan.

Tohumun yeşermek işin yağmuru, çiçeğin açmak için güneşi beklediği gibi bekledim seni.

Nasıl bir nehir denize kavuşmak için uzak mesafelerden çağlaya çağlaya gelirse; işte ben de öyle geldim senin denizlerine.

Senden öncesi uzun, uğultulu bir arayıştı, kudurmus bir çalkantıydı. 

Yokluğun öyle bir uçurumdu ki; yeryüzündeki bütün uçurumları uç uca eklesek, yokluğunun yanında bir nokta gibi kalırdı. 

Bütün girdaplar bir araya gelse; varlığının derinliğine yaklaşamaz şimdi. 

Senden önceki yıllardan sana kendimi getiriyorum. 

Yokluğunu tatmış, her yerde seni bir rüzgarcasına aramış ve vahşi, büyük bir nehircesine sana koşmuş bir ben var şimdi karşında. 

Arındım bütün kötülüklerden sana geldim. 

Seni yarınlara götüreceğim, gel; 

yaşanmamış zamanlara, erişilmemiş hazlara götüreceğim seni. 

İnan ki ne senden öncesi vardı, ne de 

benden öncesi.

 Ümit Yaşar Oğuzcan

Kayıt Tarihi : 10.1.2002 12:37:00",,,,Belirsiz,651
160,Senden Benden Önce,https://www.antoloji.com/senden-benden-once-siiri/?siralama=p,"Düşünüyorum da; bir bakıma senden öncesi yok gibi bir şey 

Çünkü senden önceki yıllar, sana hazırladı beni 

Senden önce tanıdığım kişiler, seni bulduğum zaman değerini daha iyi 

anlayabilmem için birer sebepten başka bir şey değillerdi 

Sensiz anılarım seninle geçen bir günün anısı yanında o kadar kuru ve cılız ki! 

Uzun yıllar amansız bir ölüşün içinde çalkalanıp durdum 

Bir trendim; küçücük istasyonlardan geçtim, sonunda sana varmak icin 

Bir gemiydim; irili ufaklı limanlara uğradım, bir gün senin limanına gelmek icin 

Bir yoldum; nice insanlar çiğnedi beni Şimdi ayaklarının temasındaki hazzı daha iyi anlıyorum. 

Bir kitaptım; beni okudular, fakat anlayan çıkmadı 

Yıllarca seni bekledi sayfalarım, okuyasın diye 

Yokluğunda bir kadehtim ben, 

Türlü içkilerle doldurup ağızlarına boşalttılar beni 

Yere çarptılar kırılmadım, duvara vurdular parçalanmadım 

Bir gün içime senin güzelliğinin dolacağını bildiğim için 

Dudaklarının değdiği her yerde bir ölümsüzlük ateşinin yanacağına inandığım için 

Gör, bir kadehin nasıl sarhoş olduğunu. 

Şimdi sarhoşum ben 

Kurşun askerler, bebekler, oyuncaklar vardı senden önce 

Durup durup aldanmalar vardı, aldığını geri vermeyen aynalar vardı 

Hep karanlığa açılan pencereler, ardında iğrenç yaratıkların yaşadığı büyük 

kapılar vardı 

Şehirler gördüm; sokaklarında bir toz bulutuydu yaşamak 

Çarşılarında fazilet kiloyla satılır, namus metreyle alınırdı 

Evlerinde yanyana yaşardı insanlarla hayvanlar 

Sabahları yalan girerdi pencerelerinden ışık yerine 

Akşamlar pis bir koku gibi gelir, geceler bir hışım gibi çökerdi o şehirlerin üstüne 

Her evde bir çocuk ağlardı ve her gün bir çocuk ölürdü sıtmadan. 

Gündüzleri erkekler kahvelerinde okey oynar, kadınlar bakraçla su taşırdı 

Gece olunca yataklar utanırdı yataklığından, duvarların yüzü kızarırdı 

Eller ve ayaklar bütün gece kirli bulaşıklar gibi yıkanmayı beklerdi 

Şehirler gördüm ben.. 

Sefaletin utanç olmadığı şehirler gördüm 

Bencilliklerin birer apartman gibi yükseldiği ve şereflerin çamurlara 

düştüğü şehirler gördüm 

yaptığını anlamıyordu 

Balolarda, şölenlerde kötü bir oyundu yaşamak.

Kadınlar elmaslarıyla ölçüyorlardı güzelliklerini 

Erkekler banka cüzdanlarıyla değerliydiler 

Ne şehirler gördüm ben.. 

Tiyatrolarında, sinemalarında aldanışlarımız, utançlarımız oynanırdı 

Meyhanelerinde kirli ve renkli sulardı içilen. 

Mavileşmiş bir köhne zamandı. 

Çeşitli tuzaklarla doluydu her sokağı. 

Büyük arenalara benzeyen sokaklarında kan ve zulüm kokardı. 

Bir semtinde parfüm kokularıydı havaya karışan.

Bir semti amonyak kokardı. 

Ve nice insanlar gördüm ben. 

Alışkın elleri kötülük etmeden duramazdı. 

Yalan söylemeden edemezdi dudakları. 

Gurur kötü dikilmiş bir elbiseydi üzerlerinde.

Boş kovalar gibi ses verirlerdi dokunulduğu zaman.

Nice insanlar gördüm ben. 

Bir yoksula en küçük bir iyiliği yapmaktan çekinen, 

fakat bir gecenin cömert bir saatinde onbinleri, 

yüzbinleri vahşi bir zevkle kaybeden insanlar gördüm.

Din adamları aldatılacak bir kadın, ırzına geçilecek bir çocuk arıyordu mabetlerinde.

Zenginliklerine daha sömürülecek insanlar gerekti.

Ben yüzü jiletle kesilmiş kötü adamlar gördüm ve ben her sabah yüzünü traş ettiği jilet kadar para etmeyen daha kötü adamlar gördüm.

En adi kıskançlıklar gördüm, kavgalar, zulümler, iskenceler, en ucuzundan kirli çamaşırlar, paçavralar, çamurlar, irinler, çirkefler gördüm.

Seni tanıyıncaya kadar dinlediğim çatlak sesli bir plaktı, berbat bir filmdi seyrettiğim.

Seni görünceye kadar kötülükten yana ne varsa tanıdım, çirkinlikten yana ne varsa gördüm.

Tut ki bir kum çölündeydim, kızgın bir güneşin altında susuzluktan çatladı dudaklarım.

Şimdi senin dupduru kaynağına eğilip su içerken varlığının paha biçilmez değerini daha iyi anlıyorum.

Yokluğunu bu kadar derinden tatmasaydım, varlığının eşsiz anlamına varamazdım.

Tut ki yıllarca süren bir geceydi senden öncesi. 

Güneşsiz aysız, yıldızsız bir gökyüzüydü. 

Kupkuru bir eski deniz kalıntısıydı. 

Çekilmiş bir nehir yatağıydı. 

Senden önce bir gün seni bulmak ümidiydi beni yaşatan.

Tohumun yeşermek işin yağmuru, çiçeğin açmak için güneşi beklediği gibi bekledim seni.

Nasıl bir nehir denize kavuşmak için uzak mesafelerden çağlaya çağlaya gelirse; işte ben de öyle geldim senin denizlerine.

Senden öncesi uzun, uğultulu bir arayıştı, kudurmus bir çalkantıydı. 

Yokluğun öyle bir uçurumdu ki; yeryüzündeki bütün uçurumları uç uca eklesek, yokluğunun yanında bir nokta gibi kalırdı. 

Bütün girdaplar bir araya gelse; varlığının derinliğine yaklaşamaz şimdi. 

Senden önceki yıllardan sana kendimi getiriyorum. 

Yokluğunu tatmış, her yerde seni bir rüzgarcasına aramış ve vahşi, büyük bir nehircesine sana koşmuş bir ben var şimdi karşında. 

Arındım bütün kötülüklerden sana geldim. 

Seni yarınlara götüreceğim, gel; 

yaşanmamış zamanlara, erişilmemiş hazlara götüreceğim seni. 

İnan ki ne senden öncesi vardı, ne de 

benden öncesi.

 Ümit Yaşar Oğuzcan

Kayıt Tarihi : 10.1.2002 12:37:00",,,,Belirsiz,651
161,Seninle Ölmek İstiyorum,https://www.antoloji.com/seninle-olmek-istiyorum-siiri/,"Dağ başında bir avcı kulübesi

Yerler diz boyu kar

Ocakta ateş

Dışarda rüzgar

Hadi gel

Önce sevişmeliyiz uzun uzun

Yerdeki ayı postunun üzerine uzanmalıyız

Bütün vücudunu santimetre karelere ayırıp

Birer birer öpmeliyim

Ve sonra sımsıkı sarılmalıyım sana

Böylece ölmeliyiz

Aradan yıllar geçip

Bizi buldukları zaman

Etlerimiz çürümüş olsa da

Kemiklerimiz ayrılmamalı birbirinden

Hadi gel

Nefes almak hüner değil

Seninle ölmek istiyorum...

 Ümit Yaşar Oğuzcan

Kayıt Tarihi : 28.8.2000 20:25:00",,Seninle Ölmek İstiyorum,1960.0,Erken Dönem (1947–1962),69
162,Seninle Ölmek İstiyorum,https://www.antoloji.com/seninle-olmek-istiyorum-siiri/?siralama=p,"Dağ başında bir avcı kulübesi

Yerler diz boyu kar

Ocakta ateş

Dışarda rüzgar

Hadi gel

Önce sevişmeliyiz uzun uzun

Yerdeki ayı postunun üzerine uzanmalıyız

Bütün vücudunu santimetre karelere ayırıp

Birer birer öpmeliyim

Ve sonra sımsıkı sarılmalıyım sana

Böylece ölmeliyiz

Aradan yıllar geçip

Bizi buldukları zaman

Etlerimiz çürümüş olsa da

Kemiklerimiz ayrılmamalı birbirinden

Hadi gel

Nefes almak hüner değil

Seninle ölmek istiyorum...

 Ümit Yaşar Oğuzcan

Kayıt Tarihi : 28.8.2000 20:25:00",,Seninle Ölmek İstiyorum,1960.0,Erken Dönem (1947–1962),69
163,İki Kişiye Bir Dünya (Senfonik Şiir),https://www.antoloji.com/iki-kisiye-bir-dunya-senfonik-siir-siiri/,"Birinci Bölüm:

Kader Kapıyı Çalıyor

(Andante) 
Gelme diyorsun

Bu gel demektir

Birazdan güneş doğacak

Dolu dizgin atlılar geçecek yüreğimden

Seni düşüneceğim

Gümüş mahmuzların parlaklığında

Yağmur nal izlerini örtmeden

Sana geleceğim

Bekle beni

Hindistan ‘da Banaras şehrinde seni aradım

Ganj ‘ın sularında lanetlenmiş insanlar yıkanıyordu

Ganj ‘ın suları pisti bulanıktı

İçtim
Bir kadın tanıdım Haydarabat ‘da

Cüzamlıydı güzeldi üstelik

Sana benziyordu

Etli dudakları vardı

Brahman mabetlerinde seviştik üç gün üç gece

Taşların üstünde yattık

Bir hayvan tarafımız vardı alımlı

Bir Tanrı tarafımız vardı iğrenç

Bir insan tarafımız olacaktı

Aradık üç gün üç gece

Bulamadık

Bir Tanrı tarafımız vardı korkunç

Sevemedik
Sonra Nijerya ‘da Mozambik ‘te Altınsahillerinde

Kulaklarımda ulu ormanların uğultusu

Vahşetin musikisini dinledim yeşil yeşil

Zifir gibi bir yalnızlıktı içimde yokluğun

İri bir memeydin kalçaydın avuçlarımda

Belki bir tutam tuzdun kirli

Seni düşündükçe susuyordum

Nehirler göller kandırmıyordu beni

O kadınlara gidiyordum

O bakır tenli kadınlara

O kadınlarla da yattım

Adam boyu yaprakların üzerinde

Boyanıp boyanıp yeryüzüne çıkıyorduk derinlerden

Yorgundum

Kuşkuluydum

İliklerime kadar bendim

Bir yeşildim

Bir beyazdım

Karanlıktım

İnsan eti yiyenler anladı beni
Kanarya adalarında

Bir kamış kulübede iki ayna buldum

Birinde ellerim vardı kemik kemik

Parmaklarım beni çağırıyordu sana

Birinde gözlerim vardı

Ağlıyordum

Çiğnenmiş otlara döndüm

Ağlamaklı denizlere

Köpek balıklarının azı dişleri avutmaz beni
Bir gemiydim 

Battım

Santa – İsabelle adasının önünde

Şimdi 3200 metre derindeyim

Sana ahtapot gözleri topluyorum

Sana mürekkep balıklarının gözyaşlarını getireceğim

Bırak beni

Yosunlarla bir çeşmeden su içiyorum

O derinliklerde bir mağarada buldum kendimi

Önce garipsedim çıplaklığımı

Utandım

Sonraları alıştım güzelliğime

Bir elim sendin

Bir elim ben

Ayaklarımı göremezdin

Öyle uzaktaydı

Sağ kolumu Mekke ‘de kestiler şafak vakti

Utanmaz yalnızlığımla kaldım çaresiz
Bitmez

Haçlı seferleri boyunca anlatsam maceramı

Yakına gel

Dört yanımız iri ıstakozlarla dolu

Yalnız değiliz

Tuk ki bu tuzlu balıklarda benim yüreklerim çarpıyor

Tut ki gözümün yarısı elmada yarısı kapanık

Tut ki ben beyaz peynirim ben zeytinim

Al

Ekmeğine katık et beni
Dufy ‘nin bir sokağı vardı bilir misin

İlkin seni o mor sokakta gördüm

Temmuzun ondördüydü

Bütün itliği üzerindeydi güneşin

Bir yeşil elbisen vardı

Bir siyah ayakkabın vardı

Bir gözlerin vardı

Bir dudakların vardı

Ama ben yoktum o sokakta

Tahiti adalarında

Gaugin ‘le seni düşünüyordum

Absent kadehlerinde ellerini içiyordum yudum yudum

Dufy ‘nin sokağı aklıma nereden geldi
Bir çift zar aldım

Attım gökyüzüne

Adis-Ababa şehrine düştü

Adis-Ababa şehrinde kadınlar

Hepyek bakıyordu yüzüme

Yüzümde cinayetler işleniyordu her gece

Kadmiyum kırmızısından kanlar akıyordu nehir nehir

Sen baksan görürdün

Her gözüme bir düşeş oturmuştu

Sen görsen anlardın

Titanyum beyazı yalnızlığımı

Budapeşte köprüsünün üzerinde

Bir çingene falıma baktı

Dedi üç günde öleceksin

Ben üçbin yıldır seni arıyorum

Kapılara sığmıyor umutsuzluğum

Lağım kokuları gibi çirkef gibi kederliyim

İçimden dünyayı ipe çekmek geliyor

Cümle yıldızlar şahidim olsun

Yapmazsam adam değilim
Şanghay ‘da orospular benimle yatmadı

Çirkinsin dediler

Pissin dediler

Yıkandım arındım

Afyon yüklü mavnalar geçiyordu Çin denizinden

Birisi geçmişime küfretti

Tuttum öldürdüm

Geçmişim seninle güzeldi temizdi aktı

Kirlettim

Affet beni
Hamamatsu ‘da bir geyşa kızı yüzüme tükürdü

Pyong-Yang ‘da kurşuna dizdiler beni

Tiz bir boru sesi üç defa ti çekti

Trampetler başımda zonkluyordu

Kederliydim

Çaresizdim

Canım Tchaikovski ‘yi dinlemek istiyordu

Ah o keman konçertoları öldürdü beni
Dinsizdim İstanbul ‘da minareler üstüme yıkıldı

Yoksuldum Kudüs ‘te kiliseler kabul etmedi beni

Gelme diyorsun

Bu gel demektir

Birazdan akşam olacak

Rachmaninof ‘la bir meyhanede içmeliyim bu gece

Sonra sana gelmeliyim

Rachmaninof nereye giderse gitsin
Şimdi bir derin mavide akşam oluyor

Gök mavi deniz mavi

Mor dağlar yeşil ağaçlar mavi

Bozuk düzen mavi gecelerden sesleniyorum sana

Ne opera aryaları

Ne beşinci senfonisi Beethoven ‘in

Bir yalnızlık marşıdır çalınıyor uzakta

Gün ışığı arkamızda kaldı bak

Tanyerinde unuttuk gözlerimizi

Gel artık

Hayata yeniden baçlayalım

Gel artık

Bu mavilerde kimseler görmez bizi
Solfej anahtarlarını kaldıralım

Do ‘ların mi ‘lerin önünden

Bırakalım bu dünyayı alabildiğine dönsün

Ölmekse daha kolay ne var

Yaşamaksa sensiz mümkün değil

İskender adam edemedi bu dünyayı

Biz mi edeceğiz

Eflatun çözemedi yaşamanın sırrını

Biz mi çözeceğiz

Bütün yataklar bir kişilik

Git diyorsun

Nereye gideyim

Birazdan gece olacak

Ağır kılıçlar parçalayacak yüreğimi

Pis bir koku gibi çökecek üstüme yalnızlığım

Seni düşüneceğim stepler ortasında yorgun kimsesiz

Dolu dizgin atlılar geçmeyecek yüreğimden

Bir gözümde gümüş mahmuzların pırıltısı hazin

Bir gözümde bozulmuş nal izleri

Durup durup ağlayacağım
Sen bu ayrılıklar için mi yaratıldın söyle

Bu zehir zemberek kederler için mi

Bak bütün orkestralar sustu

Bütün ışıkları söndü dünyanın

Korkma

Haydi uzat ellerini

Geçmiş yılları yeniden yaşayalım bir bir

Bak dinle

Bir seslenen var uzaklardan

Bak dinle

Kader kapıyı çalıyor

Gelme diyorsun

Gelme diyorsun

Bu gel demektir.
İkinci Bölüm	:

Seninle Kardeş Değiliz

(Allegro) 
Tanrının bıraktığı yerden biz başlıyalım

Üç milyar insanın yarısını sen öldür yarısını ben

Üç kişi kalsak yetişir yeryüzünde

Yaklaş bana

Seninle kardeş değiliz
Hüzünle karışık sevinçlerden kurtul artık

Arzuların o belli belirsiz sıcaklığını sev

Biliyorsun

Önce Tanrı insanı yarattı

Sonra insan sevgiyi

Ne yapsak boş

Ne kadar çabalasak faydasız

Geriye dönemeyiz

Olanlar oldu iş işten geçti

Çamurumuza sevgi katılmış bir kere
Kim bu şarkıları söyleyen

Karcığar faslından düm tek üzere

Aklım bir yere erişti durdu

Susun

Şimdi üçgenlerle oynuyorum

Kaldırın bu daireleri

Bir model kız geldi soyundu karşımda

Saçlarından üç fırça yaptım

Üç tüp boyan vardı

Verenoz yeşili zümrüt yeşili krom yeşili

Hepsini kattım birbirine

Senin yeşilini buldum

Senin yeşilinde orkestralar Debussy ‘den çalıyordu

Senin yeşilinde unuttum siyahlığımı
Bu deli eden uğultu nerden geliyor

Kim kırdı bu aynaları

Toplayın yüzümüzü görelim

Çirkin değiliz artık

Bir kapı açılda önümüzde ölümsüzlüğe

Güzeliz

Sabahlar bizimle dolu

Işık diyordun al işte

Kör kıyılara kadar ışıdı yeryüzü

Renk diyordun işte bak

Buram buram mavi

Çarşılar dolusu kırmızı

Süt beyazından geceler

Sarı güneşler ortasında turuncu bir gün

Yitirilmiş saadetlerin bahçesinde mor çiçekler
Kardeş değiliz diyorum inanmıyorsun

Yalan bunca faziletler yalan

Bizi bu ciğeri beş para etmez insanlar mahvediyor

Aldırma diyorum sana

Dünya ikimiz için yaratıldı

Üç milyar insan iş olsun diye geldi yeryüzüne
Verdiğin her kederin yüreğimde yeri var

Hangi kitabı açtıysam seni okudum yıllardır

Hangi aynaya baktıysam seni gördüm

Gel desen gelemem

Git desen gidemem

Öl desen kanım akmaz

Anladım artık seni sevmek yüce bir şey

Anladım seni sevmek Tanrı ‘ya yaklaşmak gibi
İnsanlar içinde bir sana inandım

Bir seni sevdim kendimden başka

Uykularımın bölündüğü saatlerde

Sendin düşündüğüm soluk soluk

Sivri bıçaklar gibiydin karanlığımda

Gözümü yumsam seni görüyordum

Oynak türkülere benzeyen yürüyüşünle

Sen çıkıyordun karşıma

Karanlığımda

İki yıldızdı ellerin görülmedik

Karanlığımda

Bir orman yangınıydı dudakların
İstesen hayat verirdim bu karanlıklara

İstersen gökyüzünü bir mendil gibi yırtardım

Denizlerden göllerden nehirlerden

Sana görmediğin renkler yaratırdım

Zamanın ötesinde

Yeni bir dünya kurardım sana

İnsansız Tanrısız kedersiz

Severdin

Dağ rüzgarlarının serinliğince

Yaşardın

Bu sefil dünyamızdan uzak
Bir yanıp bir sönen ışıklar gibiyim

Yumruk kadar yüreğimde sen varsın

Kutsal kederler içinde seninleyim artık

Sarı badanalı evlerde başbaşayız

Bütün duvarlara gölgen kazınmış

Kokun sinmiş bütün perdelere

Kapılarda parmakların beyaz beyaz

Sokaklarda ayaklarının izi

Ben bu sokaklarda ölsem

Kaldırımlar çekmez ağırlığımı

Söylesem aşkımı asırlar boyunca

Bu iki yüzlü insanlar anlamaz beni
Desem ki yeryüzüne beş peygamber geldi

Beşincisi sensin

Desem ki iki kişi kaldık dünyada

İkincisi sensin

Desem ki biri var yeri göğü var eden

O da sen olurdun

Sana tapmak için

Kilden bir heykel yapardım güzelliğince

Bilsem ki sen Tanrı ‘dan iyisin

Bilsem ki Tanrı senden güzel değil
Senin o kocaman kocaman gözlerin yok mu

Nasıl duruyor boşluğunda arzuların anlamıyorum

Nasıl nasıl bakıyor bana

Böyle merhametten uzak

Git diyorsun

Nereye gideyim

Ümitlerim ne olacak

Bunca şiirleri kim söyleyecek sana

Kim anlatacak dünyaya sığmayan güzelliğini
Gitmek mümkün olsa da gitsem uzaklara

Sevmesem seni bir daha

Paramparça etsem yüreğimi cam gibi

Sonra yaksam

Savursam küllerini karlı dağlardan açık denizlerden

Yine seni severdim toz toz

Yine sana tapardım küllerimin ağırlığınca
Bu oksijen gazı olmasa da olurdu

Ama Beethoven gelmeseydi dünyaya

Seni bu kadar sevemezdim

İkimizin ortasında o duruyor

Sağımızda birinci keman

Solumuzda ikinci keman

Karşımızda üçüncü keman

Sonra orglar flütler kontrbaslar

Sustur şu orkestrayı Beethoven

Şimdi dokuzuncu senfoninin sırası mı
Bunca yalnızlıklar bunca yokluklar benim işim değil

Bu çirkinliği ben yaratmadım

Ne de bu kahpe güzellikleri

Bende sevmediğin ne varsa senden türedi

Şu karanlık bakışlar

Şu ellerimin pisliği

Şu dudaklarımdan çıkan iğrenç sözler

Besbelli senin eserin

Ne buldumsa sende buldum kötülükten yana

Ne öğrendimse senden öğrendim

Seni sevdikten sonra başladım yaşamağa
Seni Tanrı yarattıysa beni kim yarattı

Bu azabı kim verdi bana

Çıngıraklı yılanların zehirini içtim

Balinaların kusmuklarını

Kükürt kokulu imkansızlıklar içindeyim

Oysa güzeldim tarihin ilk çağlarında

Görsen şaşardın

Öyle aydınlıktım

Öyle iyiydim

Kobalt mavileriyle doluydu yüreğim

Kurşun beyazlarıyla

Severdin beni

Midye kabuklarının yeşilliğince
Sonunda dediğim çıktı işte

Samanyolundan bir yıldız düştü dünyaya

Sinekler gibi eziliverdi insanlar

Her şey bir anda olup bitti

Yapayalnız kaldık

Ne radyo aktivite ne mantar şeklinde bulutlar

Ne yaşamak sevinci ne ölüm korkusu

Sonunda üç kişi kaldık dünyada

Sen

Ben

Bir de Jiro ‘nun Manon Lesko ‘su
Yine bana bakarken yüzün kızarıyor

Toplum kurallarından kurtulamadın daha

Bütün çayırlar bomboş

Görmüyor musun

Al başını dağlara çık

Avaz avaz şarkı söyle sokaklarda

Bir kibrit çak

Bütün evler yansın

Yüzbin yılın öcünü al bu şerefsiz dünyadan

Sonra kaldır kendini denize at

Biraz serinle

Sevebildiğim kadar insanım ben

On gram arsenik yeter canıma

Beni düşünme
Uzun mistral rüzgarlarının üzerine

Nimbüs bulutları geliyor kaç

Uykumuz bölündü çırıl çıplağız

Kum fırtınaları başladı

Çin seddinin ötesinde

Gölgemizi bir Asya şehrinde unuttuk

Taklamakan çöllerinde kaldı rüyalarımız

Haydi git

Yok olduk iki olduğumuz yerde

Haydi git

Bir kalırsak yine var olacağız.
Üçüncü Bölüm	:

Karanlıkta

(Presto) 
Beşyüz borazan birden çalıyor

Bin davul birden vuruyor başımda

Gök gürültüleri

Çekiç sesleri makine sesleri

Dağlardan kopan kocaman çığlar

Taşlar

Kayalar

Ey üstüme üstüme gelen deniz

Ey cam kırıklarından kader

Yeter artık

Nerdeyse çıldıracağım

Bir yeşil ötesine geldim durdum işte

Merdivenin son basamağındayım

Bir adım daha atsam

Kimseler tutamaz beni

Bir adım daha atsam karanlıktayım
Kaç kere söyledik

Şu potpuriyi çalmayın diye

Anlamıyor musunuz

Fa diyez bemol çaresizlikler içindeyi

Bir duvar yıkılıyor altında kalıyoruz

Bir adam ölüyor bizi gömüyorlar

Susturun şu kemanları

Biraz da ilahlar ağlasın yokluğumuza

Kirli gözyaşları kırık iskemleler

Başı bozuk Çigan havaları

Yeminler notalar akortsuz teller

Ve sakat çocukları Nagazaki ‘nin

Biz bunun için mi geldik yeryüzüne

Devirin şu putları

Mukaddes kitaplar bize göre değil artık
Sinemaskop rezaletler içindeyiz

Café Chantant ‘larda dua ediyoruz

Mabetlerde çiftleşiyoruz artık

Mesuduz

Dokunmayın keyfimize

Saint Pierre ‘in doksandokuzuncu göbekten torunu

Strip tease yapıyor

Foli Bergere revüsünde her gece

Gelsin arkasından şampanya şişeleri

Kauçuk göğüslü kızlarda bir naz bir çalım

On derste aşk

On derste güzellik

On derste cinsiyet

Ve tam onbin yıldır arayıp bulamadığımız fazilet

Sonra mezarlıklar dolusu günah

Genelevler dolusu namus

Velhasıl ailece rock ‘n roll dansı öğrendik

Tepinip duruyoruz
Pirinç tanelerine çizdiğimiz kral resimleri bizi kurtarmadı

Ne de Babil ‘in asma bahçeleri

Hakkını veremedik alın terimizin suçluyuz

Har vurup harman savurduk ömrümüzü

Akıllı bir maymun olmaktan öteye gidemedik

Şimdi bu kördöğüşünde yenildikse suç bizim

Geç anladık zavallılığımızı

Her şeyi bu sağır göklerden bekledik yıllardır

Bizi kimseler inandıramadı ölüme

Bize kimseler öğretmedi insanlığımızı
Kim kurdu bu düzeni nerdeyiz

Bu tekerlekler nasıl dönüyor boşlukta

Bu umutlar bu dualar bu kahrolası hayaller

Nasıl bunca yıldır barındırdı bizi

Bu katı yürekli topraklar

Bu gülünç mezartaşları

Ölümler ölümler ölümler

Ölümlerden beter yalnızlığımız

Bu macera ne zaman bitecek söyleyin

Söyleyin ne zaman aydınlanacak

Bu karanlık alın yazımız
Harun-er Reşidin gazabına uğradık cümlemiz

Başparmaklarımızın birinci boğumundan vurdular bizi

Bir düşüş düştük Eiffel kulesinden

Sersefil oldu ölümüz caddelerde

Nice evlerin nice apartmanların bütün ağırlığı üzerimize kurşun gibi çöktü

Sokak köpekleri işedi kanlı gömleğimize

Yedi yıldız senesi bağırdık ağladık

Kimseler duymadı sesimizi Lili Marlen

Beşyüz sene sonra anlaşıldı yokluğumuz

İşte biz böyle yitirdik inancımızı Tanrıya

Keyfimize dokunmayın

Adamakıllı sarhoşuz
Ya bir gül koparın bahçenizden

Koklayalım

Ya bir yudum su doldurun taslarımıza

İçelim

Ya da bir dilim ekmek verin

Şükredelim yaşadığımız

Karanlıklar içinde

Çamurlar içindeyiz

Tutun kaldırın bizi

O yalancı sevginiz sizin olsun

Biz yaşamak için geldik yeryüzüne

Alın başınıza çalın merhametinizi
Körsünüz ya da sağırsınız

Beyaz çorap giydi diye

Ku Klux Klan derneğinin adamları

Bir zenciyi linç ettiler

Görmediniz

İbni Mansurun beşinci karısını toprağa gömdüler beline kadar

Sabahtan akşama dek yedibin kişi taşladı

Yedibin kişi tükürdü yüzüne görmediniz

Şu gökkubbenin altında

Boşa gitti nice bonjour ‘larımız

Sonra üç kere good night dedik

Duyan olmadı
Ya savaş meydanlarında yitirip bulamadığımız gerçek

Engizisyon işkenceleri yirminci yüzyılın

Fırınlar

Gaz odaları

Kitle halinde ölümler

Kara sineklerin konduğu çürümüş et yığınları

Yaylım ateşlerile delik deşik olmuş insanlığımız

O azgın atların çiğnediği kollar bacaklar

O kan çanağı gözler

O süngü uçlarında yükselen kesik başlarımız
Bizi alçaltan bu kanlı zafer taçları işte

Öptüğümüz o pis eller

O maymun maskara soytarılar

Küçük orospular

Kirli zevklerimiz

Yatağımıza giren frengili kadınlar

Aldığını geri vermez bir karanlık dört yanımızda

Hangi perdeyi aralasak gece

Hangi taşı kaldırsak çaresizlik

Ölüm isli bir fener ışığı bu karanlıklarda

Ölüm yorgun askerlerin tek umudu sıcak

Biz bu ölümlerle yakınız ölümsüzlüğe

Bu karanlıklarla uzak
Siz dilediğiniz şarkıyı söyleyin yine

Yine karamelalarla kandırın küçük kızları

Irzına geçin torunlarınızın

O sapık arzularınız yükseltecek sizi

O karanlık odaların başıboş rahatlığı

Varın dilediğiniz gibi yaşayın artık

Bir gün bütün günahlarınız bağışlanacak Tanrı katında

Ne cehennem ateşleri ne o köprüler kıldan ince

Sizin için değil

Siz öyle Tanrıların böyle kullarısınız işte
Şimdi de oturmuş tuz biber ekiyorsunuz yaramıza

Kiliselerde camilerde öğütler veriyorsunuz Tanrı adına

Sonra her gece bir cinayet işliyorsunuz

Temiz çarşaflarda pis kanınız

Uykularımızda gölgeniz korkunç belalı

Sizi sayıyla mı verdiler bize

Defolun karşımızdan

Bize kendi derdimiz yeter

Kanınızı bulaştırmayın ellerimize
Yüzsüzlüğün bu kadarına pes doğrusu

Haydi biraz eğin başınızı

Bizden af dileyin

Kederimizi anlayın artık

Saygı gösterin sevgimize

Belki sizi affedebiliriz

Ne de olsa insanız biz de

Bir zayıf tarafımız vardır
Nasıl aldandık bunca zamandır

Nasıl inandık güzelliğine hayatın

Bize ne doğan güneşten

Büyüyen buğdaydan akan sudan bize ne

Alabildiğine kederliyiz yorgunuz

Bize dostluğu öğrettiniz

Bize sevmesini öğrettiniz böyle delicesine

Sevdikse günahlarımız Tanrı ‘nın boynuna

Sevilmedikse insanlar utansın kederimizden

Ne aradık ne bulduk dünyanızda söyleyin

Bir sevgiyi bile çok gördünüz bize

Öpüştük uykularımızda ayıpladınız

Kara kara yengeçleri saldınız üstümüze

Şimdi de bir yaşamaktır tutturmuşsunuz

Rahat bırakın bizi

Göğüyle deniziyle

Taşıyla toprağıyla

O yoktan var ettiğiniz Tanrı ‘sıyla

Dünyanız sizin olsun.
Boğaz tokluğuna yaşamalar bizi kurtarmaz artık

Biz oldum olası kör doğmuşuz

Brakisefal kafalarımız bir işe yaramıyor

Hele şu bizimsiz ayaklarımızın haline bakın

Aptallığımız yüzümüzden belli

Aynaya bakıp gülüyoruz

Oysa bütün çirkinliğimiz aşikar ayna gibi

Söyleyin bir Shakespeare mi akıllıydı içimizde

To be or not to be
To be or not to be bir şey değil yine

Sen olmasan benim varlığımdan ne çıkar

Ama sen yoksun işte

Bense bütün insanlar gibi ha varım ha yoğum

Yine sana çıkıyor bütün yollar

Yine bütün iki kere ikiler dört ediyor

Dönüp dolaşıp aynı yere geliyorum.
Dördüncü Bölüm	:

Sana Bir Tanrı Getirdim

(Adagio) 
Hani o iki kişilik dünyalar bizimdi

Hani sen iyiydin

Halden anlardın

Hani sen git demeyecektin bana

Ve ben her şeye rağman gelecektim

İçimde bir umut

Ellerimde olgun meyvalar

Dünya nimetleri

Gözlerimde yanıp yanıp sönen bir pırıltı

Ama ne sen gel dedin

Ne de ben gelebildim her şeye rağmen

Aşkımız ayrılıklarla başladı
Deli dolu akan nehirlerden tas tas sular içtik

Öyle ateşlerle doluydu yüreklerimiz öyle tutkundu

Karlı dağların serinliğinde uyurduk geceleri

Deniz fenerlerinin ışığında yıkanırdık

Köpükten bir çalkantıydı içimizde zaman

Ne yana baksak denizdi maviydi ışıktı

Sonra bir çaresizlikti zifir

Akıntıya kapılmış gemiler gibiydik
Bir org çalınır gibi yanıbaşımızda

Öyle kendinden geçmiş öyle başıboş

Öyle derin duygular içindeydik anlatılmaz

Sarhoş rüzgarlara bıraktık kendimizi

Aldığını geri vermez dalgalara

Görmediğimiz ülkeler gördük gün doğusunda

Tatmadığımız yemişlerden tattık günahkar olduk

Alevden bir tasta eridi günler

Bir cehennem ateşiydi aşk içimizde

Hiç sönmiyecekmiş gibi yanıyorduk
Tutsaklığımız nasıl başladı bilinmez

Paslı demir kapılar kapandı üstümüze

Taş duvarlarda kayboldu boğuk seslerimiz

Çaresizliğimizi bize aynalar söyledi inanmadık

Kuşatıldık ansızın kederle ayrılıkla

Aman vermez karanlıklar sardı dört yanımızı

Yalnızlık bir ağrı gibi çöktü başımıza

Uyuduk bir daha uyanamadık
Şimdi bir kutup var sana çeker beni

Bir kutup var senden öteye

Ben onun için böyle ortalıkta kaldım

Dağ yollarında caddelerde sokaklarda

Onun için bulup bulup yitirdim seni

Hangi kapıyı çaldıysam sen açtın bana

Hangi gözümü yumduysam seni gördüm

Zamandın zamandan öte bir şeydin

Yıllarca bir meşale gibi yandın uzaklarda
Bu manyetik alanda boğulmam senin yüzünden

Bu zincirleri sen vurdun ellerime

Sen getirdin bunca karanlıkları

Al şunu mumu yak

Korkuyorum

Bir taş aldım attım denize

Günahlarımdan kurtuldum

Alfabenin yirmisekizinci harfindeyim

Öteye gidemem

İtme beni
Benim de bir insan tarafım vardı

Bakma böyle kötü olduğuma

Benim de dileklerim vardı

Benim de bir beklediğim vardı yaşamaktan

Yeter artık vurma yüzüme çirkinliğimi

Her gün bir kadın ağlar benim yüzümde

Büyük dertler içinde benim ellerim

Anlamıyor musun

Sen sevildiğin için güzelsin bu kadar

Ben sevilmediğimden böyle çirkinim
Bütün kötü yerlerde ben kokarım

Biliyorum

Bir hayvan leşiyim öleli kırk gün olmuş

Fabrika bacalarında bir kara dumanım

Zehirim akrep kuyruklarında

Kötüyüm sevemediğin kadar

Öyle fenayım

Kapanmamış bıçak yaralarında

Bu pis çöp tenekelerinde unut beni

Unut artık

Bayat bir ekmek gibi

Çürümüş bir elma gibi
Sarın badanalı evlerde kazanlar kaynar

Sarı badanalı evlerde günah işlenir her gece

Sarı badanalı evlerde ölüler yıkanır

Sarı badanalı evleri sev biraz

Bu evlerde zaman benim akşamlarımdır yitirilmiş

Bu kazanlarda benim gözbebeklerimdir kaynayan

Bu sarılarda benim yüreğim bir ölür bir dirilir

Anladım

Bu dünyada benden başka kimse yok beni anlayan
Tosca ‘dan bşir arya hatırlıyorum şimdi

Sus biraz

Ensemde bir akrep yürüyor

Bırak yürüsün

Sabaha asacaklar beni

Dokunma

Yedi canım vardı ikisi gitsin

Bunca ölümler az gelir bana
Kalbimi yardım

Bir damla kan aktı

Kutuplara kar yağıyordu

Üşüdüm

Failatun vezniyle seni çağırıyorum

Bana inbiklenmiş yeşilliğini getir

Dur gitme

Beş kuruşum vardı kaybettim

Dur gitme

Isırgan otlarından kurtar beni
Deniz analarının gözlerini çaldım

Sana bakmak için

Güneşi üçe böldüm

Al biri senin olsun

Yüzümde beş bıçak yarası var

Bir de sen vur

Barut kokusunu severim

Bir portakalı dilim dilim soy

Acıktım

Tut ki ben yoğum artık yeryüzünde

Tut ki bir marul yaprağıydım

Öldüm
Al şu serçe parmağım sende kalsın

Ben kötüyüm

Allahsızım

Korkunç çirkinim

Ben seksensekizinci tul dairesiyim

Sağ gözümün üç kirpiğini kestim

Al

Ben lanetlendim
Chopin ‘in cenaze marşı çalınıyor

Ölüler ayağa kalktı

Görüyor musun

Şu soldan ikinci benim

Senin yüzünden öldüm

Şimdi seni getiriyorlar karanlığıma

Ağlıyorum

Biraz sev beni

Yaklaş biraz

Gül biraz

Seni affediyorum
Kuşkonmaz dallarına astım kendimi

Sedir ağaçlarına gül yapraklarına

Başımı taşlara vurdum

Gözbebeklerimde büyük camlar parçalandı

Tanrısal duygular içindeydim

Bütün Tanrısızlığımdan uzakta

Bir kemiklerinin sertliğini aldım

Bir teninin aklığını

Sonra sıcaklığını dudaklarının

Gel bak

SANA BİR TANRI GETİRDİM

Gel bak

BİR TANRI YARATTIM SENDEN
Ankara / Nisan – Eylül 1957

(Bilgi Kitabevi – 1958 İkinci Baskı) 
(İsmet BARLIOĞLU tarafından Word ortamına aktarılmıştır.)

 Ümit Yaşar Oğuzcan

Kayıt Tarihi : 28.6.2004 15:23:00",,İki Kişiye Bir Dünya,1957.0,Erken Dönem (1947–1962),2997
164,İki Kişiye Bir Dünya (Senfonik Şiir),https://www.antoloji.com/iki-kisiye-bir-dunya-senfonik-siir-siiri/?siralama=p,"Birinci Bölüm:

Kader Kapıyı Çalıyor

(Andante) 
Gelme diyorsun

Bu gel demektir

Birazdan güneş doğacak

Dolu dizgin atlılar geçecek yüreğimden

Seni düşüneceğim

Gümüş mahmuzların parlaklığında

Yağmur nal izlerini örtmeden

Sana geleceğim

Bekle beni

Hindistan ‘da Banaras şehrinde seni aradım

Ganj ‘ın sularında lanetlenmiş insanlar yıkanıyordu

Ganj ‘ın suları pisti bulanıktı

İçtim
Bir kadın tanıdım Haydarabat ‘da

Cüzamlıydı güzeldi üstelik

Sana benziyordu

Etli dudakları vardı

Brahman mabetlerinde seviştik üç gün üç gece

Taşların üstünde yattık

Bir hayvan tarafımız vardı alımlı

Bir Tanrı tarafımız vardı iğrenç

Bir insan tarafımız olacaktı

Aradık üç gün üç gece

Bulamadık

Bir Tanrı tarafımız vardı korkunç

Sevemedik
Sonra Nijerya ‘da Mozambik ‘te Altınsahillerinde

Kulaklarımda ulu ormanların uğultusu

Vahşetin musikisini dinledim yeşil yeşil

Zifir gibi bir yalnızlıktı içimde yokluğun

İri bir memeydin kalçaydın avuçlarımda

Belki bir tutam tuzdun kirli

Seni düşündükçe susuyordum

Nehirler göller kandırmıyordu beni

O kadınlara gidiyordum

O bakır tenli kadınlara

O kadınlarla da yattım

Adam boyu yaprakların üzerinde

Boyanıp boyanıp yeryüzüne çıkıyorduk derinlerden

Yorgundum

Kuşkuluydum

İliklerime kadar bendim

Bir yeşildim

Bir beyazdım

Karanlıktım

İnsan eti yiyenler anladı beni
Kanarya adalarında

Bir kamış kulübede iki ayna buldum

Birinde ellerim vardı kemik kemik

Parmaklarım beni çağırıyordu sana

Birinde gözlerim vardı

Ağlıyordum

Çiğnenmiş otlara döndüm

Ağlamaklı denizlere

Köpek balıklarının azı dişleri avutmaz beni
Bir gemiydim 

Battım

Santa – İsabelle adasının önünde

Şimdi 3200 metre derindeyim

Sana ahtapot gözleri topluyorum

Sana mürekkep balıklarının gözyaşlarını getireceğim

Bırak beni

Yosunlarla bir çeşmeden su içiyorum

O derinliklerde bir mağarada buldum kendimi

Önce garipsedim çıplaklığımı

Utandım

Sonraları alıştım güzelliğime

Bir elim sendin

Bir elim ben

Ayaklarımı göremezdin

Öyle uzaktaydı

Sağ kolumu Mekke ‘de kestiler şafak vakti

Utanmaz yalnızlığımla kaldım çaresiz
Bitmez

Haçlı seferleri boyunca anlatsam maceramı

Yakına gel

Dört yanımız iri ıstakozlarla dolu

Yalnız değiliz

Tuk ki bu tuzlu balıklarda benim yüreklerim çarpıyor

Tut ki gözümün yarısı elmada yarısı kapanık

Tut ki ben beyaz peynirim ben zeytinim

Al

Ekmeğine katık et beni
Dufy ‘nin bir sokağı vardı bilir misin

İlkin seni o mor sokakta gördüm

Temmuzun ondördüydü

Bütün itliği üzerindeydi güneşin

Bir yeşil elbisen vardı

Bir siyah ayakkabın vardı

Bir gözlerin vardı

Bir dudakların vardı

Ama ben yoktum o sokakta

Tahiti adalarında

Gaugin ‘le seni düşünüyordum

Absent kadehlerinde ellerini içiyordum yudum yudum

Dufy ‘nin sokağı aklıma nereden geldi
Bir çift zar aldım

Attım gökyüzüne

Adis-Ababa şehrine düştü

Adis-Ababa şehrinde kadınlar

Hepyek bakıyordu yüzüme

Yüzümde cinayetler işleniyordu her gece

Kadmiyum kırmızısından kanlar akıyordu nehir nehir

Sen baksan görürdün

Her gözüme bir düşeş oturmuştu

Sen görsen anlardın

Titanyum beyazı yalnızlığımı

Budapeşte köprüsünün üzerinde

Bir çingene falıma baktı

Dedi üç günde öleceksin

Ben üçbin yıldır seni arıyorum

Kapılara sığmıyor umutsuzluğum

Lağım kokuları gibi çirkef gibi kederliyim

İçimden dünyayı ipe çekmek geliyor

Cümle yıldızlar şahidim olsun

Yapmazsam adam değilim
Şanghay ‘da orospular benimle yatmadı

Çirkinsin dediler

Pissin dediler

Yıkandım arındım

Afyon yüklü mavnalar geçiyordu Çin denizinden

Birisi geçmişime küfretti

Tuttum öldürdüm

Geçmişim seninle güzeldi temizdi aktı

Kirlettim

Affet beni
Hamamatsu ‘da bir geyşa kızı yüzüme tükürdü

Pyong-Yang ‘da kurşuna dizdiler beni

Tiz bir boru sesi üç defa ti çekti

Trampetler başımda zonkluyordu

Kederliydim

Çaresizdim

Canım Tchaikovski ‘yi dinlemek istiyordu

Ah o keman konçertoları öldürdü beni
Dinsizdim İstanbul ‘da minareler üstüme yıkıldı

Yoksuldum Kudüs ‘te kiliseler kabul etmedi beni

Gelme diyorsun

Bu gel demektir

Birazdan akşam olacak

Rachmaninof ‘la bir meyhanede içmeliyim bu gece

Sonra sana gelmeliyim

Rachmaninof nereye giderse gitsin
Şimdi bir derin mavide akşam oluyor

Gök mavi deniz mavi

Mor dağlar yeşil ağaçlar mavi

Bozuk düzen mavi gecelerden sesleniyorum sana

Ne opera aryaları

Ne beşinci senfonisi Beethoven ‘in

Bir yalnızlık marşıdır çalınıyor uzakta

Gün ışığı arkamızda kaldı bak

Tanyerinde unuttuk gözlerimizi

Gel artık

Hayata yeniden baçlayalım

Gel artık

Bu mavilerde kimseler görmez bizi
Solfej anahtarlarını kaldıralım

Do ‘ların mi ‘lerin önünden

Bırakalım bu dünyayı alabildiğine dönsün

Ölmekse daha kolay ne var

Yaşamaksa sensiz mümkün değil

İskender adam edemedi bu dünyayı

Biz mi edeceğiz

Eflatun çözemedi yaşamanın sırrını

Biz mi çözeceğiz

Bütün yataklar bir kişilik

Git diyorsun

Nereye gideyim

Birazdan gece olacak

Ağır kılıçlar parçalayacak yüreğimi

Pis bir koku gibi çökecek üstüme yalnızlığım

Seni düşüneceğim stepler ortasında yorgun kimsesiz

Dolu dizgin atlılar geçmeyecek yüreğimden

Bir gözümde gümüş mahmuzların pırıltısı hazin

Bir gözümde bozulmuş nal izleri

Durup durup ağlayacağım
Sen bu ayrılıklar için mi yaratıldın söyle

Bu zehir zemberek kederler için mi

Bak bütün orkestralar sustu

Bütün ışıkları söndü dünyanın

Korkma

Haydi uzat ellerini

Geçmiş yılları yeniden yaşayalım bir bir

Bak dinle

Bir seslenen var uzaklardan

Bak dinle

Kader kapıyı çalıyor

Gelme diyorsun

Gelme diyorsun

Bu gel demektir.
İkinci Bölüm	:

Seninle Kardeş Değiliz

(Allegro) 
Tanrının bıraktığı yerden biz başlıyalım

Üç milyar insanın yarısını sen öldür yarısını ben

Üç kişi kalsak yetişir yeryüzünde

Yaklaş bana

Seninle kardeş değiliz
Hüzünle karışık sevinçlerden kurtul artık

Arzuların o belli belirsiz sıcaklığını sev

Biliyorsun

Önce Tanrı insanı yarattı

Sonra insan sevgiyi

Ne yapsak boş

Ne kadar çabalasak faydasız

Geriye dönemeyiz

Olanlar oldu iş işten geçti

Çamurumuza sevgi katılmış bir kere
Kim bu şarkıları söyleyen

Karcığar faslından düm tek üzere

Aklım bir yere erişti durdu

Susun

Şimdi üçgenlerle oynuyorum

Kaldırın bu daireleri

Bir model kız geldi soyundu karşımda

Saçlarından üç fırça yaptım

Üç tüp boyan vardı

Verenoz yeşili zümrüt yeşili krom yeşili

Hepsini kattım birbirine

Senin yeşilini buldum

Senin yeşilinde orkestralar Debussy ‘den çalıyordu

Senin yeşilinde unuttum siyahlığımı
Bu deli eden uğultu nerden geliyor

Kim kırdı bu aynaları

Toplayın yüzümüzü görelim

Çirkin değiliz artık

Bir kapı açılda önümüzde ölümsüzlüğe

Güzeliz

Sabahlar bizimle dolu

Işık diyordun al işte

Kör kıyılara kadar ışıdı yeryüzü

Renk diyordun işte bak

Buram buram mavi

Çarşılar dolusu kırmızı

Süt beyazından geceler

Sarı güneşler ortasında turuncu bir gün

Yitirilmiş saadetlerin bahçesinde mor çiçekler
Kardeş değiliz diyorum inanmıyorsun

Yalan bunca faziletler yalan

Bizi bu ciğeri beş para etmez insanlar mahvediyor

Aldırma diyorum sana

Dünya ikimiz için yaratıldı

Üç milyar insan iş olsun diye geldi yeryüzüne
Verdiğin her kederin yüreğimde yeri var

Hangi kitabı açtıysam seni okudum yıllardır

Hangi aynaya baktıysam seni gördüm

Gel desen gelemem

Git desen gidemem

Öl desen kanım akmaz

Anladım artık seni sevmek yüce bir şey

Anladım seni sevmek Tanrı ‘ya yaklaşmak gibi
İnsanlar içinde bir sana inandım

Bir seni sevdim kendimden başka

Uykularımın bölündüğü saatlerde

Sendin düşündüğüm soluk soluk

Sivri bıçaklar gibiydin karanlığımda

Gözümü yumsam seni görüyordum

Oynak türkülere benzeyen yürüyüşünle

Sen çıkıyordun karşıma

Karanlığımda

İki yıldızdı ellerin görülmedik

Karanlığımda

Bir orman yangınıydı dudakların
İstesen hayat verirdim bu karanlıklara

İstersen gökyüzünü bir mendil gibi yırtardım

Denizlerden göllerden nehirlerden

Sana görmediğin renkler yaratırdım

Zamanın ötesinde

Yeni bir dünya kurardım sana

İnsansız Tanrısız kedersiz

Severdin

Dağ rüzgarlarının serinliğince

Yaşardın

Bu sefil dünyamızdan uzak
Bir yanıp bir sönen ışıklar gibiyim

Yumruk kadar yüreğimde sen varsın

Kutsal kederler içinde seninleyim artık

Sarı badanalı evlerde başbaşayız

Bütün duvarlara gölgen kazınmış

Kokun sinmiş bütün perdelere

Kapılarda parmakların beyaz beyaz

Sokaklarda ayaklarının izi

Ben bu sokaklarda ölsem

Kaldırımlar çekmez ağırlığımı

Söylesem aşkımı asırlar boyunca

Bu iki yüzlü insanlar anlamaz beni
Desem ki yeryüzüne beş peygamber geldi

Beşincisi sensin

Desem ki iki kişi kaldık dünyada

İkincisi sensin

Desem ki biri var yeri göğü var eden

O da sen olurdun

Sana tapmak için

Kilden bir heykel yapardım güzelliğince

Bilsem ki sen Tanrı ‘dan iyisin

Bilsem ki Tanrı senden güzel değil
Senin o kocaman kocaman gözlerin yok mu

Nasıl duruyor boşluğunda arzuların anlamıyorum

Nasıl nasıl bakıyor bana

Böyle merhametten uzak

Git diyorsun

Nereye gideyim

Ümitlerim ne olacak

Bunca şiirleri kim söyleyecek sana

Kim anlatacak dünyaya sığmayan güzelliğini
Gitmek mümkün olsa da gitsem uzaklara

Sevmesem seni bir daha

Paramparça etsem yüreğimi cam gibi

Sonra yaksam

Savursam küllerini karlı dağlardan açık denizlerden

Yine seni severdim toz toz

Yine sana tapardım küllerimin ağırlığınca
Bu oksijen gazı olmasa da olurdu

Ama Beethoven gelmeseydi dünyaya

Seni bu kadar sevemezdim

İkimizin ortasında o duruyor

Sağımızda birinci keman

Solumuzda ikinci keman

Karşımızda üçüncü keman

Sonra orglar flütler kontrbaslar

Sustur şu orkestrayı Beethoven

Şimdi dokuzuncu senfoninin sırası mı
Bunca yalnızlıklar bunca yokluklar benim işim değil

Bu çirkinliği ben yaratmadım

Ne de bu kahpe güzellikleri

Bende sevmediğin ne varsa senden türedi

Şu karanlık bakışlar

Şu ellerimin pisliği

Şu dudaklarımdan çıkan iğrenç sözler

Besbelli senin eserin

Ne buldumsa sende buldum kötülükten yana

Ne öğrendimse senden öğrendim

Seni sevdikten sonra başladım yaşamağa
Seni Tanrı yarattıysa beni kim yarattı

Bu azabı kim verdi bana

Çıngıraklı yılanların zehirini içtim

Balinaların kusmuklarını

Kükürt kokulu imkansızlıklar içindeyim

Oysa güzeldim tarihin ilk çağlarında

Görsen şaşardın

Öyle aydınlıktım

Öyle iyiydim

Kobalt mavileriyle doluydu yüreğim

Kurşun beyazlarıyla

Severdin beni

Midye kabuklarının yeşilliğince
Sonunda dediğim çıktı işte

Samanyolundan bir yıldız düştü dünyaya

Sinekler gibi eziliverdi insanlar

Her şey bir anda olup bitti

Yapayalnız kaldık

Ne radyo aktivite ne mantar şeklinde bulutlar

Ne yaşamak sevinci ne ölüm korkusu

Sonunda üç kişi kaldık dünyada

Sen

Ben

Bir de Jiro ‘nun Manon Lesko ‘su
Yine bana bakarken yüzün kızarıyor

Toplum kurallarından kurtulamadın daha

Bütün çayırlar bomboş

Görmüyor musun

Al başını dağlara çık

Avaz avaz şarkı söyle sokaklarda

Bir kibrit çak

Bütün evler yansın

Yüzbin yılın öcünü al bu şerefsiz dünyadan

Sonra kaldır kendini denize at

Biraz serinle

Sevebildiğim kadar insanım ben

On gram arsenik yeter canıma

Beni düşünme
Uzun mistral rüzgarlarının üzerine

Nimbüs bulutları geliyor kaç

Uykumuz bölündü çırıl çıplağız

Kum fırtınaları başladı

Çin seddinin ötesinde

Gölgemizi bir Asya şehrinde unuttuk

Taklamakan çöllerinde kaldı rüyalarımız

Haydi git

Yok olduk iki olduğumuz yerde

Haydi git

Bir kalırsak yine var olacağız.
Üçüncü Bölüm	:

Karanlıkta

(Presto) 
Beşyüz borazan birden çalıyor

Bin davul birden vuruyor başımda

Gök gürültüleri

Çekiç sesleri makine sesleri

Dağlardan kopan kocaman çığlar

Taşlar

Kayalar

Ey üstüme üstüme gelen deniz

Ey cam kırıklarından kader

Yeter artık

Nerdeyse çıldıracağım

Bir yeşil ötesine geldim durdum işte

Merdivenin son basamağındayım

Bir adım daha atsam

Kimseler tutamaz beni

Bir adım daha atsam karanlıktayım
Kaç kere söyledik

Şu potpuriyi çalmayın diye

Anlamıyor musunuz

Fa diyez bemol çaresizlikler içindeyi

Bir duvar yıkılıyor altında kalıyoruz

Bir adam ölüyor bizi gömüyorlar

Susturun şu kemanları

Biraz da ilahlar ağlasın yokluğumuza

Kirli gözyaşları kırık iskemleler

Başı bozuk Çigan havaları

Yeminler notalar akortsuz teller

Ve sakat çocukları Nagazaki ‘nin

Biz bunun için mi geldik yeryüzüne

Devirin şu putları

Mukaddes kitaplar bize göre değil artık
Sinemaskop rezaletler içindeyiz

Café Chantant ‘larda dua ediyoruz

Mabetlerde çiftleşiyoruz artık

Mesuduz

Dokunmayın keyfimize

Saint Pierre ‘in doksandokuzuncu göbekten torunu

Strip tease yapıyor

Foli Bergere revüsünde her gece

Gelsin arkasından şampanya şişeleri

Kauçuk göğüslü kızlarda bir naz bir çalım

On derste aşk

On derste güzellik

On derste cinsiyet

Ve tam onbin yıldır arayıp bulamadığımız fazilet

Sonra mezarlıklar dolusu günah

Genelevler dolusu namus

Velhasıl ailece rock ‘n roll dansı öğrendik

Tepinip duruyoruz
Pirinç tanelerine çizdiğimiz kral resimleri bizi kurtarmadı

Ne de Babil ‘in asma bahçeleri

Hakkını veremedik alın terimizin suçluyuz

Har vurup harman savurduk ömrümüzü

Akıllı bir maymun olmaktan öteye gidemedik

Şimdi bu kördöğüşünde yenildikse suç bizim

Geç anladık zavallılığımızı

Her şeyi bu sağır göklerden bekledik yıllardır

Bizi kimseler inandıramadı ölüme

Bize kimseler öğretmedi insanlığımızı
Kim kurdu bu düzeni nerdeyiz

Bu tekerlekler nasıl dönüyor boşlukta

Bu umutlar bu dualar bu kahrolası hayaller

Nasıl bunca yıldır barındırdı bizi

Bu katı yürekli topraklar

Bu gülünç mezartaşları

Ölümler ölümler ölümler

Ölümlerden beter yalnızlığımız

Bu macera ne zaman bitecek söyleyin

Söyleyin ne zaman aydınlanacak

Bu karanlık alın yazımız
Harun-er Reşidin gazabına uğradık cümlemiz

Başparmaklarımızın birinci boğumundan vurdular bizi

Bir düşüş düştük Eiffel kulesinden

Sersefil oldu ölümüz caddelerde

Nice evlerin nice apartmanların bütün ağırlığı üzerimize kurşun gibi çöktü

Sokak köpekleri işedi kanlı gömleğimize

Yedi yıldız senesi bağırdık ağladık

Kimseler duymadı sesimizi Lili Marlen

Beşyüz sene sonra anlaşıldı yokluğumuz

İşte biz böyle yitirdik inancımızı Tanrıya

Keyfimize dokunmayın

Adamakıllı sarhoşuz
Ya bir gül koparın bahçenizden

Koklayalım

Ya bir yudum su doldurun taslarımıza

İçelim

Ya da bir dilim ekmek verin

Şükredelim yaşadığımız

Karanlıklar içinde

Çamurlar içindeyiz

Tutun kaldırın bizi

O yalancı sevginiz sizin olsun

Biz yaşamak için geldik yeryüzüne

Alın başınıza çalın merhametinizi
Körsünüz ya da sağırsınız

Beyaz çorap giydi diye

Ku Klux Klan derneğinin adamları

Bir zenciyi linç ettiler

Görmediniz

İbni Mansurun beşinci karısını toprağa gömdüler beline kadar

Sabahtan akşama dek yedibin kişi taşladı

Yedibin kişi tükürdü yüzüne görmediniz

Şu gökkubbenin altında

Boşa gitti nice bonjour ‘larımız

Sonra üç kere good night dedik

Duyan olmadı
Ya savaş meydanlarında yitirip bulamadığımız gerçek

Engizisyon işkenceleri yirminci yüzyılın

Fırınlar

Gaz odaları

Kitle halinde ölümler

Kara sineklerin konduğu çürümüş et yığınları

Yaylım ateşlerile delik deşik olmuş insanlığımız

O azgın atların çiğnediği kollar bacaklar

O kan çanağı gözler

O süngü uçlarında yükselen kesik başlarımız
Bizi alçaltan bu kanlı zafer taçları işte

Öptüğümüz o pis eller

O maymun maskara soytarılar

Küçük orospular

Kirli zevklerimiz

Yatağımıza giren frengili kadınlar

Aldığını geri vermez bir karanlık dört yanımızda

Hangi perdeyi aralasak gece

Hangi taşı kaldırsak çaresizlik

Ölüm isli bir fener ışığı bu karanlıklarda

Ölüm yorgun askerlerin tek umudu sıcak

Biz bu ölümlerle yakınız ölümsüzlüğe

Bu karanlıklarla uzak
Siz dilediğiniz şarkıyı söyleyin yine

Yine karamelalarla kandırın küçük kızları

Irzına geçin torunlarınızın

O sapık arzularınız yükseltecek sizi

O karanlık odaların başıboş rahatlığı

Varın dilediğiniz gibi yaşayın artık

Bir gün bütün günahlarınız bağışlanacak Tanrı katında

Ne cehennem ateşleri ne o köprüler kıldan ince

Sizin için değil

Siz öyle Tanrıların böyle kullarısınız işte
Şimdi de oturmuş tuz biber ekiyorsunuz yaramıza

Kiliselerde camilerde öğütler veriyorsunuz Tanrı adına

Sonra her gece bir cinayet işliyorsunuz

Temiz çarşaflarda pis kanınız

Uykularımızda gölgeniz korkunç belalı

Sizi sayıyla mı verdiler bize

Defolun karşımızdan

Bize kendi derdimiz yeter

Kanınızı bulaştırmayın ellerimize
Yüzsüzlüğün bu kadarına pes doğrusu

Haydi biraz eğin başınızı

Bizden af dileyin

Kederimizi anlayın artık

Saygı gösterin sevgimize

Belki sizi affedebiliriz

Ne de olsa insanız biz de

Bir zayıf tarafımız vardır
Nasıl aldandık bunca zamandır

Nasıl inandık güzelliğine hayatın

Bize ne doğan güneşten

Büyüyen buğdaydan akan sudan bize ne

Alabildiğine kederliyiz yorgunuz

Bize dostluğu öğrettiniz

Bize sevmesini öğrettiniz böyle delicesine

Sevdikse günahlarımız Tanrı ‘nın boynuna

Sevilmedikse insanlar utansın kederimizden

Ne aradık ne bulduk dünyanızda söyleyin

Bir sevgiyi bile çok gördünüz bize

Öpüştük uykularımızda ayıpladınız

Kara kara yengeçleri saldınız üstümüze

Şimdi de bir yaşamaktır tutturmuşsunuz

Rahat bırakın bizi

Göğüyle deniziyle

Taşıyla toprağıyla

O yoktan var ettiğiniz Tanrı ‘sıyla

Dünyanız sizin olsun.
Boğaz tokluğuna yaşamalar bizi kurtarmaz artık

Biz oldum olası kör doğmuşuz

Brakisefal kafalarımız bir işe yaramıyor

Hele şu bizimsiz ayaklarımızın haline bakın

Aptallığımız yüzümüzden belli

Aynaya bakıp gülüyoruz

Oysa bütün çirkinliğimiz aşikar ayna gibi

Söyleyin bir Shakespeare mi akıllıydı içimizde

To be or not to be
To be or not to be bir şey değil yine

Sen olmasan benim varlığımdan ne çıkar

Ama sen yoksun işte

Bense bütün insanlar gibi ha varım ha yoğum

Yine sana çıkıyor bütün yollar

Yine bütün iki kere ikiler dört ediyor

Dönüp dolaşıp aynı yere geliyorum.
Dördüncü Bölüm	:

Sana Bir Tanrı Getirdim

(Adagio) 
Hani o iki kişilik dünyalar bizimdi

Hani sen iyiydin

Halden anlardın

Hani sen git demeyecektin bana

Ve ben her şeye rağman gelecektim

İçimde bir umut

Ellerimde olgun meyvalar

Dünya nimetleri

Gözlerimde yanıp yanıp sönen bir pırıltı

Ama ne sen gel dedin

Ne de ben gelebildim her şeye rağmen

Aşkımız ayrılıklarla başladı
Deli dolu akan nehirlerden tas tas sular içtik

Öyle ateşlerle doluydu yüreklerimiz öyle tutkundu

Karlı dağların serinliğinde uyurduk geceleri

Deniz fenerlerinin ışığında yıkanırdık

Köpükten bir çalkantıydı içimizde zaman

Ne yana baksak denizdi maviydi ışıktı

Sonra bir çaresizlikti zifir

Akıntıya kapılmış gemiler gibiydik
Bir org çalınır gibi yanıbaşımızda

Öyle kendinden geçmiş öyle başıboş

Öyle derin duygular içindeydik anlatılmaz

Sarhoş rüzgarlara bıraktık kendimizi

Aldığını geri vermez dalgalara

Görmediğimiz ülkeler gördük gün doğusunda

Tatmadığımız yemişlerden tattık günahkar olduk

Alevden bir tasta eridi günler

Bir cehennem ateşiydi aşk içimizde

Hiç sönmiyecekmiş gibi yanıyorduk
Tutsaklığımız nasıl başladı bilinmez

Paslı demir kapılar kapandı üstümüze

Taş duvarlarda kayboldu boğuk seslerimiz

Çaresizliğimizi bize aynalar söyledi inanmadık

Kuşatıldık ansızın kederle ayrılıkla

Aman vermez karanlıklar sardı dört yanımızı

Yalnızlık bir ağrı gibi çöktü başımıza

Uyuduk bir daha uyanamadık
Şimdi bir kutup var sana çeker beni

Bir kutup var senden öteye

Ben onun için böyle ortalıkta kaldım

Dağ yollarında caddelerde sokaklarda

Onun için bulup bulup yitirdim seni

Hangi kapıyı çaldıysam sen açtın bana

Hangi gözümü yumduysam seni gördüm

Zamandın zamandan öte bir şeydin

Yıllarca bir meşale gibi yandın uzaklarda
Bu manyetik alanda boğulmam senin yüzünden

Bu zincirleri sen vurdun ellerime

Sen getirdin bunca karanlıkları

Al şunu mumu yak

Korkuyorum

Bir taş aldım attım denize

Günahlarımdan kurtuldum

Alfabenin yirmisekizinci harfindeyim

Öteye gidemem

İtme beni
Benim de bir insan tarafım vardı

Bakma böyle kötü olduğuma

Benim de dileklerim vardı

Benim de bir beklediğim vardı yaşamaktan

Yeter artık vurma yüzüme çirkinliğimi

Her gün bir kadın ağlar benim yüzümde

Büyük dertler içinde benim ellerim

Anlamıyor musun

Sen sevildiğin için güzelsin bu kadar

Ben sevilmediğimden böyle çirkinim
Bütün kötü yerlerde ben kokarım

Biliyorum

Bir hayvan leşiyim öleli kırk gün olmuş

Fabrika bacalarında bir kara dumanım

Zehirim akrep kuyruklarında

Kötüyüm sevemediğin kadar

Öyle fenayım

Kapanmamış bıçak yaralarında

Bu pis çöp tenekelerinde unut beni

Unut artık

Bayat bir ekmek gibi

Çürümüş bir elma gibi
Sarın badanalı evlerde kazanlar kaynar

Sarı badanalı evlerde günah işlenir her gece

Sarı badanalı evlerde ölüler yıkanır

Sarı badanalı evleri sev biraz

Bu evlerde zaman benim akşamlarımdır yitirilmiş

Bu kazanlarda benim gözbebeklerimdir kaynayan

Bu sarılarda benim yüreğim bir ölür bir dirilir

Anladım

Bu dünyada benden başka kimse yok beni anlayan
Tosca ‘dan bşir arya hatırlıyorum şimdi

Sus biraz

Ensemde bir akrep yürüyor

Bırak yürüsün

Sabaha asacaklar beni

Dokunma

Yedi canım vardı ikisi gitsin

Bunca ölümler az gelir bana
Kalbimi yardım

Bir damla kan aktı

Kutuplara kar yağıyordu

Üşüdüm

Failatun vezniyle seni çağırıyorum

Bana inbiklenmiş yeşilliğini getir

Dur gitme

Beş kuruşum vardı kaybettim

Dur gitme

Isırgan otlarından kurtar beni
Deniz analarının gözlerini çaldım

Sana bakmak için

Güneşi üçe böldüm

Al biri senin olsun

Yüzümde beş bıçak yarası var

Bir de sen vur

Barut kokusunu severim

Bir portakalı dilim dilim soy

Acıktım

Tut ki ben yoğum artık yeryüzünde

Tut ki bir marul yaprağıydım

Öldüm
Al şu serçe parmağım sende kalsın

Ben kötüyüm

Allahsızım

Korkunç çirkinim

Ben seksensekizinci tul dairesiyim

Sağ gözümün üç kirpiğini kestim

Al

Ben lanetlendim
Chopin ‘in cenaze marşı çalınıyor

Ölüler ayağa kalktı

Görüyor musun

Şu soldan ikinci benim

Senin yüzünden öldüm

Şimdi seni getiriyorlar karanlığıma

Ağlıyorum

Biraz sev beni

Yaklaş biraz

Gül biraz

Seni affediyorum
Kuşkonmaz dallarına astım kendimi

Sedir ağaçlarına gül yapraklarına

Başımı taşlara vurdum

Gözbebeklerimde büyük camlar parçalandı

Tanrısal duygular içindeydim

Bütün Tanrısızlığımdan uzakta

Bir kemiklerinin sertliğini aldım

Bir teninin aklığını

Sonra sıcaklığını dudaklarının

Gel bak

SANA BİR TANRI GETİRDİM

Gel bak

BİR TANRI YARATTIM SENDEN
Ankara / Nisan – Eylül 1957

(Bilgi Kitabevi – 1958 İkinci Baskı) 
(İsmet BARLIOĞLU tarafından Word ortamına aktarılmıştır.)

 Ümit Yaşar Oğuzcan

Kayıt Tarihi : 28.6.2004 15:23:00",,İki Kişiye Bir Dünya,1957.0,Erken Dönem (1947–1962),2997
165,İstanbul Neyin Nesi,https://www.antoloji.com/istanbul-neyin-nesi-siiri/,"Şimdi bir şehir hatırlıyorum

Dilim dilim ağustos güneşleri

Yakamozlar,ayışığı,renkli camlar

Bir elmas açısından seyrettiğimiz akşamlar

Sonra denizi deniz yapan ellerin

Çok çok mavi geceler

Pek çok mavi gecler

Bu bir İstanbul olsa gerek diyorum

Caddelerinde o çok boyalı kadınların gezdiği

Kocaman elli adamların köşebaşlarını tuttuğu

Çocukların meyhanelerde taze badem sattığı

Bir İstanbul olsa gerek diyorum

İnsanları tramvay dolusu

Vapurlar dolusu insanları

Ve adım başında bir meyhane

Ama ben sensiz

Ben İstanbuldan uzakta

Ben hep böyle deli divane
Yokluğun yokluğum oluyor elimde değil

Sensiz nefes aldığıma inanamıyorum

Al be kederi,bu kahrı

Bu korkunç karanlıkları benden

Artık dayanamıyorum

Al götür beni İstanbulunu

Saçlarının,dudaklarının,gözlerinin şehrine

Güneşe,ayışığına,o masmavi denizlere

Neyleyim

İstanbulda seni gördüm

Ve sende İstanbule sevdim bir kere
Bu İstanbul gitsin öteki İstanbul gelsin

Yada sen gel

Bu evler bu caddeler gitsin

Bu günler bu aylar bu zalim yollar gitsin

Ama sen gel 

Ne olur sen gel

Ağlamak ne kadar,nereye kadar ağlamak

Bir votka soda'da akşam oluyor şimdi

Biliyorum vaktimiz yok hızlı yaşamalıyız

istanbulun surlarıyla çevrildik

Görüyormusun

Ben seni istiyorum ne haber

Ayasofya utanmalı artık

Bütün camiler utanmalı

Ve senden uzakta olduğum için

Bir utanmaz Allah utanmalı

Sen buna İstanbul mu diyorsun

Sen buna yaşamak mı diyorsun

Lanet olsun

Lanet olsun

 Ümit Yaşar Oğuzcan

Kayıt Tarihi : 29.1.2001 01:14:00",,,,Belirsiz,206
166,İstanbul Neyin Nesi,https://www.antoloji.com/istanbul-neyin-nesi-siiri/?siralama=p,"Şimdi bir şehir hatırlıyorum

Dilim dilim ağustos güneşleri

Yakamozlar,ayışığı,renkli camlar

Bir elmas açısından seyrettiğimiz akşamlar

Sonra denizi deniz yapan ellerin

Çok çok mavi geceler

Pek çok mavi gecler

Bu bir İstanbul olsa gerek diyorum

Caddelerinde o çok boyalı kadınların gezdiği

Kocaman elli adamların köşebaşlarını tuttuğu

Çocukların meyhanelerde taze badem sattığı

Bir İstanbul olsa gerek diyorum

İnsanları tramvay dolusu

Vapurlar dolusu insanları

Ve adım başında bir meyhane

Ama ben sensiz

Ben İstanbuldan uzakta

Ben hep böyle deli divane
Yokluğun yokluğum oluyor elimde değil

Sensiz nefes aldığıma inanamıyorum

Al be kederi,bu kahrı

Bu korkunç karanlıkları benden

Artık dayanamıyorum

Al götür beni İstanbulunu

Saçlarının,dudaklarının,gözlerinin şehrine

Güneşe,ayışığına,o masmavi denizlere

Neyleyim

İstanbulda seni gördüm

Ve sende İstanbule sevdim bir kere
Bu İstanbul gitsin öteki İstanbul gelsin

Yada sen gel

Bu evler bu caddeler gitsin

Bu günler bu aylar bu zalim yollar gitsin

Ama sen gel 

Ne olur sen gel

Ağlamak ne kadar,nereye kadar ağlamak

Bir votka soda'da akşam oluyor şimdi

Biliyorum vaktimiz yok hızlı yaşamalıyız

istanbulun surlarıyla çevrildik

Görüyormusun

Ben seni istiyorum ne haber

Ayasofya utanmalı artık

Bütün camiler utanmalı

Ve senden uzakta olduğum için

Bir utanmaz Allah utanmalı

Sen buna İstanbul mu diyorsun

Sen buna yaşamak mı diyorsun

Lanet olsun

Lanet olsun

 Ümit Yaşar Oğuzcan

Kayıt Tarihi : 29.1.2001 01:14:00",,,,Belirsiz,206
167,Rıhtımda,https://www.antoloji.com/rihtimda-siiri/,"Bir beyaz gemiydi ayıran onları

Kadın güvertedeydi, adam rıhtımda

Simdi unuttum yüzünü kadının

Adamın gözleri aklımda
Kana bulanmış bıçaklar gibi

Uzun kirpikleri ıslaktı

Adam dertli, adam darmadağın

Dokunsalar ağlayacaktı
Adam bitkindi, adam seviyordu

Kalan kederdi, giden gemiyse

Tas olduğu içindir dedim

Rıhtım taşları erimediyse
Derken bir düdük ottu ansızın

Bembeyaz gemi gitgide ufaldı

Korkunç yalnızlığıyla baş başa

Rıhtımda bir adam kaldı

 Ümit Yaşar Oğuzcan

Kayıt Tarihi : 28.8.2000 20:13:00",,,,Belirsiz,69
168,Rıhtımda,https://www.antoloji.com/rihtimda-siiri/?siralama=p,"Bir beyaz gemiydi ayıran onları

Kadın güvertedeydi, adam rıhtımda

Simdi unuttum yüzünü kadının

Adamın gözleri aklımda
Kana bulanmış bıçaklar gibi

Uzun kirpikleri ıslaktı

Adam dertli, adam darmadağın

Dokunsalar ağlayacaktı
Adam bitkindi, adam seviyordu

Kalan kederdi, giden gemiyse

Tas olduğu içindir dedim

Rıhtım taşları erimediyse
Derken bir düdük ottu ansızın

Bembeyaz gemi gitgide ufaldı

Korkunç yalnızlığıyla baş başa

Rıhtımda bir adam kaldı

 Ümit Yaşar Oğuzcan

Kayıt Tarihi : 28.8.2000 20:13:00",,,,Belirsiz,69
169,Karanlığın Çağırışı,https://www.antoloji.com/karanligin-cagirisi-siiri/,"ben böyle olsun istememistim...

ya sana cok yakin, ya senden cok uzaklarda olmaliydim...

anramizda asilmaz engeller olmaliydi...

yüksek daglar derin denizler olmaliydi...
Ya senden çok uzak olmalıydım

Aramızda aşılmaz engeller olsun istiyordum

Büyük dağlar,derin denizler olsun istiyordum.

Sana gelmeye gücüm yetmemeliydi

Çaresizliğimin bütün hıncını mesafelere yüklemeliydim

Dağda yanan bir çoban ateşi gibi

Gökte bir yıldız gibi

Seni görmeli

Seni yaşamalı ve senden çok uzaklarda olmalıydım
Biliyorum güzelliğin yer altı nehirlerine benzer

Biliyorum bir sır gibi güzelsin

Hani anlatılmaz duygular vardır

Hani şarkılar vardır

Sevip söyleyemediğimiz 

Şiirler vardır unuttuğumuz

Aşina çehreler vardır hani 

Zaman zaman hatırlayamadığımız

İşte sen o kadar güzelsin 

Ve ben o kadar karanlıklar içindeyim ki

Şunlar ellerindir diyorum,tutamıyorum

Şunlar gözlerindir diyorum bakamıyorum.

Düşün kahrımdan ölmeliyim artık 

Ölemiyorum.
İnanmak var olmaktır,bilirsin

İnandığımız şeyler için yaşayalım

Nice sabahlar,nice aydınlıklar

Gelecek nice günler için yaşayalım.
Sarı gülleri seversin

Sarı karanfilleri seversin

Sarı kasımpatılarını

Sarı bir dünyayı seversin

Ben sende olan bütün renkleri seviyorum

İşte tek farkımız bu

Yoksa hiçbir şey önemli değil bu dünyada

Senden başka.

Ne zulümler

Ne kavgalar

Ne günler,ne geceler hiçbiri önemli değil

Sen yaşadıkça.

Ve yaşamak hiçbir zaman 

Bunca güzel olmayacak

Sen yaşadıkça.
Bir kalbim var et,kan,sinir

İki gözüm var seni görür

Ayaklarım sana gelir

Ellerim seni arar

Bir dünya ki kocaman 

Bir evren ki sonsuz

Sen olmasan neye yarar
Şimdi söyle bana bütün çirkinliğimi

Yalanlarımı

Kötülüklerimi yüzüme vur artık

Utandır beni yaşadığıma

Çaresizliğimi suratıma bir tokat gibi indir

Yanağımda beş parmağının izi kalmalı

Sonra geç karşıma

Olanları unutalım

İki eski dost gibi

Her şeye yeniden başlayalım

Yeniden yaşayalım geçmiş,gelecek bütün yılları

Bütün keder ve sevinçleri paylaşalım

Sana sevinç düşsün,bana keder

Benim ellerimde kanlı diken yaraları

Senin ellerinde kanlı güller.
Bir yere yaklaşıyoruz

Kulağıma sesler geliyor

Bir gemi demir alıyor olmalı

Belki bir adam ölüyor

Ne biliyorsun

Belki de bir sona yaklaşıyoruz

Yum gözlerini her şeyi zamana bırak

Yum gözlerini nasılsa akşam olacak
Korkma yaklaş karanlığa

Orda ben varım

Çaresizliğimize,zavallılığımıza 

Gel,beraber ağlayalım.

 Ümit Yaşar Oğuzcan

Kayıt Tarihi : 14.10.2000 10:15:00",,,,Belirsiz,323
170,Karanlığın Çağırışı,https://www.antoloji.com/karanligin-cagirisi-siiri/?siralama=p,"ben böyle olsun istememistim...

ya sana cok yakin, ya senden cok uzaklarda olmaliydim...

anramizda asilmaz engeller olmaliydi...

yüksek daglar derin denizler olmaliydi...
Ya senden çok uzak olmalıydım

Aramızda aşılmaz engeller olsun istiyordum

Büyük dağlar,derin denizler olsun istiyordum.

Sana gelmeye gücüm yetmemeliydi

Çaresizliğimin bütün hıncını mesafelere yüklemeliydim

Dağda yanan bir çoban ateşi gibi

Gökte bir yıldız gibi

Seni görmeli

Seni yaşamalı ve senden çok uzaklarda olmalıydım
Biliyorum güzelliğin yer altı nehirlerine benzer

Biliyorum bir sır gibi güzelsin

Hani anlatılmaz duygular vardır

Hani şarkılar vardır

Sevip söyleyemediğimiz 

Şiirler vardır unuttuğumuz

Aşina çehreler vardır hani 

Zaman zaman hatırlayamadığımız

İşte sen o kadar güzelsin 

Ve ben o kadar karanlıklar içindeyim ki

Şunlar ellerindir diyorum,tutamıyorum

Şunlar gözlerindir diyorum bakamıyorum.

Düşün kahrımdan ölmeliyim artık 

Ölemiyorum.
İnanmak var olmaktır,bilirsin

İnandığımız şeyler için yaşayalım

Nice sabahlar,nice aydınlıklar

Gelecek nice günler için yaşayalım.
Sarı gülleri seversin

Sarı karanfilleri seversin

Sarı kasımpatılarını

Sarı bir dünyayı seversin

Ben sende olan bütün renkleri seviyorum

İşte tek farkımız bu

Yoksa hiçbir şey önemli değil bu dünyada

Senden başka.

Ne zulümler

Ne kavgalar

Ne günler,ne geceler hiçbiri önemli değil

Sen yaşadıkça.

Ve yaşamak hiçbir zaman 

Bunca güzel olmayacak

Sen yaşadıkça.
Bir kalbim var et,kan,sinir

İki gözüm var seni görür

Ayaklarım sana gelir

Ellerim seni arar

Bir dünya ki kocaman 

Bir evren ki sonsuz

Sen olmasan neye yarar
Şimdi söyle bana bütün çirkinliğimi

Yalanlarımı

Kötülüklerimi yüzüme vur artık

Utandır beni yaşadığıma

Çaresizliğimi suratıma bir tokat gibi indir

Yanağımda beş parmağının izi kalmalı

Sonra geç karşıma

Olanları unutalım

İki eski dost gibi

Her şeye yeniden başlayalım

Yeniden yaşayalım geçmiş,gelecek bütün yılları

Bütün keder ve sevinçleri paylaşalım

Sana sevinç düşsün,bana keder

Benim ellerimde kanlı diken yaraları

Senin ellerinde kanlı güller.
Bir yere yaklaşıyoruz

Kulağıma sesler geliyor

Bir gemi demir alıyor olmalı

Belki bir adam ölüyor

Ne biliyorsun

Belki de bir sona yaklaşıyoruz

Yum gözlerini her şeyi zamana bırak

Yum gözlerini nasılsa akşam olacak
Korkma yaklaş karanlığa

Orda ben varım

Çaresizliğimize,zavallılığımıza 

Gel,beraber ağlayalım.

 Ümit Yaşar Oğuzcan

Kayıt Tarihi : 14.10.2000 10:15:00",,,,Belirsiz,323
171,Bir Ateşim Yanarım,https://www.antoloji.com/bir-atesim-yanarim-siiri/,"Bir ateşim yanarım külüm yok dumanım yok
Sen yoksan mekanım belli değil zamanım yok
Fırtınalar içinde beni yalnız bırakma 
Benim senden başka sığınacak limanım yok

 Ümit Yaşar Oğuzcan

Kayıt Tarihi : 27.5.2001 15:40:00",,,,Belirsiz,33
172,Bir Ateşim Yanarım,https://www.antoloji.com/bir-atesim-yanarim-siiri/?siralama=p,"Bir ateşim yanarım külüm yok dumanım yok
Sen yoksan mekanım belli değil zamanım yok
Fırtınalar içinde beni yalnız bırakma 
Benim senden başka sığınacak limanım yok

 Ümit Yaşar Oğuzcan

Kayıt Tarihi : 27.5.2001 15:40:00",,,,Belirsiz,33
173,Çok Sevmek,https://www.antoloji.com/cok-sevmek-siiri/,"Bizi kandıran o şarkılar, o mavi gece

O sıcaklığı beyaz ellerin, o ilk bakış

Sebepsizliğin sebep olduğu şafak vakti

O çok sevmek gecelerde o çaresiz aldanış.

Uzayan saçlar, alnında avuçlarımızın

İste o, insanin bir yerde, aşka boyun eğmesi

Kırılmak, bölünmek, o hep bütünlenmek

O çok sevmek, tenin bir başka tene değmesi.

Yanmak mi o eski cağlarda yanmak

Kul olup savrulmak rüzgara karşı

İlk kesilmişliği mağrur ellerimizin

O çok sevmek, kanımızın o ilk akısı.

İşte pınarlar, testiler, ırmaklar, çeşmeler

Kanlı avuçlarla içmek aşkı kanmadan

O kıyılarımızdaki denizin ilk coşkunluğu

O çok sevmek büyütmek onu hep, orada o zaman
Kazımak ulu ağaç gövdelerine adımızı

Yazmak her şeyi bir bir kumların üstüne

O her işkenceye mahkum olmuşluğumuz

O çok sevmek, daha çok sevmek günden güne.
Öyle delicesine, öyle korkunç, öyle çılgın

O çok sevmek o yanardağ, o ateş, o yangın...

 Ümit Yaşar Oğuzcan

Kayıt Tarihi : 28.8.2000 18:58:00",,,,Belirsiz,145
174,Çok Sevmek,https://www.antoloji.com/cok-sevmek-siiri/?siralama=p,"Bizi kandıran o şarkılar, o mavi gece

O sıcaklığı beyaz ellerin, o ilk bakış

Sebepsizliğin sebep olduğu şafak vakti

O çok sevmek gecelerde o çaresiz aldanış.

Uzayan saçlar, alnında avuçlarımızın

İste o, insanin bir yerde, aşka boyun eğmesi

Kırılmak, bölünmek, o hep bütünlenmek

O çok sevmek, tenin bir başka tene değmesi.

Yanmak mi o eski cağlarda yanmak

Kul olup savrulmak rüzgara karşı

İlk kesilmişliği mağrur ellerimizin

O çok sevmek, kanımızın o ilk akısı.

İşte pınarlar, testiler, ırmaklar, çeşmeler

Kanlı avuçlarla içmek aşkı kanmadan

O kıyılarımızdaki denizin ilk coşkunluğu

O çok sevmek büyütmek onu hep, orada o zaman
Kazımak ulu ağaç gövdelerine adımızı

Yazmak her şeyi bir bir kumların üstüne

O her işkenceye mahkum olmuşluğumuz

O çok sevmek, daha çok sevmek günden güne.
Öyle delicesine, öyle korkunç, öyle çılgın

O çok sevmek o yanardağ, o ateş, o yangın...

 Ümit Yaşar Oğuzcan

Kayıt Tarihi : 28.8.2000 18:58:00",,,,Belirsiz,145
175,Ümitsiz Aşklar İçin,https://www.antoloji.com/umitsiz-asklar-icin-siiri/,"Ben ümitsiz aşklar için yaratılmışım

Ayrılıklar için, sonsuz kederler için

Ne zaman ta derinden sevsem birini

Ezilmeli yeni açmış gülleri kalbimin

En güçlü zehir olmalı aşk dedigin

Alkol gibi damarlarıma yürümeli

Sarmalı her yanımı gece olunca

İçimde bir çıbansa  büyümeli

İnsan sevince her gün bir kez ölmeli

Her gün bir başka yerine saplanmalı o kursun

Yollara düşmeli, perişan deli divane

Erimeli potasında o garip var oluşun

Artık uzak bir anıdır huzur ve sukun

O büyük yangın başlamışsa yürekte

Bir gün gelir de bu çaresizligin

Aranır bütün tesellisi ölmekte

Oyerde sevilmek de yalan sevmekte

Nereye baksan dizboyu karanlık

Boşuna bir ışık arama göklerde

Her şeyinle aşkın içindesin artık

Böyle gitgide derinlere çeker o bataklık

Orada ölümsüz olur nice kara sevdalı

Sevmek, hiç sevilmeden; korkunç güzel

Aşk dedigin karşılıksız olmalı

 Ümit Yaşar Oğuzcan

Kayıt Tarihi : 12.8.2000 15:53:00",,,,Belirsiz,136
176,Ümitsiz Aşklar İçin,https://www.antoloji.com/umitsiz-asklar-icin-siiri/?siralama=p,"Ben ümitsiz aşklar için yaratılmışım

Ayrılıklar için, sonsuz kederler için

Ne zaman ta derinden sevsem birini

Ezilmeli yeni açmış gülleri kalbimin

En güçlü zehir olmalı aşk dedigin

Alkol gibi damarlarıma yürümeli

Sarmalı her yanımı gece olunca

İçimde bir çıbansa  büyümeli

İnsan sevince her gün bir kez ölmeli

Her gün bir başka yerine saplanmalı o kursun

Yollara düşmeli, perişan deli divane

Erimeli potasında o garip var oluşun

Artık uzak bir anıdır huzur ve sukun

O büyük yangın başlamışsa yürekte

Bir gün gelir de bu çaresizligin

Aranır bütün tesellisi ölmekte

Oyerde sevilmek de yalan sevmekte

Nereye baksan dizboyu karanlık

Boşuna bir ışık arama göklerde

Her şeyinle aşkın içindesin artık

Böyle gitgide derinlere çeker o bataklık

Orada ölümsüz olur nice kara sevdalı

Sevmek, hiç sevilmeden; korkunç güzel

Aşk dedigin karşılıksız olmalı

 Ümit Yaşar Oğuzcan

Kayıt Tarihi : 12.8.2000 15:53:00",,,,Belirsiz,136
177,Güzeldiniz,https://www.antoloji.com/guzeldiniz-siiri/,"Bir zamanlar sizi de sevmiştik hatırlar mısınız

Güzelsiniz demiştik gerçekten güzeldiniz

Her gece ayla beraber çıkardınız gökyüzüne

Gün olur güneşler doğardı aydınlığınızdan

Gözlerinizin şavkı vururdu duvarlara

Gün olur dağ rüzgarıyla gelirdiniz

İnsanı büyüleyen bir havanız vardı

Güzelsiniz demiştik gerçekten güzeldiniz
Tutunca avuçlarımızda eriyecek sanırdık elleriniz

Öyle beyazdılar, inceydiler anlatılmaz

Ya dudaklarınız yaban eriği kokulu

İnsanı deli divane eden dudaklarınız

Hiç öpmemiştik ama bilirdik tadını öpmüşçesine

Zekiydiniz aklımızdan geçenleri bilirdiniz

Bir tanrı yüreğiyle severdik sizi

Güzelsiniz demiştik gerçekten güzeldiniz
Nereye gitsek sizi bulurduk karşımızda

Yürüsek gölgemizdiniz uyusak düşümüzdünüz

Kır çiçekleri açardı bastığınız yerde

İyot kokuları gelirdi uzak denizlerden

Gözlerinize gemilerin biri gelir biri giderdi

Yosun yeşili elbiseler giyerdiniz

Bilseniz nasıl da yaraşırdı size
Şimdi ne desek faydasız yoksunuz

Bir karanlıktır bıraktınız arkanızda

Yüzünüzü görmek mümkün değil artık

Kulaklarımızda yalnız aksi kaldı gülüşlerinizin

Hani yokluğunuz bu kadar uzun sürmeyecekti

Hani giderken gelirim demiştiniz

Vefasızlık bile yakıştı size

Güzelsiniz demiştik gerçekten güzeldiniz

 Ümit Yaşar Oğuzcan

Kayıt Tarihi : 4.1.2001 14:23:00",,,,Belirsiz,157
178,Güzeldiniz,https://www.antoloji.com/guzeldiniz-siiri/?siralama=p,"Bir zamanlar sizi de sevmiştik hatırlar mısınız

Güzelsiniz demiştik gerçekten güzeldiniz

Her gece ayla beraber çıkardınız gökyüzüne

Gün olur güneşler doğardı aydınlığınızdan

Gözlerinizin şavkı vururdu duvarlara

Gün olur dağ rüzgarıyla gelirdiniz

İnsanı büyüleyen bir havanız vardı

Güzelsiniz demiştik gerçekten güzeldiniz
Tutunca avuçlarımızda eriyecek sanırdık elleriniz

Öyle beyazdılar, inceydiler anlatılmaz

Ya dudaklarınız yaban eriği kokulu

İnsanı deli divane eden dudaklarınız

Hiç öpmemiştik ama bilirdik tadını öpmüşçesine

Zekiydiniz aklımızdan geçenleri bilirdiniz

Bir tanrı yüreğiyle severdik sizi

Güzelsiniz demiştik gerçekten güzeldiniz
Nereye gitsek sizi bulurduk karşımızda

Yürüsek gölgemizdiniz uyusak düşümüzdünüz

Kır çiçekleri açardı bastığınız yerde

İyot kokuları gelirdi uzak denizlerden

Gözlerinize gemilerin biri gelir biri giderdi

Yosun yeşili elbiseler giyerdiniz

Bilseniz nasıl da yaraşırdı size
Şimdi ne desek faydasız yoksunuz

Bir karanlıktır bıraktınız arkanızda

Yüzünüzü görmek mümkün değil artık

Kulaklarımızda yalnız aksi kaldı gülüşlerinizin

Hani yokluğunuz bu kadar uzun sürmeyecekti

Hani giderken gelirim demiştiniz

Vefasızlık bile yakıştı size

Güzelsiniz demiştik gerçekten güzeldiniz

 Ümit Yaşar Oğuzcan

Kayıt Tarihi : 4.1.2001 14:23:00",,,,Belirsiz,157
179,Türkiye'miz,https://www.antoloji.com/turkiye-miz-siiri/,"Dolaştım Türkiye'yi karış karış

Adamlar gördüm alnı açık

Elleri ekmek kavgasındaydı yaz, kış

Düşünceleri geceler gibi karanlık

Adamlar gördüm anlaşılmamış
Dolaştım Türkiye'yi adım adım

Kadınlar gördüm bakır çehreli

Dilekleri sonsuz, zevkleri yarım

Kadınlar gördüm ağırbaşlı, terbiyeli

Güzellik ne imiş anladım
Dolaştım Türkiye'yi sokak sokak

Çocuklar gördüm saz benizli, sıtmalı

Çocuklar gördüm gamdan kederden uzak

Dedim: İnsan her yaşta çocuk olmalı

Her şeye rağmen güzel yaşamak
Dolaştım Türkiye'yi bahçe bahçe

Mersin'de portakal, Niğde'de elma yedim

Hazlar duydum gül yaprağından ince

İşçi kadınlarla türkü söyledim

Bahçelerde paydos vakti gelince
Dolaştım Türkiye'yi şehir şehir

Evler gördüm sazdan kerpiçten

Açtım kapılarını bir bir

Kapkara bir dumandı bacalarda tüten

Anladım ki evler tekin değildir
Dolaştım Türkiye'yi uzak yakın

Camileri, hanları, köprüleriyle

Duydum masalını eski zamanların

Ağladım hüzün dolu türküleriyle

Taşlara ruh veren insanların
Dolaştım Türkiye'yi deniz deniz

Balıkçı kayıklarında sabahı ettim

Zevkler tattım köpükler gibi deniz

Denizlerde sarhoş oldum, sahilde hora teptim

Denizleriyle bir başka güzeldi Türkiye'miz
Dolaştım Türkiye'yi mezar mezar

Zamana hükmeden taşlar gördüm

Ta Ardahan'dan Edirne'ye kadar

Kesilmiş, fakat eğilmemiş başlar gördüm

Kolu bir yerde, bacağı bir yerde yatar
Dolaştım Türkiye'yi yürek yürek

Gördüm insanlarında hürriyeti

Kovanlarında işlemişler petek petek

Güzelliği, doğruluğu, iyi niyeti

Dedim: Mümkün değil Türkiye'yi sevmemek
Dedim: Hemşehrilerim, kardeşlerim

Aydın olsun yarını hepinizin

Sizin için göz nurum, alım terim

En iyi insanları namuslu Türkiye'mizin

Sizinle yaşayıp, sizinle ölmek isterim

 Ümit Yaşar Oğuzcan

Kayıt Tarihi : 16.12.2001 04:28:00",,,,Belirsiz,227
180,Türkiye'miz,https://www.antoloji.com/turkiye-miz-siiri/?siralama=p,"Dolaştım Türkiye'yi karış karış

Adamlar gördüm alnı açık

Elleri ekmek kavgasındaydı yaz, kış

Düşünceleri geceler gibi karanlık

Adamlar gördüm anlaşılmamış
Dolaştım Türkiye'yi adım adım

Kadınlar gördüm bakır çehreli

Dilekleri sonsuz, zevkleri yarım

Kadınlar gördüm ağırbaşlı, terbiyeli

Güzellik ne imiş anladım
Dolaştım Türkiye'yi sokak sokak

Çocuklar gördüm saz benizli, sıtmalı

Çocuklar gördüm gamdan kederden uzak

Dedim: İnsan her yaşta çocuk olmalı

Her şeye rağmen güzel yaşamak
Dolaştım Türkiye'yi bahçe bahçe

Mersin'de portakal, Niğde'de elma yedim

Hazlar duydum gül yaprağından ince

İşçi kadınlarla türkü söyledim

Bahçelerde paydos vakti gelince
Dolaştım Türkiye'yi şehir şehir

Evler gördüm sazdan kerpiçten

Açtım kapılarını bir bir

Kapkara bir dumandı bacalarda tüten

Anladım ki evler tekin değildir
Dolaştım Türkiye'yi uzak yakın

Camileri, hanları, köprüleriyle

Duydum masalını eski zamanların

Ağladım hüzün dolu türküleriyle

Taşlara ruh veren insanların
Dolaştım Türkiye'yi deniz deniz

Balıkçı kayıklarında sabahı ettim

Zevkler tattım köpükler gibi deniz

Denizlerde sarhoş oldum, sahilde hora teptim

Denizleriyle bir başka güzeldi Türkiye'miz
Dolaştım Türkiye'yi mezar mezar

Zamana hükmeden taşlar gördüm

Ta Ardahan'dan Edirne'ye kadar

Kesilmiş, fakat eğilmemiş başlar gördüm

Kolu bir yerde, bacağı bir yerde yatar
Dolaştım Türkiye'yi yürek yürek

Gördüm insanlarında hürriyeti

Kovanlarında işlemişler petek petek

Güzelliği, doğruluğu, iyi niyeti

Dedim: Mümkün değil Türkiye'yi sevmemek
Dedim: Hemşehrilerim, kardeşlerim

Aydın olsun yarını hepinizin

Sizin için göz nurum, alım terim

En iyi insanları namuslu Türkiye'mizin

Sizinle yaşayıp, sizinle ölmek isterim

 Ümit Yaşar Oğuzcan

Kayıt Tarihi : 16.12.2001 04:28:00",,,,Belirsiz,227
181,Sana Bir Tanrı Getirdim,https://www.antoloji.com/sana-bir-tanri-getirdim-siiri/,"Hani o iki kişilik dünyalar bizimdi

Hani sen iyiydin

Halden anlardın

Hani sen git demiyecektin bana

Ve ben herşeye rağmen gelecektim

İçimde bir umut

Ellerimde olgun meyvalar

Dünya nimetleri

Gözlerimde yanıp yanıp sönen bir pırıltı

Ama ne sen gel dedin

Ne de ben gelebildim herşeye rağmen

Aşkımız ayrılıklarla başladı
Deli dolu akan nehirlerden tas tas sular içtik

Öyle ateşlerle doluydu yüreklerimiz öyle tutkundu

Karlı dağların serinliğinde uyurduk geceleri

Deniz fenerinin ışığında yıkanırdık

Köpükten bir çalkantıydı içimizde zaman

Ne yana baksak denizdi maviydi ışıktı

Sonra bir çaresizlikti zifir

Akıntıya kapılmış gemiler gibiydik
Bir org çalınır gibi yanıbaşımızda

Öyle kendinden geçmiş öyle başıboş

Öyle derin duygular içindeydik anlatılmaz

Sarhoş rüzgarlara bıraktık kendimizi

Aldığını geri vermez dalgalara

Görmediğimiz ülkeler gördük gün doğusunda

Tatmadığımız yemişlerden tattık günahkar olduk

Alevden bir tasta eridi günler

Bir cehennem ateşiydi aşk içimizde

Hiç sönmeyecekmiş gibi yanıyorduk
Tutsaklığımız nasıl başladı bilinmez

Paslı demir kapılar kapandı üstümüze

Taş duvarlarda kayboldu boğuk seslerimiz

Çaresizliğimizi bize aynalar söyledi inanmadık

Kuşatıldık ansızın kederle ayrılıkla

Aman vermez karanlıklar sardı dört yanımızı

Yalnızlık bir ağrı gibi çöktü başımıza

Uyuduk bir daha uyanamadık
Şimdi bir kutup var sana çeker beni

Bir kutup var senden öteye

Ben onun için böyle ortalıklarda kaldım

Dağ yollarında caddelerde sokaklarda

Onun için bulup bulup yitirdim seni

Hangi kapıyı çaldıysam sen açtın bana

Hangi gözümü yumduysam seni gördüm

Zamandın zamandan öte bir şeydin

Yıllarca bir meşale gibi yandın uzaklarda
Bu manyetik alanda boğulmam senin yüzünden

Bu zincirleri sen vurdun ellerime

Sen getirdin bunca karanlıkları

Al şunu mum yak

Korkuyorum

Bir taş aldım attım denize

Günahlarımdan kurtuldum

Alfabenin yirmisekizinci harfindeyim

Öteye gidemem

İtme beni
Benim de bir insan tarafım vardı

Bakma böyle kötü olduğuma

Benim de dileklerim vardı

Benim de bir beklediğim vardı yaşamaktan

Yeter artık vurma yüzüme çirkinliğimi

Hergün bir kadın ağlar benim yüzümde

Büyük dertler için benim ellerim

Anlamıyor musun

Sen sevildiğin için güzelsin bu kadar

Ben sevilmediğimden böyle çirkinim
Bütün kötü yerlerde ben korkarım

Biliyorum

Bir hayvan leşiyim öleli kırk gün olmuş

Fabrika bacalarında bir kara dumanım

Zehirim akrep kuyruklarında

Kötüyüm sevemediğin kadar

Öyle fenayım

Kapanmış bıçak yaralarında

Bu pis çöp tenekelerinde unut beni

Unut artık

Bayat bir ekmek gibi

Çürümüş bir elma gibi
Sarı badanalı evlerde kazanlar kaynar

Sarı badanalı evlerde günahlar işlenir her gece

Sarı badanalı evlerde ölüler yıkanır

Sarı badanalı evleri sev biraz

Bu evlerde zaman benim akşamlarımdır yitirilmiş

Bu kazanlarda benim gözbebeklerimdir kaynayan

Bu sarılarda benim yüreğim bir ölür bir dirilir

Anladım

Bu dünyada benden başka kimse yok beni anlayan
Tosca' dan bir arya hatırlıyorum şimdi

Sus biraz

Ensemde bir akrep yürüyor

Bırak yürüsün

Sabaha asacaklar beni

Dokunma

Yedi canım vardı ikisi gitsin

Bunca ölümler az gelir bana
Kalbimi yardım

Bir damla kan aktı

Kutuplara kar yağıyordu

Üşüdüm

Failatun vezniyle seni çağırıyorum

Bana imbiklenmiş yeşilliğini getir

Dur gitme

Beş kuruşum vardı kaybettim

Dur gitme

Isırgan otlarından kurtar beni
Deniz analarının gözlerini çaldım

Sana bakmak için

Güneşi üçe böldüm

Al biri senin olsun

Yüzümde beş bıçak yarası var

Bir de sen vur

Barut kokusunu severim

Bir portakalı dilim dilim soy

Acıktım

Tut ki ben yoğum artık yeryüzünde

Tut ki bir marul yaprağıydım

Öldüm
Al şu serçe parmağım sende kalsın.

Ben kötüyüm

Allahsızım

Korkunç çirkinim

Ben seksensekizinci tul dairesiyim

Sağ gözümün üç kirpiğini kestim

Al

Ben lanetlendim
Chopin' in cenaze marşı çalınıyor

Ölüler ayağa kalktı

Görüyor musun

Şu soldan ikinci benim

Senin yüzünden öldüm

Şimdi seni getiriyorlar karanlığıma

Ağlıyorum

Biraz sev beni

Gül biraz

Yaklaş biraz

Seni affediyorum
Kuşkonmaz dallarına astım kendimi

Sedir ağaçlarına gül yapraklarına

Başımı taşlara vurdum

Gözbebeklerimde büyük camlar parçalandı

Tanrısal duygular içindeydim

Bütün tanrısızlığımdan uzakta

Bir kemiklerinin sertliğini aldım

Bir teninin aklığını

Sonra sıcaklığını dudaklarının

Gel bak

SANA BİR TANRI GETİRDİM

Gel bak

BİR TANRI YARATTIM SENDEN.
(Ankara, 1957)

 Ümit Yaşar Oğuzcan

Kayıt Tarihi : 9.5.2001 14:36:00",,,,Belirsiz,613
182,Sana Bir Tanrı Getirdim,https://www.antoloji.com/sana-bir-tanri-getirdim-siiri/?siralama=p,"Hani o iki kişilik dünyalar bizimdi

Hani sen iyiydin

Halden anlardın

Hani sen git demiyecektin bana

Ve ben herşeye rağmen gelecektim

İçimde bir umut

Ellerimde olgun meyvalar

Dünya nimetleri

Gözlerimde yanıp yanıp sönen bir pırıltı

Ama ne sen gel dedin

Ne de ben gelebildim herşeye rağmen

Aşkımız ayrılıklarla başladı
Deli dolu akan nehirlerden tas tas sular içtik

Öyle ateşlerle doluydu yüreklerimiz öyle tutkundu

Karlı dağların serinliğinde uyurduk geceleri

Deniz fenerinin ışığında yıkanırdık

Köpükten bir çalkantıydı içimizde zaman

Ne yana baksak denizdi maviydi ışıktı

Sonra bir çaresizlikti zifir

Akıntıya kapılmış gemiler gibiydik
Bir org çalınır gibi yanıbaşımızda

Öyle kendinden geçmiş öyle başıboş

Öyle derin duygular içindeydik anlatılmaz

Sarhoş rüzgarlara bıraktık kendimizi

Aldığını geri vermez dalgalara

Görmediğimiz ülkeler gördük gün doğusunda

Tatmadığımız yemişlerden tattık günahkar olduk

Alevden bir tasta eridi günler

Bir cehennem ateşiydi aşk içimizde

Hiç sönmeyecekmiş gibi yanıyorduk
Tutsaklığımız nasıl başladı bilinmez

Paslı demir kapılar kapandı üstümüze

Taş duvarlarda kayboldu boğuk seslerimiz

Çaresizliğimizi bize aynalar söyledi inanmadık

Kuşatıldık ansızın kederle ayrılıkla

Aman vermez karanlıklar sardı dört yanımızı

Yalnızlık bir ağrı gibi çöktü başımıza

Uyuduk bir daha uyanamadık
Şimdi bir kutup var sana çeker beni

Bir kutup var senden öteye

Ben onun için böyle ortalıklarda kaldım

Dağ yollarında caddelerde sokaklarda

Onun için bulup bulup yitirdim seni

Hangi kapıyı çaldıysam sen açtın bana

Hangi gözümü yumduysam seni gördüm

Zamandın zamandan öte bir şeydin

Yıllarca bir meşale gibi yandın uzaklarda
Bu manyetik alanda boğulmam senin yüzünden

Bu zincirleri sen vurdun ellerime

Sen getirdin bunca karanlıkları

Al şunu mum yak

Korkuyorum

Bir taş aldım attım denize

Günahlarımdan kurtuldum

Alfabenin yirmisekizinci harfindeyim

Öteye gidemem

İtme beni
Benim de bir insan tarafım vardı

Bakma böyle kötü olduğuma

Benim de dileklerim vardı

Benim de bir beklediğim vardı yaşamaktan

Yeter artık vurma yüzüme çirkinliğimi

Hergün bir kadın ağlar benim yüzümde

Büyük dertler için benim ellerim

Anlamıyor musun

Sen sevildiğin için güzelsin bu kadar

Ben sevilmediğimden böyle çirkinim
Bütün kötü yerlerde ben korkarım

Biliyorum

Bir hayvan leşiyim öleli kırk gün olmuş

Fabrika bacalarında bir kara dumanım

Zehirim akrep kuyruklarında

Kötüyüm sevemediğin kadar

Öyle fenayım

Kapanmış bıçak yaralarında

Bu pis çöp tenekelerinde unut beni

Unut artık

Bayat bir ekmek gibi

Çürümüş bir elma gibi
Sarı badanalı evlerde kazanlar kaynar

Sarı badanalı evlerde günahlar işlenir her gece

Sarı badanalı evlerde ölüler yıkanır

Sarı badanalı evleri sev biraz

Bu evlerde zaman benim akşamlarımdır yitirilmiş

Bu kazanlarda benim gözbebeklerimdir kaynayan

Bu sarılarda benim yüreğim bir ölür bir dirilir

Anladım

Bu dünyada benden başka kimse yok beni anlayan
Tosca' dan bir arya hatırlıyorum şimdi

Sus biraz

Ensemde bir akrep yürüyor

Bırak yürüsün

Sabaha asacaklar beni

Dokunma

Yedi canım vardı ikisi gitsin

Bunca ölümler az gelir bana
Kalbimi yardım

Bir damla kan aktı

Kutuplara kar yağıyordu

Üşüdüm

Failatun vezniyle seni çağırıyorum

Bana imbiklenmiş yeşilliğini getir

Dur gitme

Beş kuruşum vardı kaybettim

Dur gitme

Isırgan otlarından kurtar beni
Deniz analarının gözlerini çaldım

Sana bakmak için

Güneşi üçe böldüm

Al biri senin olsun

Yüzümde beş bıçak yarası var

Bir de sen vur

Barut kokusunu severim

Bir portakalı dilim dilim soy

Acıktım

Tut ki ben yoğum artık yeryüzünde

Tut ki bir marul yaprağıydım

Öldüm
Al şu serçe parmağım sende kalsın.

Ben kötüyüm

Allahsızım

Korkunç çirkinim

Ben seksensekizinci tul dairesiyim

Sağ gözümün üç kirpiğini kestim

Al

Ben lanetlendim
Chopin' in cenaze marşı çalınıyor

Ölüler ayağa kalktı

Görüyor musun

Şu soldan ikinci benim

Senin yüzünden öldüm

Şimdi seni getiriyorlar karanlığıma

Ağlıyorum

Biraz sev beni

Gül biraz

Yaklaş biraz

Seni affediyorum
Kuşkonmaz dallarına astım kendimi

Sedir ağaçlarına gül yapraklarına

Başımı taşlara vurdum

Gözbebeklerimde büyük camlar parçalandı

Tanrısal duygular içindeydim

Bütün tanrısızlığımdan uzakta

Bir kemiklerinin sertliğini aldım

Bir teninin aklığını

Sonra sıcaklığını dudaklarının

Gel bak

SANA BİR TANRI GETİRDİM

Gel bak

BİR TANRI YARATTIM SENDEN.
(Ankara, 1957)

 Ümit Yaşar Oğuzcan

Kayıt Tarihi : 9.5.2001 14:36:00",,,,Belirsiz,613
183,Kadınlar İçin Sone,https://www.antoloji.com/kadinlar-icin-sone-siiri/,"Ben güzel gözlü kadınları severim

Bir de küçük ayaklıları, uzun boyluları

Hem nasıl severim, öyle severim işte

Terler avuçları, kesilir solukları
Ben mahzun kadınları severim

Yavru ceylanca kadınları, ürkekçe

Hem nasıl severim, öyle severim işte

Bilemezsiniz ne güzeldirler, öpüştükçe
Ben akıllı kadınları severim

Düşünen, az konuşan, çok bilen

Her yerde, her zaman nazı çekilen
Hem nasıl severim, öyle severim işte

İçimde büyük, sonsuz ateşler yanmalı

Ölümüm bile o kadının yüzünden olmalı

 Ümit Yaşar Oğuzcan

Kayıt Tarihi : 3.2.2002 05:14:00",,,,Belirsiz,79
184,Kadınlar İçin Sone,https://www.antoloji.com/kadinlar-icin-sone-siiri/?siralama=p,"Ben güzel gözlü kadınları severim

Bir de küçük ayaklıları, uzun boyluları

Hem nasıl severim, öyle severim işte

Terler avuçları, kesilir solukları
Ben mahzun kadınları severim

Yavru ceylanca kadınları, ürkekçe

Hem nasıl severim, öyle severim işte

Bilemezsiniz ne güzeldirler, öpüştükçe
Ben akıllı kadınları severim

Düşünen, az konuşan, çok bilen

Her yerde, her zaman nazı çekilen
Hem nasıl severim, öyle severim işte

İçimde büyük, sonsuz ateşler yanmalı

Ölümüm bile o kadının yüzünden olmalı

 Ümit Yaşar Oğuzcan

Kayıt Tarihi : 3.2.2002 05:14:00",,,,Belirsiz,79
185,Galata Kulesi,https://www.antoloji.com/galata-kulesi-siiri/,"6 Haziran 1973

Pırıl pırl bir yaz günüydü

Aydınlıktı, güzeldi dünya

Bir adam duştu o gün Galata Kulesinden

Kendini bir anda bıraktı boşluğa

Ömrünun baharında

Butun umutlarıyla birlikte

Paramparça oldu

Bir adam duştu Galata Kulesinden

Bu adam benim oğlumdu
Gencecikti Vedat

Işıl ışıldı gözleri

İçi

Bütün insanlar için sevgiyle doluydu

Çıktı apansız o dönülmez yolculuğa

Kendini bir anda bıraktı boşluğa

Sondu güneş, karardı yeryüzü butun

Zaman durdu

Bir adam duştu Galata Kulesinden

Bu adam benim oğlumdu
'Acarken ufkunda güller alevden'

Çıktı, her günkü gibi gülerek evden

Kimseye belli etmedi içindeki yangını

Yürüdü, kendinden emin

Sonsuzluğa doğru

Galata Kulesinde bekliyordu ecel

Bir fincan kahve, bir kadeh konyak

Olum yolcusunun son arzusuydu buydu

Bir adam düştü Galata Kulesinden

Bu adam benim oğlumdu
Küçücüktü bir zaman

Kucağıma alır ninniler söylerdim ona

Uyu oğlum, uyu oğlum, ninni

Bir daha uyanmamak üzere uyudu Vedat

6 Haziran 1973

Galata Kulesinden bir adam attı kendini

Bu nankör insanlara

Bu kalleş dünyaya inat

Simdi yine bir ninni söylüyorum ona

Uyan oğlum, uyan oğlum, uyan Vedat.

 Ümit Yaşar Oğuzcan

Kayıt Tarihi : 28.8.2000 19:24:00",,Acılar Denizi,1977.0,Son Dönem (1973–1984),175
186,Galata Kulesi,https://www.antoloji.com/galata-kulesi-siiri/?siralama=p,"6 Haziran 1973

Pırıl pırl bir yaz günüydü

Aydınlıktı, güzeldi dünya

Bir adam duştu o gün Galata Kulesinden

Kendini bir anda bıraktı boşluğa

Ömrünun baharında

Butun umutlarıyla birlikte

Paramparça oldu

Bir adam duştu Galata Kulesinden

Bu adam benim oğlumdu
Gencecikti Vedat

Işıl ışıldı gözleri

İçi

Bütün insanlar için sevgiyle doluydu

Çıktı apansız o dönülmez yolculuğa

Kendini bir anda bıraktı boşluğa

Sondu güneş, karardı yeryüzü butun

Zaman durdu

Bir adam duştu Galata Kulesinden

Bu adam benim oğlumdu
'Acarken ufkunda güller alevden'

Çıktı, her günkü gibi gülerek evden

Kimseye belli etmedi içindeki yangını

Yürüdü, kendinden emin

Sonsuzluğa doğru

Galata Kulesinde bekliyordu ecel

Bir fincan kahve, bir kadeh konyak

Olum yolcusunun son arzusuydu buydu

Bir adam düştü Galata Kulesinden

Bu adam benim oğlumdu
Küçücüktü bir zaman

Kucağıma alır ninniler söylerdim ona

Uyu oğlum, uyu oğlum, ninni

Bir daha uyanmamak üzere uyudu Vedat

6 Haziran 1973

Galata Kulesinden bir adam attı kendini

Bu nankör insanlara

Bu kalleş dünyaya inat

Simdi yine bir ninni söylüyorum ona

Uyan oğlum, uyan oğlum, uyan Vedat.

 Ümit Yaşar Oğuzcan

Kayıt Tarihi : 28.8.2000 19:24:00",,Acılar Denizi,1977.0,Son Dönem (1973–1984),175
187,Aşktan önce,https://www.antoloji.com/asktan-once-siiri/,"Günlerden bir gün

Ya pazartesi ya salı

Son meteliğime kadar içeceğim...

Yine hatırıma sen geleceksin

Oturup ağlayacağım.

 Ümit Yaşar Oğuzcan

Kayıt Tarihi : 10.4.2001 00:00:00",,,,Belirsiz,25
188,Aşktan önce,https://www.antoloji.com/asktan-once-siiri/?siralama=p,"Günlerden bir gün

Ya pazartesi ya salı

Son meteliğime kadar içeceğim...

Yine hatırıma sen geleceksin

Oturup ağlayacağım.

 Ümit Yaşar Oğuzcan

Kayıt Tarihi : 10.4.2001 00:00:00",,,,Belirsiz,25
189,İnsan Bir Kere Ölür,https://www.antoloji.com/insan-bir-kere-olur-siiri/,"Her bulunduğum yerde yitiriyorum seni

Yanıbaşımda öldüğün oluyor kimi gün

Ya da ben ölüyorum sessizce gözlerinde

Bir yaprak kımıldıyor hafiften

Bu sessizlik bir kasırga başlangıcı

Kükremeye hazırlanışı denizin

Bu, aslanların sarı, vahşi gözlerindeki ölüm parıltısı

Bu bir yerde erimek

Apansız yok olmak belki de

Ve sonra susmak, susmak yüzyıllar boyu

Beni unuttuğun bir uzak çizgide
Tuvale sürdüğüm boya değil artık

Kırmızı kan rengidir gözlerimin

En karadan daha kara yok

Oysa en beyazdın sen gecelerimde

O bana en yakın renkti tüy gibi

Buram buram sıcaklığını çizerdim duvarlara

Kokun bir tuhaftı çocuksu

Sonra katmerli bir gül gibiydi baygın

Gecenin en koyulaştığı o yerde

Düşerdi ellerime darmadağın.
Öten bir ishak kuşudur şimdi

Haber getirir ölümlerden, dinle

Yaşamak bir manga asker karşımda

Ateş etmeyin diyorum

Bir diyeceğim var

Gözlerimi bağlamayın

Son defa görmek istiyorum insanı

Göğü, güneşi, denizleri

Ve bu son ölümün olsun diyorum

Bir daha öldürmeyin beni.
Kibritim ıslak

Sigaram yanmıyor

Ne olur bir ateş verin

Bu ilk aldanışım değil

Bu ilk sönüşü değil umutlarımın

Ben bu denizin son kıyısıyım.
Bir cam kırıldı uzakta

Ta uzakta, içimde bir cam kırıldı

Bütün şiirlerim anlamsız şimdi

Resimler renksiz, şarkılar ruhsuz

Hiç bir şey artık avutamaz beni

Bakın, bir çağ devriliyor içimde sersefil

Son şair de kırdı son kelemini
İlk meşaleyi kim yaktı bu karanlıkta

Kimdi aydınlatan benim zindan gözlerimi

Sevilmek mi

O son artığı en ilkel çağların

Bir mağara duvarındaki en eski resim

Ya sevmek

Hiç sönmeden bir ömür boyu

O en güzel huy benimsediğim

Yıkıldıkça tutunduğum dal bu boşlukta

O en insancıl gerçeğim benim
Ben hep böyle yüzyıllar boyu sevdim

Çağlar boyu

Kopkoyu bir geceydi yaşadığım sevince

Ellerimi arardım, bulamazdım çoğu gün

Bir saklayan vardı beni

Bir tutan vardı

Sana yaklaşamazdım

Anlayamadığım korkular vardı içimde

Hep böyle seninle sensiz kalırdım ben

Bir kıvılcım sönerken

Bir yanardağ patlardı içimde.
Ko şimdi ben yalnız öleyim

Vur ellerimi ekmeğimi al

Tiksinir beni kim görse sensiz

Utanır yalnızlığım bana baktıkça

Aynalar mı

Hani nerdeler

Kimbilir kaç yüzyıl oldu kendimi görmeyeli

Adım mı neydi

Besbelli unutmuşum

Hadi vur

Hadi öldür

Kurtar beni ezilmekten çürümekten

Hadi gel, açtım kollarımı

Bir zaman

Ölmeye vaktim mi vardı seni sevmekten
Sen büyüyen bir sessizliktin içimde

Beni ben eden en duru ırmaktın

En güzeliydin mozaiklerin

Seninle maviydi gökyüzüm

Çiçeklerim sende yeşerirdi

Sen bambaşka bir evren yaratırdın

Sularımdan güneşimden rüzgarımdan

Bak! Nasıl da her şey değişiverdi apansız

Şimdi bu karanlıklarda yapayalnız

Mavi mavi bir resim ağlar duvarlarımdan
Ben bir tohumum

Al beni toprağa ek yeniden

Neredesin hani ne oldun

Antik bir kadın başı mıydın

Yoksa bir deniz miydin eskiden

Yosunların kurudu mu öldü mü balıkların

Hani bir Nefertiti yaşamıştı eski Mısır'da

Yoksa o muydun sen

Hadi, anlat bana neydin

Belki de uzak belirsiz bir noktaydın sen

Öyküme girmeseydin
İnsan bir kere ölür

Her gün ölen umutlarımızdır içimizdeki

Paramparça olmuş sevgilerdir

Her aldanış

Yeni bir aldanışa hazırlar bizi

Zamanla renkler değişir

Donuklaşır anılar

Silinir usumuzdan

Güzel olan ne varsa

Görür içindeki bütün hayallerin öldüğünü

İnsan yaşarsa.

Ve bir gün insan da ölür

Çimen gibi yaprak gibi

Sarsılır yeryüzü yerinden

Devrilen koca bir ağaçtır sanki

Durur atışları yorgun kalbimizin

El, ayak kesilir

Göz ölür, dudak ölür, kan ölür

Susar ta içimizde

Yıllardır çalan çalgı

Bütün teller ses vermez olur

Acılar diner

Ve bir gün biter bu çirkin oyun

Perde iner...

 Ümit Yaşar Oğuzcan

Kayıt Tarihi : 9.8.2000 14:36:00",,,,Belirsiz,541
190,İnsan Bir Kere Ölür,https://www.antoloji.com/insan-bir-kere-olur-siiri/?siralama=p,"Her bulunduğum yerde yitiriyorum seni

Yanıbaşımda öldüğün oluyor kimi gün

Ya da ben ölüyorum sessizce gözlerinde

Bir yaprak kımıldıyor hafiften

Bu sessizlik bir kasırga başlangıcı

Kükremeye hazırlanışı denizin

Bu, aslanların sarı, vahşi gözlerindeki ölüm parıltısı

Bu bir yerde erimek

Apansız yok olmak belki de

Ve sonra susmak, susmak yüzyıllar boyu

Beni unuttuğun bir uzak çizgide
Tuvale sürdüğüm boya değil artık

Kırmızı kan rengidir gözlerimin

En karadan daha kara yok

Oysa en beyazdın sen gecelerimde

O bana en yakın renkti tüy gibi

Buram buram sıcaklığını çizerdim duvarlara

Kokun bir tuhaftı çocuksu

Sonra katmerli bir gül gibiydi baygın

Gecenin en koyulaştığı o yerde

Düşerdi ellerime darmadağın.
Öten bir ishak kuşudur şimdi

Haber getirir ölümlerden, dinle

Yaşamak bir manga asker karşımda

Ateş etmeyin diyorum

Bir diyeceğim var

Gözlerimi bağlamayın

Son defa görmek istiyorum insanı

Göğü, güneşi, denizleri

Ve bu son ölümün olsun diyorum

Bir daha öldürmeyin beni.
Kibritim ıslak

Sigaram yanmıyor

Ne olur bir ateş verin

Bu ilk aldanışım değil

Bu ilk sönüşü değil umutlarımın

Ben bu denizin son kıyısıyım.
Bir cam kırıldı uzakta

Ta uzakta, içimde bir cam kırıldı

Bütün şiirlerim anlamsız şimdi

Resimler renksiz, şarkılar ruhsuz

Hiç bir şey artık avutamaz beni

Bakın, bir çağ devriliyor içimde sersefil

Son şair de kırdı son kelemini
İlk meşaleyi kim yaktı bu karanlıkta

Kimdi aydınlatan benim zindan gözlerimi

Sevilmek mi

O son artığı en ilkel çağların

Bir mağara duvarındaki en eski resim

Ya sevmek

Hiç sönmeden bir ömür boyu

O en güzel huy benimsediğim

Yıkıldıkça tutunduğum dal bu boşlukta

O en insancıl gerçeğim benim
Ben hep böyle yüzyıllar boyu sevdim

Çağlar boyu

Kopkoyu bir geceydi yaşadığım sevince

Ellerimi arardım, bulamazdım çoğu gün

Bir saklayan vardı beni

Bir tutan vardı

Sana yaklaşamazdım

Anlayamadığım korkular vardı içimde

Hep böyle seninle sensiz kalırdım ben

Bir kıvılcım sönerken

Bir yanardağ patlardı içimde.
Ko şimdi ben yalnız öleyim

Vur ellerimi ekmeğimi al

Tiksinir beni kim görse sensiz

Utanır yalnızlığım bana baktıkça

Aynalar mı

Hani nerdeler

Kimbilir kaç yüzyıl oldu kendimi görmeyeli

Adım mı neydi

Besbelli unutmuşum

Hadi vur

Hadi öldür

Kurtar beni ezilmekten çürümekten

Hadi gel, açtım kollarımı

Bir zaman

Ölmeye vaktim mi vardı seni sevmekten
Sen büyüyen bir sessizliktin içimde

Beni ben eden en duru ırmaktın

En güzeliydin mozaiklerin

Seninle maviydi gökyüzüm

Çiçeklerim sende yeşerirdi

Sen bambaşka bir evren yaratırdın

Sularımdan güneşimden rüzgarımdan

Bak! Nasıl da her şey değişiverdi apansız

Şimdi bu karanlıklarda yapayalnız

Mavi mavi bir resim ağlar duvarlarımdan
Ben bir tohumum

Al beni toprağa ek yeniden

Neredesin hani ne oldun

Antik bir kadın başı mıydın

Yoksa bir deniz miydin eskiden

Yosunların kurudu mu öldü mü balıkların

Hani bir Nefertiti yaşamıştı eski Mısır'da

Yoksa o muydun sen

Hadi, anlat bana neydin

Belki de uzak belirsiz bir noktaydın sen

Öyküme girmeseydin
İnsan bir kere ölür

Her gün ölen umutlarımızdır içimizdeki

Paramparça olmuş sevgilerdir

Her aldanış

Yeni bir aldanışa hazırlar bizi

Zamanla renkler değişir

Donuklaşır anılar

Silinir usumuzdan

Güzel olan ne varsa

Görür içindeki bütün hayallerin öldüğünü

İnsan yaşarsa.

Ve bir gün insan da ölür

Çimen gibi yaprak gibi

Sarsılır yeryüzü yerinden

Devrilen koca bir ağaçtır sanki

Durur atışları yorgun kalbimizin

El, ayak kesilir

Göz ölür, dudak ölür, kan ölür

Susar ta içimizde

Yıllardır çalan çalgı

Bütün teller ses vermez olur

Acılar diner

Ve bir gün biter bu çirkin oyun

Perde iner...

 Ümit Yaşar Oğuzcan

Kayıt Tarihi : 9.8.2000 14:36:00",,,,Belirsiz,541
191,Bildiğim Bir Şarkı Var,https://www.antoloji.com/bildigim-bir-sarki-var-siiri/,"Merhametsiz karanlık içindeyim

Ne zaman güneş doğacak bilmiyorum

Mavi denizlere mor dağlara karşı

Bildiğim bir şarki var onu söylüyorum
Bildiğim bir şarki var onu söylüyorum

Butun şarkılar gibi kederli

Sokaklar, caddeler, evler bomboş

Yokluğun sırtıma saplandı bir bıçak gibi
Yokluğun sırtıma saplandı bir bıçak gibi

Akıtır taşa, toprağa kanımı

Dünya seninle aydınlık ve güzeldi

Simdi bin güneş doğsa götürmez karanlığımı
Şimdi bin güneş doğsa götürmez karanlığımı

Yanmaz elinin değmediği ışıklar

Gel, o şarkiyi beraber söyleyelim

Tut ellerimden beni aydınlığa çıkar
Tut ellerimden beni aydınlığa çıkar

Yumdum gözlerimi seni düşünüyorum

Mavi denizlere, mor dağlara karşı

Bildiğim bir şarkı var onu söylüyorum

 Ümit Yaşar Oğuzcan

Kayıt Tarihi : 28.8.2000 17:38:00",,,,Belirsiz,108
192,Bildiğim Bir Şarkı Var,https://www.antoloji.com/bildigim-bir-sarki-var-siiri/?siralama=p,"Merhametsiz karanlık içindeyim

Ne zaman güneş doğacak bilmiyorum

Mavi denizlere mor dağlara karşı

Bildiğim bir şarki var onu söylüyorum
Bildiğim bir şarki var onu söylüyorum

Butun şarkılar gibi kederli

Sokaklar, caddeler, evler bomboş

Yokluğun sırtıma saplandı bir bıçak gibi
Yokluğun sırtıma saplandı bir bıçak gibi

Akıtır taşa, toprağa kanımı

Dünya seninle aydınlık ve güzeldi

Simdi bin güneş doğsa götürmez karanlığımı
Şimdi bin güneş doğsa götürmez karanlığımı

Yanmaz elinin değmediği ışıklar

Gel, o şarkiyi beraber söyleyelim

Tut ellerimden beni aydınlığa çıkar
Tut ellerimden beni aydınlığa çıkar

Yumdum gözlerimi seni düşünüyorum

Mavi denizlere, mor dağlara karşı

Bildiğim bir şarkı var onu söylüyorum

 Ümit Yaşar Oğuzcan

Kayıt Tarihi : 28.8.2000 17:38:00",,,,Belirsiz,108
193,Bedri Rahmi Eyüboğlu,https://www.antoloji.com/bedri-rahmi-eyuboglu-siiri/,"Ne zaman seni ansam hayalimde hep o şiir var

'Önde zeytin ağaçları arkasında yar'
Sanki o sonbaharı seninle yaşıyorum

Kara saplı bıçağı sırtımda taşıyorum
Neyleyim Bedri Rahmi, dalları neyleyim

Şiir yazmadığın bunca yılları neyleyim
Yoksa acılarınla tel tel çözülüp kaldın mı? 

Yaradana Mektupları'na bilmem cevap aldın mı? 
İnanmam, senin gibi bir ozanda şiir biter mi? 

Gözümüzün bebeğinde sana sitem var Bedri Rahmi

 Ümit Yaşar Oğuzcan

Kayıt Tarihi : 8.2.2002 05:20:00",,,,Belirsiz,70
194,Bedri Rahmi Eyüboğlu,https://www.antoloji.com/bedri-rahmi-eyuboglu-siiri/?siralama=p,"Ne zaman seni ansam hayalimde hep o şiir var

'Önde zeytin ağaçları arkasında yar'
Sanki o sonbaharı seninle yaşıyorum

Kara saplı bıçağı sırtımda taşıyorum
Neyleyim Bedri Rahmi, dalları neyleyim

Şiir yazmadığın bunca yılları neyleyim
Yoksa acılarınla tel tel çözülüp kaldın mı? 

Yaradana Mektupları'na bilmem cevap aldın mı? 
İnanmam, senin gibi bir ozanda şiir biter mi? 

Gözümüzün bebeğinde sana sitem var Bedri Rahmi

 Ümit Yaşar Oğuzcan

Kayıt Tarihi : 8.2.2002 05:20:00",,,,Belirsiz,70
195,Bir Fotoğrafta Sen,https://www.antoloji.com/bir-fotografta-sen-siiri/,"Dün bir fotoğrafta gözlerini gördüm

İki uzak yıldız gibiydiler, dalgın

Bilsen neler anlattı bana, sessizce

Bir sevgiyle derinleşen bakışların.
Orda değildin sanki, bir başka yerde

Ötelerde, uzakta benimle vardın

Güzellikler bahçesi ayna gibi

Yansıdığını gördüm yüzünde aşkın.
Bir ara çıktın resimden usulca, ürkek

Bir ceylan gibi kollarıma atıldın

Özlemli dudaklarınla yangın yangın
Seni gördüm, yaşadım bir fotoğrafta 

Her zamankinden daha çok bana yakın 

Gelecek o mutlu günleri anlattın.

 Ümit Yaşar Oğuzcan

Kayıt Tarihi : 29.7.2001 11:43:00",,,,Belirsiz,76
196,Bir Fotoğrafta Sen,https://www.antoloji.com/bir-fotografta-sen-siiri/?siralama=p,"Dün bir fotoğrafta gözlerini gördüm

İki uzak yıldız gibiydiler, dalgın

Bilsen neler anlattı bana, sessizce

Bir sevgiyle derinleşen bakışların.
Orda değildin sanki, bir başka yerde

Ötelerde, uzakta benimle vardın

Güzellikler bahçesi ayna gibi

Yansıdığını gördüm yüzünde aşkın.
Bir ara çıktın resimden usulca, ürkek

Bir ceylan gibi kollarıma atıldın

Özlemli dudaklarınla yangın yangın
Seni gördüm, yaşadım bir fotoğrafta 

Her zamankinden daha çok bana yakın 

Gelecek o mutlu günleri anlattın.

 Ümit Yaşar Oğuzcan

Kayıt Tarihi : 29.7.2001 11:43:00",,,,Belirsiz,76
197,İkinci Mektup,https://www.antoloji.com/ikinci-mektup-siiri/,"Aramak... Ömür boyunca aramak... 

Yalnız seni aramak... Paslı teneke kutularda, küf kokan 

dolaplarda, çerçevelerde, tenhalarda, ağaç diplerinde,

sonra vapurlarda, trenlerde hep seni aramak. 

Belki bu şehirde değilsin. Ne çıkar? Seni arıyorum ya.

Belki de ayni sokakta evlerimiz, sabahları

beni görüyorsun işime giderken. 

Sonra akşamı bekliyorsun, alacakaranlığı... 

Beni bekliyorsun ya da bir başkasını, bir başkasını...
Hiç gel demiyeceğim sana. Aramak neredeyse 

ben oradayım. Ayaklarım ne güne duruyor? 

Yok yok birden karşıma çıkma. 

Kaç, saklan. Seni aramak istiyorum.
Git bu şehirden haydi git. Dağlara çık, o uzak dağlara.

Rüzgârların krallığında hüküm sür. Baktın ki oraya da 

geldim, yine kaç. Başını al, açıl denizlere.

Gemilerin en güzeli, en büyüğü dilediğin limana 

götürmeli seni, dilediğin yere demir atmalı. 

Ben küçük bir balıkçı kayığı ile

peşinden gelsem yeter. Seni arıyorum ya !
Bir yıl, beş yıl, on yıl değil; beşikten mezara kadar 

aramalı insan ama ne aradığını bilmeli. 

Yaklaşıp uzaklaşmalı aradığından. Okyanus dalgaları 

üstünde bir küçük tekne gibi alçalıp yükselmeli.

Yalınayak koşmalı yollarda, ayaklarını sivri taşlar kesip

kanatmalı. Çöllerden geçmeli yolu, yanmalı kavrulmalı. 

Sonra gözün alabildiğine ak, soğuk ülkelere düşmeli. 

Buzlar kırılmalı ayaklarının altında,

üstüne kar yağmalı.
Bir gün bulacaksam bile parça parça bulmalıyım seni.

Ayaklarını Afrika'dan getirip bir kâğıt üzerine 

yapıştırmalıyım, saçların Sibirya'da bir mabudun

gözleri olmalı, ellerin İtalya'da bir heykelin elleri.

Bulsam da seni parça parça bulmalıyım.
Yine de bir yerin eksik kalmalı.

Yeniden yollara düşmeliyim, onu aramalıyım.

Ve tam seni tamamladığım anda ölmeliyim.

 Ümit Yaşar Oğuzcan

Kayıt Tarihi : 6.4.2001 13:06:00",,,,Belirsiz,239
198,İkinci Mektup,https://www.antoloji.com/ikinci-mektup-siiri/?siralama=p,"Aramak... Ömür boyunca aramak... 

Yalnız seni aramak... Paslı teneke kutularda, küf kokan 

dolaplarda, çerçevelerde, tenhalarda, ağaç diplerinde,

sonra vapurlarda, trenlerde hep seni aramak. 

Belki bu şehirde değilsin. Ne çıkar? Seni arıyorum ya.

Belki de ayni sokakta evlerimiz, sabahları

beni görüyorsun işime giderken. 

Sonra akşamı bekliyorsun, alacakaranlığı... 

Beni bekliyorsun ya da bir başkasını, bir başkasını...
Hiç gel demiyeceğim sana. Aramak neredeyse 

ben oradayım. Ayaklarım ne güne duruyor? 

Yok yok birden karşıma çıkma. 

Kaç, saklan. Seni aramak istiyorum.
Git bu şehirden haydi git. Dağlara çık, o uzak dağlara.

Rüzgârların krallığında hüküm sür. Baktın ki oraya da 

geldim, yine kaç. Başını al, açıl denizlere.

Gemilerin en güzeli, en büyüğü dilediğin limana 

götürmeli seni, dilediğin yere demir atmalı. 

Ben küçük bir balıkçı kayığı ile

peşinden gelsem yeter. Seni arıyorum ya !
Bir yıl, beş yıl, on yıl değil; beşikten mezara kadar 

aramalı insan ama ne aradığını bilmeli. 

Yaklaşıp uzaklaşmalı aradığından. Okyanus dalgaları 

üstünde bir küçük tekne gibi alçalıp yükselmeli.

Yalınayak koşmalı yollarda, ayaklarını sivri taşlar kesip

kanatmalı. Çöllerden geçmeli yolu, yanmalı kavrulmalı. 

Sonra gözün alabildiğine ak, soğuk ülkelere düşmeli. 

Buzlar kırılmalı ayaklarının altında,

üstüne kar yağmalı.
Bir gün bulacaksam bile parça parça bulmalıyım seni.

Ayaklarını Afrika'dan getirip bir kâğıt üzerine 

yapıştırmalıyım, saçların Sibirya'da bir mabudun

gözleri olmalı, ellerin İtalya'da bir heykelin elleri.

Bulsam da seni parça parça bulmalıyım.
Yine de bir yerin eksik kalmalı.

Yeniden yollara düşmeliyim, onu aramalıyım.

Ve tam seni tamamladığım anda ölmeliyim.

 Ümit Yaşar Oğuzcan

Kayıt Tarihi : 6.4.2001 13:06:00",,,,Belirsiz,239
199,Ne Zaman Ayrılık Saati Gelse,https://www.antoloji.com/ne-zaman-ayrilik-saati-gelse-siiri/,"Ne zaman ayrılık saati gelse

En vazgeçilmez yerinde yaşamın

Duysak ayak seslerini akşamın

Ve sokaklardan el ayak çekilse

Bir ürpertiyle duyarım o zaman

Seni çağıran sesi uzaklardan
Ne zaman ayrılık saati gelse

Bir gariplik çöker içime birden

Kalan tek anı gibi bir devirden

Durmadan çalınır o gamlı beste

Sanki bilirde hazin öykümüzü

Bulutlar ağlar, kararır gökyüzü
Ne zaman ayrılık saati gelse

Bir çaresizliği anlatır gibi

Birden değişir gözlerinin rengi

Mavi solar, koyulaşır yeşilse

Sarınca ruhunu eski bir hüzün

Uçar gider pembeliği yüzünün
Ne zaman ayrılık saati gelse

Uzatsan özlemle dudaklarını

Tüm ağaçlar döker yapraklarını

Ne çiçek kalır ortada, ne bahçe

Sadece uğultusu o rüzgarın

Ve bir umut kırıntısı: Belki yarın
Ne zaman ayrılık saati gelse

Bir fırtına çıkmışçasına, büyük

İçimdeki güllerin boynu bükük

Bir zaman kalakalırım öylece

Neden sonra gittiğini anlarım

İçimde güller ağlar...

 Ümit Yaşar Oğuzcan

Kayıt Tarihi : 15.9.2000 05:13:00",,,,Belirsiz,142
200,Ne Zaman Ayrılık Saati Gelse,https://www.antoloji.com/ne-zaman-ayrilik-saati-gelse-siiri/?siralama=p,"Ne zaman ayrılık saati gelse

En vazgeçilmez yerinde yaşamın

Duysak ayak seslerini akşamın

Ve sokaklardan el ayak çekilse

Bir ürpertiyle duyarım o zaman

Seni çağıran sesi uzaklardan
Ne zaman ayrılık saati gelse

Bir gariplik çöker içime birden

Kalan tek anı gibi bir devirden

Durmadan çalınır o gamlı beste

Sanki bilirde hazin öykümüzü

Bulutlar ağlar, kararır gökyüzü
Ne zaman ayrılık saati gelse

Bir çaresizliği anlatır gibi

Birden değişir gözlerinin rengi

Mavi solar, koyulaşır yeşilse

Sarınca ruhunu eski bir hüzün

Uçar gider pembeliği yüzünün
Ne zaman ayrılık saati gelse

Uzatsan özlemle dudaklarını

Tüm ağaçlar döker yapraklarını

Ne çiçek kalır ortada, ne bahçe

Sadece uğultusu o rüzgarın

Ve bir umut kırıntısı: Belki yarın
Ne zaman ayrılık saati gelse

Bir fırtına çıkmışçasına, büyük

İçimdeki güllerin boynu bükük

Bir zaman kalakalırım öylece

Neden sonra gittiğini anlarım

İçimde güller ağlar...

 Ümit Yaşar Oğuzcan

Kayıt Tarihi : 15.9.2000 05:13:00",,,,Belirsiz,142
201,Bekleyen,https://www.antoloji.com/bekleyen-3-siiri/,"Hangi yalnızlıktır iten seni bu sığ sulara

Hangi şekilsiz gerçek bağlayan ellerini

Kattığın bir acı gülüştür düştüğün korkulara

Kim baksa gözlerine görür beklediğini
Saçında bir tel vardır, o çağırır hüznü

Ellerindir yorulmuş, anlaşılmamış, nemli, soğuk

Bir rengi vardır dudaklarının saklayan gülüşünü

Ne zaman baksam gözlerine ağlar bir çocuk
Ne kadar gülsen ortada kırıklığın öyle gerçek

Sen bir sarılarda, bir yeşillerde, bir morlarda

Sanki bir kederdir ömrün hiç bitmeyecek
Kimbilir seni bekleyen kim şimdi o yollarda

Bilmediğim, görmediğin kim çıkacak o romanlardan

Bir masal kahramanı mı? Ki kalmış eski zamanlardan

 Ümit Yaşar Oğuzcan

Kayıt Tarihi : 28.10.2001 03:12:00",,,,Belirsiz,97
202,Bekleyen,https://www.antoloji.com/bekleyen-3-siiri/?siralama=p,"Hangi yalnızlıktır iten seni bu sığ sulara

Hangi şekilsiz gerçek bağlayan ellerini

Kattığın bir acı gülüştür düştüğün korkulara

Kim baksa gözlerine görür beklediğini
Saçında bir tel vardır, o çağırır hüznü

Ellerindir yorulmuş, anlaşılmamış, nemli, soğuk

Bir rengi vardır dudaklarının saklayan gülüşünü

Ne zaman baksam gözlerine ağlar bir çocuk
Ne kadar gülsen ortada kırıklığın öyle gerçek

Sen bir sarılarda, bir yeşillerde, bir morlarda

Sanki bir kederdir ömrün hiç bitmeyecek
Kimbilir seni bekleyen kim şimdi o yollarda

Bilmediğim, görmediğin kim çıkacak o romanlardan

Bir masal kahramanı mı? Ki kalmış eski zamanlardan

 Ümit Yaşar Oğuzcan

Kayıt Tarihi : 28.10.2001 03:12:00",,,,Belirsiz,97
203,Diyebilseydim,https://www.antoloji.com/diyebilseydim-siiri/,"Anladım diyemem ki! Suçluyum

Belki ben anlatamadım sana kendimi

Tutuştum, yandım da yokluğunda her gece

Yine gözyaşlarımla söndürdüm kalbimi

Her gün her dakika seni özlerdim

Bitmezdi kederim senin yanında bile

Susardım, gözlerime baktığın zaman

Mermer bir heykelin çaresizliğiyle

Oysa neler düşünürdüm sen yokken

Sana kavuşunca neler söylemek isterdim

Dakikalar bir ışık hızıyla geçerdi

Ayrılık başlayınca ben biterdim

En kötüsü beni koyup gitmendi

O öyle bir yalnızlıktı anlatılmaz

Hep yarım kalmış heyecanlar hazlar içinde

Biterdi bir kış, geçerdi bir yaz

Ve nice yıllar kovalardı birbirini

Gözlerimde gitgide büyürdü mesafeler

Bütün teselliler uzaklarda kalırdı

Bütün çiçekleriyle solardı bahçeler

Ne olurdu saadetlerin en büyüğü

İşte ellerimde al, diyebilseydim

Anlardın, ve hiç gitmezdin, değil mi

Bir gün duyduğum gibi kal diyebilseydim.

 Ümit Yaşar Oğuzcan

Kayıt Tarihi : 17.1.2002 23:14:00",,,,Belirsiz,125
204,Diyebilseydim,https://www.antoloji.com/diyebilseydim-siiri/?siralama=p,"Anladım diyemem ki! Suçluyum

Belki ben anlatamadım sana kendimi

Tutuştum, yandım da yokluğunda her gece

Yine gözyaşlarımla söndürdüm kalbimi

Her gün her dakika seni özlerdim

Bitmezdi kederim senin yanında bile

Susardım, gözlerime baktığın zaman

Mermer bir heykelin çaresizliğiyle

Oysa neler düşünürdüm sen yokken

Sana kavuşunca neler söylemek isterdim

Dakikalar bir ışık hızıyla geçerdi

Ayrılık başlayınca ben biterdim

En kötüsü beni koyup gitmendi

O öyle bir yalnızlıktı anlatılmaz

Hep yarım kalmış heyecanlar hazlar içinde

Biterdi bir kış, geçerdi bir yaz

Ve nice yıllar kovalardı birbirini

Gözlerimde gitgide büyürdü mesafeler

Bütün teselliler uzaklarda kalırdı

Bütün çiçekleriyle solardı bahçeler

Ne olurdu saadetlerin en büyüğü

İşte ellerimde al, diyebilseydim

Anlardın, ve hiç gitmezdin, değil mi

Bir gün duyduğum gibi kal diyebilseydim.

 Ümit Yaşar Oğuzcan

Kayıt Tarihi : 17.1.2002 23:14:00",,,,Belirsiz,125
205,Çıkmaz Sokak,https://www.antoloji.com/cikmaz-sokak-158-siiri/,"Bir daha dünyaya gelsem

Yine seni severdim

Beni üzesin diye

Beni deli divane edesin diye

Biliyorum

Sen de bir daha dünyaya gelsen

Yine beni sevmezdin

Kahrımdan öleyim diye

 Ümit Yaşar Oğuzcan

Kayıt Tarihi : 8.8.2000 14:51:00",,,,Belirsiz,36
206,Çıkmaz Sokak,https://www.antoloji.com/cikmaz-sokak-158-siiri/?siralama=p,"Bir daha dünyaya gelsem

Yine seni severdim

Beni üzesin diye

Beni deli divane edesin diye

Biliyorum

Sen de bir daha dünyaya gelsen

Yine beni sevmezdin

Kahrımdan öleyim diye

 Ümit Yaşar Oğuzcan

Kayıt Tarihi : 8.8.2000 14:51:00",,,,Belirsiz,36
207,Bir Yerde Ölüm Güzel Oluyor,https://www.antoloji.com/bir-yerde-olum-guzel-oluyor-siiri/,"İnsan bir kere oluyor ne fena

Bu düzeni değiştirmeli

Bir kere yaşamalı

Çok çok ölmeli

En büyük kederler bizim için

Bizim için karşılıksız sevgiler

Kor kuyular, çıkmaz sokaklar bizim için

Dünyaya nasıl gelmişiz sormayın

Saygı değer annelerimiz incinmesin

Her yerim ayrı ayrı ölmeli

Yoksa ölüm yok bana bu dünyada

Bir kursun beynime girsin

Bir bıçak kalbime saplansın

Kızgın bir demir dağlasın gözlerimi

Sonra gelsin bir manga asker

Sert bir komut

Bir yaylım ateş

Bırak kim bağlarsa bağlasın gözlerimi.

Çok duşundum bilek damarlarımı kesmeyi

Rönesans öncesi devirlerden kalma zehir içmeyi

Ve düşmeyi yüksek kulelerden mermerler üstüne

Ayaklarıma taş bağlayıp denizler altında ölmeyi

Yine de ölmedim görüyorsun, ölmedim

O aşağılık hesaplar, küçük korkular bırakmadı beni

Belki de sen bırakmadın, bilmiyorum

Bıraksaydın çoktan unutmuş olacaktın

Halbuki şimdi benden kaçman da zor

Anlıyorum beni sevmen de zor

Dedim ya bir yere kadar yaşamak güzel

Ama bir yerde ölüm güzel oluyor.
UMIT YASAR
Çıkmaz Sokak
Bir daha dünyaya gelsem

Yine seni severdim

Beni üzesin diye

Beni deli divane edesin diye

Biliyorum

Sen de bir daha dünyaya gelsen

Yine beni sevmezdin

Kahrımdan öleyim diye

 Ümit Yaşar Oğuzcan

Kayıt Tarihi : 28.8.2000 18:54:00",,,,Belirsiz,186
208,Bir Yerde Ölüm Güzel Oluyor,https://www.antoloji.com/bir-yerde-olum-guzel-oluyor-siiri/?siralama=p,"İnsan bir kere oluyor ne fena

Bu düzeni değiştirmeli

Bir kere yaşamalı

Çok çok ölmeli

En büyük kederler bizim için

Bizim için karşılıksız sevgiler

Kor kuyular, çıkmaz sokaklar bizim için

Dünyaya nasıl gelmişiz sormayın

Saygı değer annelerimiz incinmesin

Her yerim ayrı ayrı ölmeli

Yoksa ölüm yok bana bu dünyada

Bir kursun beynime girsin

Bir bıçak kalbime saplansın

Kızgın bir demir dağlasın gözlerimi

Sonra gelsin bir manga asker

Sert bir komut

Bir yaylım ateş

Bırak kim bağlarsa bağlasın gözlerimi.

Çok duşundum bilek damarlarımı kesmeyi

Rönesans öncesi devirlerden kalma zehir içmeyi

Ve düşmeyi yüksek kulelerden mermerler üstüne

Ayaklarıma taş bağlayıp denizler altında ölmeyi

Yine de ölmedim görüyorsun, ölmedim

O aşağılık hesaplar, küçük korkular bırakmadı beni

Belki de sen bırakmadın, bilmiyorum

Bıraksaydın çoktan unutmuş olacaktın

Halbuki şimdi benden kaçman da zor

Anlıyorum beni sevmen de zor

Dedim ya bir yere kadar yaşamak güzel

Ama bir yerde ölüm güzel oluyor.
UMIT YASAR
Çıkmaz Sokak
Bir daha dünyaya gelsem

Yine seni severdim

Beni üzesin diye

Beni deli divane edesin diye

Biliyorum

Sen de bir daha dünyaya gelsen

Yine beni sevmezdin

Kahrımdan öleyim diye

 Ümit Yaşar Oğuzcan

Kayıt Tarihi : 28.8.2000 18:54:00",,,,Belirsiz,186
209,Ya Sensizlik Ölmekse,https://www.antoloji.com/ya-sensizlik-olmekse-siiri/,"Bir zamanlar sen vardın ya ben böyle yok degildim

Düşünürdüm neyi mi? Hep seni odalarda

Kimdi bana benziyen baktıgım aynalarda

Senden başkası mıydı o sessiz bekledigim

Bir zamanlar sen vardın ya ben böyle degildim

Kim bilir aglamayö olup kendi kabrinde

Sensizligi bu türlü benim kadar kim bilir

Akşam karanlıgında herkes gider o gelir

En sevdigim çiçekler çürümüş ellerinde

Kim bilir aglamayı olup kendi kabrinde

Ya sensizlik ölmekse her gün bir baska türlü

Ya bir şey olmamaksa sen olmak o yerlerde

Yaşamak nerde hani yaşamak gücü nerde

Bilinmez sensiz kalan yaşıyor mu ölü mü

Ya sensizlik ölmekse her gün bir başka türlü.

 Ümit Yaşar Oğuzcan

Kayıt Tarihi : 12.8.2000 15:54:00",,,,Belirsiz,109
210,Ya Sensizlik Ölmekse,https://www.antoloji.com/ya-sensizlik-olmekse-siiri/?siralama=p,"Bir zamanlar sen vardın ya ben böyle yok degildim

Düşünürdüm neyi mi? Hep seni odalarda

Kimdi bana benziyen baktıgım aynalarda

Senden başkası mıydı o sessiz bekledigim

Bir zamanlar sen vardın ya ben böyle degildim

Kim bilir aglamayö olup kendi kabrinde

Sensizligi bu türlü benim kadar kim bilir

Akşam karanlıgında herkes gider o gelir

En sevdigim çiçekler çürümüş ellerinde

Kim bilir aglamayı olup kendi kabrinde

Ya sensizlik ölmekse her gün bir baska türlü

Ya bir şey olmamaksa sen olmak o yerlerde

Yaşamak nerde hani yaşamak gücü nerde

Bilinmez sensiz kalan yaşıyor mu ölü mü

Ya sensizlik ölmekse her gün bir başka türlü.

 Ümit Yaşar Oğuzcan

Kayıt Tarihi : 12.8.2000 15:54:00",,,,Belirsiz,109
211,Vietnam'lı Bir Çocuk İçin Ağıt,https://www.antoloji.com/vietnam-li-bir-cocuk-icin-agit-siiri/,"Babasını döve döve öldürmüşler

Küçümencik gözleirnin önünde

Anasının yarısını bir bomba alıp götürmüş

Kan ve et yığını öbür yarısı

Oturmuş ağlıyor Vietnamlı bir çocuk

Minik yumrukları sıkılmış kinle

Belli bir şeyler düşünüyor

Kederden harap olmuş bir beyinle
Aklı ermiyor olanlara Vietnamlı çocuğun

Bilmiyor yaşamak nedir, ölmek nedir

Çoktan unutmuş sevinmek, gülmek nedir

Savaşın ne olduğunu anlamıyor bir türlü

Sadece açlık şimdi anlayabildiği

Midesini ve beynini kemiren bir açlık

Anası yok ki ona sıcak yemekler pişirsin

Babası yok ki ona renkli giysiler getirsin

Savaşın bu kadar alçak ve insafsız olduğunu

Vietnamlı çocuk nereden bilsin
Burası onun kendi toprağı, kendi yurdu

Anası onu burada

Şimdi yerle bir olan evlerinde doğurdu

vietnamlı çocuk ninnilerle uyudu burada

Anasının pişirdiği ekmeklerle büyüdü

Tozlu sokaklarında koştu köyünün

Kendi gibi çekik gözlü arkadaşları vardı

Hepsi de savaşın varlığından habersiz

Bu ormanda oynarlardı
Kim derdi ki bir gün

Kara bir bulut çökecekti üzerlerine

Masallardaki umacı gelecekti köylerine

Vuracaklar, kıracaklar, yakacaklardı

Her yere ateş ve lüm saçacaklardı

Korkudan, yorgunluktan, işkenceden

Yüz olmaktan çıkacaktı Vietnamlıların yüzleri

Kim derdi ki bir gün

Hınçla sıkılmış birer yumruk gibi

Yuvalarından fırlayacaktı gözleri
Her şeyi gördü Vietnamlı çocuk her şeyi gördü

Ve tükürdü yüzlerine babsını dövenlerin

Döve döve öldürenlerin

Sonra kaçtı bu uzak ormana

Bu ormanda kuşlarla, hayvanlarla yan yana

Ot yedi, böcek yedi

Ve hep böyel cılız kaldı Vietnamlı çocuk

Büyümedi
Şimdi oturmuş bir tümseğin üstüne

Hatırlamaya çalışıyor olanları

Geçen o korkunç zamanları

Bir rüya gibi unuttuğu insanları

Ve o masallardaki umacılar 

Onu da bulurlar, öldürürler korkusuyla

Elinde bir taş var Vietnamlı çocuğun

Çekik gözlerinde yaş

Siz de ağlayın ey dünya çocukları

Vietnamlı çocuk ölüyor yavaş yavaş

 Ümit Yaşar Oğuzcan

Kayıt Tarihi : 10.8.2001 12:14:00",,,,Belirsiz,272
212,Vietnam'lı Bir Çocuk İçin Ağıt,https://www.antoloji.com/vietnam-li-bir-cocuk-icin-agit-siiri/?siralama=p,"Babasını döve döve öldürmüşler

Küçümencik gözleirnin önünde

Anasının yarısını bir bomba alıp götürmüş

Kan ve et yığını öbür yarısı

Oturmuş ağlıyor Vietnamlı bir çocuk

Minik yumrukları sıkılmış kinle

Belli bir şeyler düşünüyor

Kederden harap olmuş bir beyinle
Aklı ermiyor olanlara Vietnamlı çocuğun

Bilmiyor yaşamak nedir, ölmek nedir

Çoktan unutmuş sevinmek, gülmek nedir

Savaşın ne olduğunu anlamıyor bir türlü

Sadece açlık şimdi anlayabildiği

Midesini ve beynini kemiren bir açlık

Anası yok ki ona sıcak yemekler pişirsin

Babası yok ki ona renkli giysiler getirsin

Savaşın bu kadar alçak ve insafsız olduğunu

Vietnamlı çocuk nereden bilsin
Burası onun kendi toprağı, kendi yurdu

Anası onu burada

Şimdi yerle bir olan evlerinde doğurdu

vietnamlı çocuk ninnilerle uyudu burada

Anasının pişirdiği ekmeklerle büyüdü

Tozlu sokaklarında koştu köyünün

Kendi gibi çekik gözlü arkadaşları vardı

Hepsi de savaşın varlığından habersiz

Bu ormanda oynarlardı
Kim derdi ki bir gün

Kara bir bulut çökecekti üzerlerine

Masallardaki umacı gelecekti köylerine

Vuracaklar, kıracaklar, yakacaklardı

Her yere ateş ve lüm saçacaklardı

Korkudan, yorgunluktan, işkenceden

Yüz olmaktan çıkacaktı Vietnamlıların yüzleri

Kim derdi ki bir gün

Hınçla sıkılmış birer yumruk gibi

Yuvalarından fırlayacaktı gözleri
Her şeyi gördü Vietnamlı çocuk her şeyi gördü

Ve tükürdü yüzlerine babsını dövenlerin

Döve döve öldürenlerin

Sonra kaçtı bu uzak ormana

Bu ormanda kuşlarla, hayvanlarla yan yana

Ot yedi, böcek yedi

Ve hep böyel cılız kaldı Vietnamlı çocuk

Büyümedi
Şimdi oturmuş bir tümseğin üstüne

Hatırlamaya çalışıyor olanları

Geçen o korkunç zamanları

Bir rüya gibi unuttuğu insanları

Ve o masallardaki umacılar 

Onu da bulurlar, öldürürler korkusuyla

Elinde bir taş var Vietnamlı çocuğun

Çekik gözlerinde yaş

Siz de ağlayın ey dünya çocukları

Vietnamlı çocuk ölüyor yavaş yavaş

 Ümit Yaşar Oğuzcan

Kayıt Tarihi : 10.8.2001 12:14:00",,,,Belirsiz,272
213,Tanrı Bile Ağlar,https://www.antoloji.com/tanri-bile-aglar-siiri/,"Ne zaman seni düşünsem yalnızlığım aklıma gelir

Bir ürperti gibi derinden derine duyarım çaresizliğimi

Nedir bu gürültüler derim,top patlamaları

Nedir bu şakaklarımda zonklayan ağrı

İçimden dalga dalga boşanan gözyaşları ne

Bu hangi nehir ki uzayıp gider alabildiğine

Nedir bu ümitsizlik dolu bu kahır dolu yaşlar

Bu denizler altında kopup gelen fırtına

Bu bir çağlayan gibi uğultulu yaşlar

Oysa zamandır ilerleyen imkansızlıklar içinde

Başlangıcı olmayan bir sondur yaklaştığım

Bu ipince nehir nereye gidiyor bilen var mı?

Ağlatan ne beni?

O doyamadığım dakikalar mı?

Düşen aksi mi gözlerime o bal rengi gözlerin

Ki içimde çalkantısıyla hıçkırır denizlerin

Sorarım;bu ağlamak ne kadar nereye kadar

O zaman rüzgar durur fırtına diner ansızın

Kapanır yorgun gözlerim bir gece başlar

Ve karanlık uykularla sürer ağlama saatleri

Uyanınca bir ıslak şafaktır gördüğüm

Bir büyük resimdir gökyüzü seyrederim

Yine özleminle yanıp tutuşur gözbebeklerim

Duyarım vurgularını başımda çaresizliğin

Ben ağlayacak adam değildim bir kadın için

Beni perişan edecek ne vardı bu kadar?

Bir de 'Erkekler Ağlamaz' diyorsun

Tanrılığından utanmasa

Tanrı bile ağlar...

 Ümit Yaşar Oğuzcan

Kayıt Tarihi : 22.12.2000 00:07:00",,,,Belirsiz,171
214,Tanrı Bile Ağlar,https://www.antoloji.com/tanri-bile-aglar-siiri/?siralama=p,"Ne zaman seni düşünsem yalnızlığım aklıma gelir

Bir ürperti gibi derinden derine duyarım çaresizliğimi

Nedir bu gürültüler derim,top patlamaları

Nedir bu şakaklarımda zonklayan ağrı

İçimden dalga dalga boşanan gözyaşları ne

Bu hangi nehir ki uzayıp gider alabildiğine

Nedir bu ümitsizlik dolu bu kahır dolu yaşlar

Bu denizler altında kopup gelen fırtına

Bu bir çağlayan gibi uğultulu yaşlar

Oysa zamandır ilerleyen imkansızlıklar içinde

Başlangıcı olmayan bir sondur yaklaştığım

Bu ipince nehir nereye gidiyor bilen var mı?

Ağlatan ne beni?

O doyamadığım dakikalar mı?

Düşen aksi mi gözlerime o bal rengi gözlerin

Ki içimde çalkantısıyla hıçkırır denizlerin

Sorarım;bu ağlamak ne kadar nereye kadar

O zaman rüzgar durur fırtına diner ansızın

Kapanır yorgun gözlerim bir gece başlar

Ve karanlık uykularla sürer ağlama saatleri

Uyanınca bir ıslak şafaktır gördüğüm

Bir büyük resimdir gökyüzü seyrederim

Yine özleminle yanıp tutuşur gözbebeklerim

Duyarım vurgularını başımda çaresizliğin

Ben ağlayacak adam değildim bir kadın için

Beni perişan edecek ne vardı bu kadar?

Bir de 'Erkekler Ağlamaz' diyorsun

Tanrılığından utanmasa

Tanrı bile ağlar...

 Ümit Yaşar Oğuzcan

Kayıt Tarihi : 22.12.2000 00:07:00",,,,Belirsiz,171
215,ben-sensiz-yasayamam,https://www.antoloji.com/ben-sensiz-yasayamam-siiri/,"Bırakma beni sevdiğim

Gidişine dayanamam

Hasret gözyaşlarımla

Kendimi avutamam

Dönerim dersin ama

Kadere inanmam

Bıraktığın anılarınla

Ben sensiz yaşayamam...

 Ümit Yaşar Oğuzcan

Kayıt Tarihi : 4.1.2001 14:14:00",,,,Belirsiz,27
216,ben-sensiz-yasayamam,https://www.antoloji.com/ben-sensiz-yasayamam-siiri/?siralama=p,"Bırakma beni sevdiğim

Gidişine dayanamam

Hasret gözyaşlarımla

Kendimi avutamam

Dönerim dersin ama

Kadere inanmam

Bıraktığın anılarınla

Ben sensiz yaşayamam...

 Ümit Yaşar Oğuzcan

Kayıt Tarihi : 4.1.2001 14:14:00",,,,Belirsiz,27
217,Benden Kurtulmak,https://www.antoloji.com/benden-kurtulmak-siiri/,"Size hayır dedikçe vazgeçemiyorum

Soluk soğuğa koşuyorum peşinizden

Üç öğün yediğim dudaklarınız

Zamanı içiyorum gözlerinizden
Gece oldu mu bir seviniyorum ki

Duvarlara gölgeniz düşüyor

Durmadan uzuyor boynunuz bende

Enseniz güzel ya daha güzelleşiyor
Tutup gölgenizi soyuyorum

Meydana çıkıyor güzelliğiniz

O çizgiler, o üçgenler, o yuvarlaklar

O şeyler benden gizlediğiniz
Hepsi bir bir aşikar oluyor

Siz uyurken sizden uzakta

Aynı yastığı paylaşıyoruz her gece

Ben bir yatakta, sen bir yatakta
Gördünüz mü yine kahroldunuz işte

Öpüşmekten, sevişmekten, yorulmaktan

Bari evet deyin de kurtulun

Böyle her gece benim olmaktan

 Ümit Yaşar Oğuzcan

Kayıt Tarihi : 16.12.2001 04:24:00",,,,Belirsiz,95
218,Benden Kurtulmak,https://www.antoloji.com/benden-kurtulmak-siiri/?siralama=p,"Size hayır dedikçe vazgeçemiyorum

Soluk soğuğa koşuyorum peşinizden

Üç öğün yediğim dudaklarınız

Zamanı içiyorum gözlerinizden
Gece oldu mu bir seviniyorum ki

Duvarlara gölgeniz düşüyor

Durmadan uzuyor boynunuz bende

Enseniz güzel ya daha güzelleşiyor
Tutup gölgenizi soyuyorum

Meydana çıkıyor güzelliğiniz

O çizgiler, o üçgenler, o yuvarlaklar

O şeyler benden gizlediğiniz
Hepsi bir bir aşikar oluyor

Siz uyurken sizden uzakta

Aynı yastığı paylaşıyoruz her gece

Ben bir yatakta, sen bir yatakta
Gördünüz mü yine kahroldunuz işte

Öpüşmekten, sevişmekten, yorulmaktan

Bari evet deyin de kurtulun

Böyle her gece benim olmaktan

 Ümit Yaşar Oğuzcan

Kayıt Tarihi : 16.12.2001 04:24:00",,,,Belirsiz,95
219,Çaresiz,https://www.antoloji.com/caresiz-2-siiri/,"Seni görmediğim günler bir çakır diken büyüyor gözbebeklerimde

Bir çocuk ağlaması başlıyor, kulaklarımda uzun uzun

Ellerim bir yerlere yapışıyor, kurtaramıyorum

Ya ayaklarım, o benim zavallı ayaklarım

Öyle şaşkın, öyle kararsız, öyle çaresiz ki

Seni görmediğim günler

Karanlıktayım, katran gecelerdeyim

Cehennem misali bir yerdeyim

Bir demir nasıl paslanır, bir elma nasıl çürürse

İşte öyleyim.

 Ümit Yaşar Oğuzcan

Kayıt Tarihi : 24.11.2000 08:54:00",,,,Belirsiz,61
220,Çaresiz,https://www.antoloji.com/caresiz-2-siiri/?siralama=p,"Seni görmediğim günler bir çakır diken büyüyor gözbebeklerimde

Bir çocuk ağlaması başlıyor, kulaklarımda uzun uzun

Ellerim bir yerlere yapışıyor, kurtaramıyorum

Ya ayaklarım, o benim zavallı ayaklarım

Öyle şaşkın, öyle kararsız, öyle çaresiz ki

Seni görmediğim günler

Karanlıktayım, katran gecelerdeyim

Cehennem misali bir yerdeyim

Bir demir nasıl paslanır, bir elma nasıl çürürse

İşte öyleyim.

 Ümit Yaşar Oğuzcan

Kayıt Tarihi : 24.11.2000 08:54:00",,,,Belirsiz,61
221,Sen Aşk Nedir Bilmezdin,https://www.antoloji.com/sen-ask-nedir-bilmezdin-siiri/,"sen aşk nedir bilmezdin

gülüp geçerdin sevgilere uzaktan

simdi geniş bir bahçedir kalbin

sevgiden, güzellikten, aşktan
simdi iri gözlerin arzu dolu

yakan, özleten bir şey ellerinin sıcaklığı

gitgide eksiliyor bakışlarında yüzün

gecen aşksız günlerin bıraktığı
bir çeşme var aramızda görüyor musun

tadılmamış hazlar serin sularda

simdi bahçende açan bir gül geceler

simdi gözlerin en güzel uykularda
boynun beyaz mi beyaz, çıldırtası, öldüresi

sacların daha parlak, daha bir kapkara

her akşam bir ay doğuyor kirpiklerinden

koşuyor ayakların şafaklardan şafaklara
artık aşk dolu söylediğin şarkılar

durmadan bir buğu yükseliyor sesinden

en çılgın sevdalara çağırıyor dudakların

heder olmuş, uzun yıllar ötesinden
içkilerin tadı değişti artık

dünya, o köhne ve eski dünya değil

sımsıcak bir ekmeği paylaşıyoruz seninle

bu bir gerçek, hayal değil, rüya değil
simdi ümitlerimiz halkaları bir zincirin

bir başka haz başlıyor biri bitti mi

bana askı sen tattırdın, sen öğrettin

oysaki sen aşk nedir bilmezdin

 Ümit Yaşar Oğuzcan

Kayıt Tarihi : 28.8.2000 20:18:00",,,,Belirsiz,152
222,Sen Aşk Nedir Bilmezdin,https://www.antoloji.com/sen-ask-nedir-bilmezdin-siiri/?siralama=p,"sen aşk nedir bilmezdin

gülüp geçerdin sevgilere uzaktan

simdi geniş bir bahçedir kalbin

sevgiden, güzellikten, aşktan
simdi iri gözlerin arzu dolu

yakan, özleten bir şey ellerinin sıcaklığı

gitgide eksiliyor bakışlarında yüzün

gecen aşksız günlerin bıraktığı
bir çeşme var aramızda görüyor musun

tadılmamış hazlar serin sularda

simdi bahçende açan bir gül geceler

simdi gözlerin en güzel uykularda
boynun beyaz mi beyaz, çıldırtası, öldüresi

sacların daha parlak, daha bir kapkara

her akşam bir ay doğuyor kirpiklerinden

koşuyor ayakların şafaklardan şafaklara
artık aşk dolu söylediğin şarkılar

durmadan bir buğu yükseliyor sesinden

en çılgın sevdalara çağırıyor dudakların

heder olmuş, uzun yıllar ötesinden
içkilerin tadı değişti artık

dünya, o köhne ve eski dünya değil

sımsıcak bir ekmeği paylaşıyoruz seninle

bu bir gerçek, hayal değil, rüya değil
simdi ümitlerimiz halkaları bir zincirin

bir başka haz başlıyor biri bitti mi

bana askı sen tattırdın, sen öğrettin

oysaki sen aşk nedir bilmezdin

 Ümit Yaşar Oğuzcan

Kayıt Tarihi : 28.8.2000 20:18:00",,,,Belirsiz,152
223,Yaşanmamış Hatıralar,https://www.antoloji.com/yasanmamis-hatiralar-siiri/,"I
Yaşanmamış hatıralar bilirim

Büyülü sonbahar akşamlarında

Bulutlar üstünde su kenarında

Yalnız hayal edilen hatıralar

İşte; en ürpertici nagmelerle

Bizim şarkımızı söyleyen rüzgar

Sen dudagında gülümsemelerle

Ben gözyaşlarımla, bu alemdeyim

Fakat yine bizbize, başbaşayız

Duymasan düşünmesen de; unutma

Bir daha bu anı yaşayamayız.
II
Görülmemiş manzaralar bilirim

Karda, kışta, belki de ilkbaharda

Hür denizlerde, kuytu ormanlarda

Sadece hissedilen manzaralar

Bak. Dinle, neler anlatıyor yagmur

Üşüyorum üşüyorum beni sar

Karanlık başladı, gitme ne olur

İnan degişen manzaralar degil

Kiletreler ayıramadı bizi

Fakat bir gün gelir de birleştirir

Beyaz bir güvercin kanadı bizi
III
Söylenilmemiş mısralar bilirim

Hüzün dolu yagmurlu gecelerde

Alev çalgıların sustugu yerde

Yalnız, yalnız düşünülen mısralar

Bilinmeyen şeyler huzur içinde

Bilmenin bilinmez bir korkusu var

Bak bütün rüyalarım nur içinde

Çünkü, bugün havasını kokladıgın

Denizaşırı bir diyar bilirim

Ve o diyarda seninle beraber

Yaşanmamış hatıralar bilirim

 Ümit Yaşar Oğuzcan

Kayıt Tarihi : 11.8.2000 16:02:00",,,,Belirsiz,145
224,Yaşanmamış Hatıralar,https://www.antoloji.com/yasanmamis-hatiralar-siiri/?siralama=p,"I
Yaşanmamış hatıralar bilirim

Büyülü sonbahar akşamlarında

Bulutlar üstünde su kenarında

Yalnız hayal edilen hatıralar

İşte; en ürpertici nagmelerle

Bizim şarkımızı söyleyen rüzgar

Sen dudagında gülümsemelerle

Ben gözyaşlarımla, bu alemdeyim

Fakat yine bizbize, başbaşayız

Duymasan düşünmesen de; unutma

Bir daha bu anı yaşayamayız.
II
Görülmemiş manzaralar bilirim

Karda, kışta, belki de ilkbaharda

Hür denizlerde, kuytu ormanlarda

Sadece hissedilen manzaralar

Bak. Dinle, neler anlatıyor yagmur

Üşüyorum üşüyorum beni sar

Karanlık başladı, gitme ne olur

İnan degişen manzaralar degil

Kiletreler ayıramadı bizi

Fakat bir gün gelir de birleştirir

Beyaz bir güvercin kanadı bizi
III
Söylenilmemiş mısralar bilirim

Hüzün dolu yagmurlu gecelerde

Alev çalgıların sustugu yerde

Yalnız, yalnız düşünülen mısralar

Bilinmeyen şeyler huzur içinde

Bilmenin bilinmez bir korkusu var

Bak bütün rüyalarım nur içinde

Çünkü, bugün havasını kokladıgın

Denizaşırı bir diyar bilirim

Ve o diyarda seninle beraber

Yaşanmamış hatıralar bilirim

 Ümit Yaşar Oğuzcan

Kayıt Tarihi : 11.8.2000 16:02:00",,,,Belirsiz,145
225,Son Mektup,https://www.antoloji.com/son-mektup-siiri/,"Ölürsem şaşırma

Ölebilirim

Ölürsem aglama

Yine gelirim

Ölürsem seslenme

Uyuyacagım

Ölürsem üzülme

Yaşayacagım

Ölürsem bekleme

Geri dönemem

Ölürsem ölme

Sensiz edemem

 Ümit Yaşar Oğuzcan

Kayıt Tarihi : 12.8.2000 15:45:00",,,,Belirsiz,29
226,Son Mektup,https://www.antoloji.com/son-mektup-siiri/?siralama=p,"Ölürsem şaşırma

Ölebilirim

Ölürsem aglama

Yine gelirim

Ölürsem seslenme

Uyuyacagım

Ölürsem üzülme

Yaşayacagım

Ölürsem bekleme

Geri dönemem

Ölürsem ölme

Sensiz edemem

 Ümit Yaşar Oğuzcan

Kayıt Tarihi : 12.8.2000 15:45:00",,,,Belirsiz,29
227,Esmer,https://www.antoloji.com/esmer-siiri/,"Sarkilardan cikip geldi bir esmer ansizin

Koyu renk gözleri cildirasiya hüzünlü

Bir esmer geldi pencerelerden kapilardan

Bir esmer geldi kokularla, baygin

Dökülmüs bir kadeh gibi

Kopmus bir gerdanlık gibi 

Bir esmer geldi

darmadagin
Bir esmer geldi diyorum size 

Tüy tüy

Isil isil

Kapkara saclari alnina düsmüs

Öylesine öpülesi dudaklari

Öylesine alimli

Öylesine aska cagiran

Sarkilardan masallardan romanlardan

Beste beste

Satir satir

Bir esmer geldi duman duman
Esmeri hüzzam makaminda seviyorum

Bir kemanin telleri inliyor icimde

Bir kadin ut calip sarki söylüyor

Sevdali sesiyle cok dokunakli

Esmerle gözgöze geliyoruz

Ben ürpertiler icinde tutkun, isimis

Oysa korkulu düsler icinde aglamakli
Bir sigara yakiyorum

Parmaklarimi yakiyorum

Al sana iste gördün mü

Mazot döküp denizlerinide yakiyorum Istanbul'un

Demek ki ben kundakcinin biriyim diyorum

Esmerde bir telas bir heyecan

Onun bu haline bitiyorum
Simdi hep gölgedeyim gölgede

Bir esmer gölgede

Ellerimizle gözlerimizle hüzzam yasamaktayiz

Sirtimizda kamcilar sakliyor vahsi, doru

Bir alanda simdi onunla dörtnalayiz
Ergec tamamlayacagiz birbirimizi

Bir yerde bir bütün olacagiz

Umulmadik sonlarin özlemi icimizde

Ve o biryerimizde

Burgu burgu sancisi özlemlerin

Derinlerde ta derinlerde

Ergec bir bütün olacagiz
Daha güzellesecek dizleri esmerin

Sacları daha bi kara olacak

Daha bir güzel

Daha bir hüzzam

Gitgide aydinlanacak güclenecek

Gözlerinde piriltisi pirlantalarin

Dudaklarinda sarkilarin en güzeli

Birgün geldigi gibi esmer

Sarkılarla gidecek

 Ümit Yaşar Oğuzcan

Kayıt Tarihi : 5.6.2000 16:02:00",,,,Belirsiz,214
228,Esmer,https://www.antoloji.com/esmer-siiri/?siralama=p,"Sarkilardan cikip geldi bir esmer ansizin

Koyu renk gözleri cildirasiya hüzünlü

Bir esmer geldi pencerelerden kapilardan

Bir esmer geldi kokularla, baygin

Dökülmüs bir kadeh gibi

Kopmus bir gerdanlık gibi 

Bir esmer geldi

darmadagin
Bir esmer geldi diyorum size 

Tüy tüy

Isil isil

Kapkara saclari alnina düsmüs

Öylesine öpülesi dudaklari

Öylesine alimli

Öylesine aska cagiran

Sarkilardan masallardan romanlardan

Beste beste

Satir satir

Bir esmer geldi duman duman
Esmeri hüzzam makaminda seviyorum

Bir kemanin telleri inliyor icimde

Bir kadin ut calip sarki söylüyor

Sevdali sesiyle cok dokunakli

Esmerle gözgöze geliyoruz

Ben ürpertiler icinde tutkun, isimis

Oysa korkulu düsler icinde aglamakli
Bir sigara yakiyorum

Parmaklarimi yakiyorum

Al sana iste gördün mü

Mazot döküp denizlerinide yakiyorum Istanbul'un

Demek ki ben kundakcinin biriyim diyorum

Esmerde bir telas bir heyecan

Onun bu haline bitiyorum
Simdi hep gölgedeyim gölgede

Bir esmer gölgede

Ellerimizle gözlerimizle hüzzam yasamaktayiz

Sirtimizda kamcilar sakliyor vahsi, doru

Bir alanda simdi onunla dörtnalayiz
Ergec tamamlayacagiz birbirimizi

Bir yerde bir bütün olacagiz

Umulmadik sonlarin özlemi icimizde

Ve o biryerimizde

Burgu burgu sancisi özlemlerin

Derinlerde ta derinlerde

Ergec bir bütün olacagiz
Daha güzellesecek dizleri esmerin

Sacları daha bi kara olacak

Daha bir güzel

Daha bir hüzzam

Gitgide aydinlanacak güclenecek

Gözlerinde piriltisi pirlantalarin

Dudaklarinda sarkilarin en güzeli

Birgün geldigi gibi esmer

Sarkılarla gidecek

 Ümit Yaşar Oğuzcan

Kayıt Tarihi : 5.6.2000 16:02:00",,,,Belirsiz,214
229,Ahmet Muhip Dranas,https://www.antoloji.com/ahmet-muhip-dranas-siiri/,"Susadık şiire ey koca şair

'Yeşil pencereden bir gül at bize'

'Beyaz dokusunda o saf rüyanın'

Yeni ufuklar aç hayalimize
Al eline, yuğur kelimeleri

Ona en ölümsüz güzelliğini ver

Büyülesin bizi daha yıllarca

'Lavanta çiçeği kokan kederler'
Üstümüze yağan karlardan başka

Ne kaldı yaşamak maceramızdan

Yıllar var ki selam almadık

Bir haber ver Fahriye Abla'mızdan

 Ümit Yaşar Oğuzcan

Kayıt Tarihi : 8.2.2002 05:23:00",,,,Belirsiz,63
230,Ahmet Muhip Dranas,https://www.antoloji.com/ahmet-muhip-dranas-siiri/?siralama=p,"Susadık şiire ey koca şair

'Yeşil pencereden bir gül at bize'

'Beyaz dokusunda o saf rüyanın'

Yeni ufuklar aç hayalimize
Al eline, yuğur kelimeleri

Ona en ölümsüz güzelliğini ver

Büyülesin bizi daha yıllarca

'Lavanta çiçeği kokan kederler'
Üstümüze yağan karlardan başka

Ne kaldı yaşamak maceramızdan

Yıllar var ki selam almadık

Bir haber ver Fahriye Abla'mızdan

 Ümit Yaşar Oğuzcan

Kayıt Tarihi : 8.2.2002 05:23:00",,,,Belirsiz,63
231,Beyaz Gül,https://www.antoloji.com/beyaz-gul-3-siiri/,"seni arıyorum kalabalık caddelerde,

tanımadığım insanlar geçiyor, sen yoksun..

perişan hayallerimin basladığı yerde,

sana sesleniyorum, duyuyormusun?
beyaz güller açtı bahçelerde , sevdiğin..

ya o karanfil , baygın kokulu çiçek.

gel  yalnızlık bahçeme beyazlar giyin,

anladımki bu ömür sensiz geçmeyecek.
odamı süsleyen ellerini uzat,

hazzından dile gelsin bastığın halı..

açılsın sevincinden perdeler kat kat..

ışık ve ateş senin için yanmalı..
sonra çevir düğmesini, radyonun

sevdiğin musiki dolsun odama,

dinle şarkısını büyük koronun,

beni düşün! beni düşün aglama..
içimden bir ses diyorki sabret..

sonu gelecek bu yalnızlığın,

bütün aynalar gülecek elbet,

açılacak kapılar ansızın..
yalnız sen varsın beyaz gülüm,

 evde bahçede ve sokakta,

bir eylül akşamı gördüğüm ,

o beyaz hayalsin uzakta..
yakınsın yalnızlık kadar,

uzaksın yakınmış gibi,

sensiz yasadıgım yıllar

bu kadar güzel değildi.
yeter.. gel artık yeter..

karanfiller açtı gel!!

kış bahçesinde , güller

beyaz güller açtı gel..

 Ümit Yaşar Oğuzcan

Kayıt Tarihi : 7.5.2001 20:14:00",,,,Belirsiz,146
232,Beyaz Gül,https://www.antoloji.com/beyaz-gul-3-siiri/?siralama=p,"seni arıyorum kalabalık caddelerde,

tanımadığım insanlar geçiyor, sen yoksun..

perişan hayallerimin basladığı yerde,

sana sesleniyorum, duyuyormusun?
beyaz güller açtı bahçelerde , sevdiğin..

ya o karanfil , baygın kokulu çiçek.

gel  yalnızlık bahçeme beyazlar giyin,

anladımki bu ömür sensiz geçmeyecek.
odamı süsleyen ellerini uzat,

hazzından dile gelsin bastığın halı..

açılsın sevincinden perdeler kat kat..

ışık ve ateş senin için yanmalı..
sonra çevir düğmesini, radyonun

sevdiğin musiki dolsun odama,

dinle şarkısını büyük koronun,

beni düşün! beni düşün aglama..
içimden bir ses diyorki sabret..

sonu gelecek bu yalnızlığın,

bütün aynalar gülecek elbet,

açılacak kapılar ansızın..
yalnız sen varsın beyaz gülüm,

 evde bahçede ve sokakta,

bir eylül akşamı gördüğüm ,

o beyaz hayalsin uzakta..
yakınsın yalnızlık kadar,

uzaksın yakınmış gibi,

sensiz yasadıgım yıllar

bu kadar güzel değildi.
yeter.. gel artık yeter..

karanfiller açtı gel!!

kış bahçesinde , güller

beyaz güller açtı gel..

 Ümit Yaşar Oğuzcan

Kayıt Tarihi : 7.5.2001 20:14:00",,,,Belirsiz,146
233,Kadın Göğsü,https://www.antoloji.com/kadin-gogsu-siiri/,"Bir kadın göğsü başlarsa konuşmaya,

En güzel deniz olur;

En sakin demiyorum

Başın döner dalgasından

Nereye gittiğini unutup

İntihar etmek istersin

Baktıkça bu muhteşem denize.
Vapurdan atlayanlara selam...

 Ümit Yaşar Oğuzcan

Kayıt Tarihi : 21.3.2001 22:29:00",,,,Belirsiz,36
234,Kadın Göğsü,https://www.antoloji.com/kadin-gogsu-siiri/?siralama=p,"Bir kadın göğsü başlarsa konuşmaya,

En güzel deniz olur;

En sakin demiyorum

Başın döner dalgasından

Nereye gittiğini unutup

İntihar etmek istersin

Baktıkça bu muhteşem denize.
Vapurdan atlayanlara selam...

 Ümit Yaşar Oğuzcan

Kayıt Tarihi : 21.3.2001 22:29:00",,,,Belirsiz,36
235,Taş,https://www.antoloji.com/tas-3-siiri/,"Ben çakıl taşıyım küçük

Ben kaldırım taşıyım yorgun

Ben sabır taşıyım pare pare

Ve ben ah mezar taşıyım

Ne çare!

 Ümit Yaşar Oğuzcan

Kayıt Tarihi : 7.2.2002 05:10:00",,Taşlar ve Başlar,1966.0,Olgunluk Dönemi (1963–1972),28
236,Taş,https://www.antoloji.com/tas-3-siiri/?siralama=p,"Ben çakıl taşıyım küçük

Ben kaldırım taşıyım yorgun

Ben sabır taşıyım pare pare

Ve ben ah mezar taşıyım

Ne çare!

 Ümit Yaşar Oğuzcan

Kayıt Tarihi : 7.2.2002 05:10:00",,Taşlar ve Başlar,1966.0,Olgunluk Dönemi (1963–1972),28
237,Sen Orada Ben Burada,https://www.antoloji.com/sen-orada-ben-burada-siiri/,"Ben orada öldüm en çok orada bilmezsin

Orada zaman buruşmuş bir eski resimdi

Orada sen yoktun, gözlerin belli belirsiz

Koptum oradan, bir kırık heykelim şimdi
Bir kolum derin denizlerde tek başına

Ayaklarım çöllerde kum tepelerinde gömülü

Alıp götürür saçlarımı bir soguk rüzgar

Ben orada öldüm, en çok orada bir başka türlü
Hiç bende degilsin, burada yoksun ki

Orada var mısın, ya da ben yok muyum

Tek degiliz seninle, bütün olmadık hiç

Şimdi nerdeyiz nasılız bilmiyorum
Orada akşamlar daha çok serin

Ben bu kadar degilim, bu kadar yıkık

Sarhoşum, kederliyim, yoksulum, sensizim

Orası sisler içinde orası karanlık.
Bensiz oldugun yerde degil mi en güzelsin

Bensiz oldugun yerde şöyle şarkılarını aşkını

Bir mermeri al, yont, şekil ver ona benden

Bir günah işlercesine sessiz ve dalgın
En iyisi sen burada kal, hep burada

Ellerinle kal, dudaklarınla, gözlerinle

Tut ki bütün renkler senin mavi kırmızı

Burada her şey sen nasıl istersen öyle
Bir büyük ayna duvarlar çok büyük

Orayı düşünme hiç burada soyun

Utandır duvarları pencereleri, kapıları

İki yalnızız şimdi anlıyor musun
Var sandıgın sen sen degilsin bir başkası

Benim anlasana benim o yok dedigin

Sabahları bir serin havayım içine dolan

Benim akşamları pencerende bekledigin
Hiç bir şey bilmiyorum, sen anlıyorsun

Senin bilmediklerini anladıgım gibi

Güzel, parmaklarının degdigi bir şey

Sensizlikler içinde seninle olmak iyi
Orada bulutlar yagıyor paramparça

Orada aglayan daglardır göge en yakın

Orada sen yoksun, orada bir şey yok

Orada kan ve ölüm, orada yangın

 Ümit Yaşar Oğuzcan

Kayıt Tarihi : 11.8.2000 15:36:00",,,,Belirsiz,242
238,Sen Orada Ben Burada,https://www.antoloji.com/sen-orada-ben-burada-siiri/?siralama=p,"Ben orada öldüm en çok orada bilmezsin

Orada zaman buruşmuş bir eski resimdi

Orada sen yoktun, gözlerin belli belirsiz

Koptum oradan, bir kırık heykelim şimdi
Bir kolum derin denizlerde tek başına

Ayaklarım çöllerde kum tepelerinde gömülü

Alıp götürür saçlarımı bir soguk rüzgar

Ben orada öldüm, en çok orada bir başka türlü
Hiç bende degilsin, burada yoksun ki

Orada var mısın, ya da ben yok muyum

Tek degiliz seninle, bütün olmadık hiç

Şimdi nerdeyiz nasılız bilmiyorum
Orada akşamlar daha çok serin

Ben bu kadar degilim, bu kadar yıkık

Sarhoşum, kederliyim, yoksulum, sensizim

Orası sisler içinde orası karanlık.
Bensiz oldugun yerde degil mi en güzelsin

Bensiz oldugun yerde şöyle şarkılarını aşkını

Bir mermeri al, yont, şekil ver ona benden

Bir günah işlercesine sessiz ve dalgın
En iyisi sen burada kal, hep burada

Ellerinle kal, dudaklarınla, gözlerinle

Tut ki bütün renkler senin mavi kırmızı

Burada her şey sen nasıl istersen öyle
Bir büyük ayna duvarlar çok büyük

Orayı düşünme hiç burada soyun

Utandır duvarları pencereleri, kapıları

İki yalnızız şimdi anlıyor musun
Var sandıgın sen sen degilsin bir başkası

Benim anlasana benim o yok dedigin

Sabahları bir serin havayım içine dolan

Benim akşamları pencerende bekledigin
Hiç bir şey bilmiyorum, sen anlıyorsun

Senin bilmediklerini anladıgım gibi

Güzel, parmaklarının degdigi bir şey

Sensizlikler içinde seninle olmak iyi
Orada bulutlar yagıyor paramparça

Orada aglayan daglardır göge en yakın

Orada sen yoksun, orada bir şey yok

Orada kan ve ölüm, orada yangın

 Ümit Yaşar Oğuzcan

Kayıt Tarihi : 11.8.2000 15:36:00",,,,Belirsiz,242
239,Seni Arıyorum,https://www.antoloji.com/seni-ariyorum-siiri/,"Şimdi bir an dönerek gerilere, hani

Bir zamanlar beni ölesiye yaşatan

Ellerimi bırakıp sevecen ellerini

Çevremi sımsıcak bir sevgiyle kuşatan

Seni arıyorum
Bir deniz hıçkırıyor ta içimde, dinle

Giderek yalcın kayalar, kumlar eriyor

Simdi baş başayım bir kıyıda kendimle

Ve bende var ettiğin o ben can veriyor

Seni arıyorum
Gülerdin bir zamanlar güneş batmazdı

Baştanbaşa bir gül bahçesiydi ortalık

Renkler ya mavi, ya pembe, ya beyazdı

Oysa simdi ne yana baksam karanlık

Seni arıyorum
Varsın ama yoksun. yanımdasın, değilsin

Gözlerim boşuna deliyor geceleri

Tek seni bir kez daha görebilmek için

Daldırıp ellerimi benden içeri

Seni arıyorum
Ellerim içimde bir kan golüne batıyor

Bağırıyorum kimseler duymuyor sesimi

Dişlerim hırsla dudaklarımı kanatıyor

Ve senden uzakta verirken son nefesimi

Seni arıyorum
Bu son aldanışım, son yıkılışım olacak

Gelsen de bos artık gelmesen de, ben yokum

Yine de son bir ümit kırıntısıyla, bak

O her şeyi yitirdiğim anda bulduğum

SENI ARIYORUM.

 Ümit Yaşar Oğuzcan

Kayıt Tarihi : 28.8.2000 20:24:00",,,,Belirsiz,155
240,Seni Arıyorum,https://www.antoloji.com/seni-ariyorum-siiri/?siralama=p,"Şimdi bir an dönerek gerilere, hani

Bir zamanlar beni ölesiye yaşatan

Ellerimi bırakıp sevecen ellerini

Çevremi sımsıcak bir sevgiyle kuşatan

Seni arıyorum
Bir deniz hıçkırıyor ta içimde, dinle

Giderek yalcın kayalar, kumlar eriyor

Simdi baş başayım bir kıyıda kendimle

Ve bende var ettiğin o ben can veriyor

Seni arıyorum
Gülerdin bir zamanlar güneş batmazdı

Baştanbaşa bir gül bahçesiydi ortalık

Renkler ya mavi, ya pembe, ya beyazdı

Oysa simdi ne yana baksam karanlık

Seni arıyorum
Varsın ama yoksun. yanımdasın, değilsin

Gözlerim boşuna deliyor geceleri

Tek seni bir kez daha görebilmek için

Daldırıp ellerimi benden içeri

Seni arıyorum
Ellerim içimde bir kan golüne batıyor

Bağırıyorum kimseler duymuyor sesimi

Dişlerim hırsla dudaklarımı kanatıyor

Ve senden uzakta verirken son nefesimi

Seni arıyorum
Bu son aldanışım, son yıkılışım olacak

Gelsen de bos artık gelmesen de, ben yokum

Yine de son bir ümit kırıntısıyla, bak

O her şeyi yitirdiğim anda bulduğum

SENI ARIYORUM.

 Ümit Yaşar Oğuzcan

Kayıt Tarihi : 28.8.2000 20:24:00",,,,Belirsiz,155
241,Dörtlükler (Rubailer),https://www.antoloji.com/dortlukler-rubailer-siiri/,"Bir duygu mu var böyle derin, böyle geniş 

Sevmek bir ölüş, belki tekrar diriliş 

Bitmez kederim, bil ki tükenmez derdim 

Aç kalbimi öğren, seni sevmek ne imiş! 
Seven kaybeder miydi arayıp bulmasaydı

Yeni güller açmazdı o güller solmasaydı

Hiç çekilmez olurdu yaşadığımız dünya

Aşkın bittiği yerde unutmak olmasaydı.
Bir gün zaman kayar ellerinden tutamazsın

Sel gibi akan yaşlarını kurutamazsın

Öylesine bendesin ve öylesine sendeyim ki

Unutmak istesen de artık unutamazsın
Herkes gibi bir gün dürülür defterimiz

Ergeç çürüyüp toprak olur her yerimiz

Kinler durulur, anlaşılır gerçekler

Söyler, o zaman her şeyi dörtlüklerimiz
Bir gün kader çağırır, gelmem diyemezsin 

Ecel isterse eğer, ölmem diyemezsin 

O kadar sevildin ki Tanrılar misali

Artık, aşkı tatmadım, bilmem diyemezsin.
Bir duygu mu var böyle derin, böyle geniş 

Sevmek bir ölüş, belki tekrar diriliş 

Bitmez kederim, bil ki tükenmez derdim 

Aç kalbimi öğren, seni sevmek ne imiş!

 Ümit Yaşar Oğuzcan

Kayıt Tarihi : 28.7.2001 15:07:00",,Rubailer,1972.0,Olgunluk Dönemi (1963–1972),149
242,Dörtlükler (Rubailer),https://www.antoloji.com/dortlukler-rubailer-siiri/?siralama=p,"Bir duygu mu var böyle derin, böyle geniş 

Sevmek bir ölüş, belki tekrar diriliş 

Bitmez kederim, bil ki tükenmez derdim 

Aç kalbimi öğren, seni sevmek ne imiş! 
Seven kaybeder miydi arayıp bulmasaydı

Yeni güller açmazdı o güller solmasaydı

Hiç çekilmez olurdu yaşadığımız dünya

Aşkın bittiği yerde unutmak olmasaydı.
Bir gün zaman kayar ellerinden tutamazsın

Sel gibi akan yaşlarını kurutamazsın

Öylesine bendesin ve öylesine sendeyim ki

Unutmak istesen de artık unutamazsın
Herkes gibi bir gün dürülür defterimiz

Ergeç çürüyüp toprak olur her yerimiz

Kinler durulur, anlaşılır gerçekler

Söyler, o zaman her şeyi dörtlüklerimiz
Bir gün kader çağırır, gelmem diyemezsin 

Ecel isterse eğer, ölmem diyemezsin 

O kadar sevildin ki Tanrılar misali

Artık, aşkı tatmadım, bilmem diyemezsin.
Bir duygu mu var böyle derin, böyle geniş 

Sevmek bir ölüş, belki tekrar diriliş 

Bitmez kederim, bil ki tükenmez derdim 

Aç kalbimi öğren, seni sevmek ne imiş!

 Ümit Yaşar Oğuzcan

Kayıt Tarihi : 28.7.2001 15:07:00",,Rubailer,1972.0,Olgunluk Dönemi (1963–1972),149
243,Karanlık Deniz,https://www.antoloji.com/karanlik-deniz-siiri/,"Şimdi seni düşünüyorum, biliyorsun

Aklıma ellerin geliyor önce

Yağmurlu birgün hatırlıyorum

Islanmış bir serçe kuşu hatırlıyorum

Durup durup ölümü hatırlıyorum

Alnıma bir ışık vuruyor karanlıkta

Sonra alabildiğine bir sessizlik başlıyor

Alabildiğine bir deniz

Alabildiğine kum

İçim ürpertilerle dolu

Karanlık denizlerin ortasında

Seni düşünüyorum
Hani denizin insanı deli eden maviliği

Nerde o güneş parıltıları nerde

Göremiyorum ama duyuyorum

Yaklaşan fırtına sen olmalısın

Bu rüzgar senin hayallerin olmalı

Senin ümitlerin

Senin arzuların olmalı

Bütün karanlıklara razıyım

Yalnız uzaklarda, çok uzaklarda

Bir gemici feneri yanmalı
Bu korkunç ağırlıkları kim koydu başıma

Bu marşandiz trenleri nereye gidiyor

Ben bir katran deniziyim artık

Dalgalarım iri kayaları döver durur

Bütün yaratıklar derinliklerimde kapkara

Ne bir seven var beni

Ne bir anlayan bulunur
İçimde çalkalanan bir dünya

Kulaklarımda karanlığın uğultusu

Ve gözbebeklerimde korkuların en büyüğü

Bir büyük dünyada yalnız kalmak korkusu

Ölürsem korkudan öleceğim
Düşen yıldızlar gibi

Batan gemiler gibi yalnızlığım

Sisli şafaklar doğar ufkumdan

Kör bıçaklar bilenir düşlerimde her gece

Kirli bir güneş kahreder dalgalarımı

Bir çamur yığını sıvanır yüzüme

Gitgide artar yalnızlığım

Sonra duyarım iliklerimde sabahın olduğunu

Bir yosun parçası kımıldanır, gerinir

Bittiği yerde başlar yalnızlığım
Pusulalar işlemiyor artık

Yıldızlar yol göstermiyor

Rüzgar bile ihanet etti bize

Bir saçların vardı deli divane olduğumuz

Bir saçların vardı

Bir saçların vardı

Alnına düşerdi akşamları

Hiç değilse yaşadığımızı bilirdik hayal meyal

Nefes aldığımızı

İnsan olduğumuzu bilirdik

Saçların bizi kurtarırdı düştüğümüz girdaplardan

Bizi bir derinlerden yeryüzüne çıkarırdı

Her telinde mevsimleri seyrettiğimiz

Varlığını en büyük mutluluk bildiğimiz

Bir saçların vardı

Bir saçların vardı deli divane olduğumuz
Şimdi bütün gün üstüme yağmur yağıyor

Bütün gece kar

Yalnızlığın tam ortasındayım artık

Yalnızlık kadar
Bilsen nasıl üşüyorum

Al şu ellerimi ısıt biraz

Ya da al götür bu soğukları

Bu yağmurları

Görmüyor musun beni öldürecekler artık

Beni öldürecekeler diyorum sana

Geçmiş gelecek bütün yıllarım

Bütün umutlarım senin olsun al

Beni bu karanlık denizlerde bırakma

 Ümit Yaşar Oğuzcan

Kayıt Tarihi : 13.2.2001 23:53:00",,,,Belirsiz,308
244,Karanlık Deniz,https://www.antoloji.com/karanlik-deniz-siiri/?siralama=p,"Şimdi seni düşünüyorum, biliyorsun

Aklıma ellerin geliyor önce

Yağmurlu birgün hatırlıyorum

Islanmış bir serçe kuşu hatırlıyorum

Durup durup ölümü hatırlıyorum

Alnıma bir ışık vuruyor karanlıkta

Sonra alabildiğine bir sessizlik başlıyor

Alabildiğine bir deniz

Alabildiğine kum

İçim ürpertilerle dolu

Karanlık denizlerin ortasında

Seni düşünüyorum
Hani denizin insanı deli eden maviliği

Nerde o güneş parıltıları nerde

Göremiyorum ama duyuyorum

Yaklaşan fırtına sen olmalısın

Bu rüzgar senin hayallerin olmalı

Senin ümitlerin

Senin arzuların olmalı

Bütün karanlıklara razıyım

Yalnız uzaklarda, çok uzaklarda

Bir gemici feneri yanmalı
Bu korkunç ağırlıkları kim koydu başıma

Bu marşandiz trenleri nereye gidiyor

Ben bir katran deniziyim artık

Dalgalarım iri kayaları döver durur

Bütün yaratıklar derinliklerimde kapkara

Ne bir seven var beni

Ne bir anlayan bulunur
İçimde çalkalanan bir dünya

Kulaklarımda karanlığın uğultusu

Ve gözbebeklerimde korkuların en büyüğü

Bir büyük dünyada yalnız kalmak korkusu

Ölürsem korkudan öleceğim
Düşen yıldızlar gibi

Batan gemiler gibi yalnızlığım

Sisli şafaklar doğar ufkumdan

Kör bıçaklar bilenir düşlerimde her gece

Kirli bir güneş kahreder dalgalarımı

Bir çamur yığını sıvanır yüzüme

Gitgide artar yalnızlığım

Sonra duyarım iliklerimde sabahın olduğunu

Bir yosun parçası kımıldanır, gerinir

Bittiği yerde başlar yalnızlığım
Pusulalar işlemiyor artık

Yıldızlar yol göstermiyor

Rüzgar bile ihanet etti bize

Bir saçların vardı deli divane olduğumuz

Bir saçların vardı

Bir saçların vardı

Alnına düşerdi akşamları

Hiç değilse yaşadığımızı bilirdik hayal meyal

Nefes aldığımızı

İnsan olduğumuzu bilirdik

Saçların bizi kurtarırdı düştüğümüz girdaplardan

Bizi bir derinlerden yeryüzüne çıkarırdı

Her telinde mevsimleri seyrettiğimiz

Varlığını en büyük mutluluk bildiğimiz

Bir saçların vardı

Bir saçların vardı deli divane olduğumuz
Şimdi bütün gün üstüme yağmur yağıyor

Bütün gece kar

Yalnızlığın tam ortasındayım artık

Yalnızlık kadar
Bilsen nasıl üşüyorum

Al şu ellerimi ısıt biraz

Ya da al götür bu soğukları

Bu yağmurları

Görmüyor musun beni öldürecekler artık

Beni öldürecekeler diyorum sana

Geçmiş gelecek bütün yıllarım

Bütün umutlarım senin olsun al

Beni bu karanlık denizlerde bırakma

 Ümit Yaşar Oğuzcan

Kayıt Tarihi : 13.2.2001 23:53:00",,,,Belirsiz,308
245,Ayrılık Saatleri,https://www.antoloji.com/ayrilik-saatleri-siiri/,"Ayrılık saatlerinde perişan

Öpüşmelerde uzattığımız alabildiğine

Yaşlı gözlerden kalbin derinliğine

Bakışlarındı bir ışık halinde uzanan
Tapardım o saatlerde güzelliğine

Sevgiden, mestolmuş, özlemli, hayran

Bütün yüreğinle işte o zaman

Bir daha inanırdım sevildiğine
Son köşeyi dönmek istemezdi ayakların

O an bir hüzün çemberiyle sarılırdı

Saçların, gözlerin, dudakların
Büyürdü gitgide gölgesi uzakların

İçimde bir tel kopar, bir ayna kırılırdı

Ve bana bir ölüm gibi sessizliğin kalırdı

 Ümit Yaşar Oğuzcan

Kayıt Tarihi : 28.10.2001 03:11:00",,,,Belirsiz,72
246,Ayrılık Saatleri,https://www.antoloji.com/ayrilik-saatleri-siiri/?siralama=p,"Ayrılık saatlerinde perişan

Öpüşmelerde uzattığımız alabildiğine

Yaşlı gözlerden kalbin derinliğine

Bakışlarındı bir ışık halinde uzanan
Tapardım o saatlerde güzelliğine

Sevgiden, mestolmuş, özlemli, hayran

Bütün yüreğinle işte o zaman

Bir daha inanırdım sevildiğine
Son köşeyi dönmek istemezdi ayakların

O an bir hüzün çemberiyle sarılırdı

Saçların, gözlerin, dudakların
Büyürdü gitgide gölgesi uzakların

İçimde bir tel kopar, bir ayna kırılırdı

Ve bana bir ölüm gibi sessizliğin kalırdı

 Ümit Yaşar Oğuzcan

Kayıt Tarihi : 28.10.2001 03:11:00",,,,Belirsiz,72
247,İnan,https://www.antoloji.com/inan-3-siiri/,"Yaşadığımız dünyada herşey yalan değil

Şu milyonlarca insanın hepsi de yalancı değil

Seven insan inanmak ister,inanılmak ister

Bir gün aldanmak bile o kadar acı değil
İnanmışların güller açar kalbinde her zaman

Bütün korkuları avuçlarından akıp gider

Bir güneş doğar ufkunda pırıl pırıl sıcak

İnanmak biraz da varolmağa benzer
Bırak,o sevemiyenler inanmasın aşka

Birlikte mutlulukları yudum yudum içmek var

Gel,biz ona gidelim o bizden uzaksa
Şüpheleri,yalanları atalım içimizden

Gel,seninle bir yola çıkalım yarın,şafakla

Kimsenin varmadığı bir yere varalım inanmakla

 Ümit Yaşar Oğuzcan

Kayıt Tarihi : 13.4.2001 20:57:00",,,,Belirsiz,86
248,İnan,https://www.antoloji.com/inan-3-siiri/?siralama=p,"Yaşadığımız dünyada herşey yalan değil

Şu milyonlarca insanın hepsi de yalancı değil

Seven insan inanmak ister,inanılmak ister

Bir gün aldanmak bile o kadar acı değil
İnanmışların güller açar kalbinde her zaman

Bütün korkuları avuçlarından akıp gider

Bir güneş doğar ufkunda pırıl pırıl sıcak

İnanmak biraz da varolmağa benzer
Bırak,o sevemiyenler inanmasın aşka

Birlikte mutlulukları yudum yudum içmek var

Gel,biz ona gidelim o bizden uzaksa
Şüpheleri,yalanları atalım içimizden

Gel,seninle bir yola çıkalım yarın,şafakla

Kimsenin varmadığı bir yere varalım inanmakla

 Ümit Yaşar Oğuzcan

Kayıt Tarihi : 13.4.2001 20:57:00",,,,Belirsiz,86
249,Pişmanlık,https://www.antoloji.com/pismanlik-3-siiri/,"Beni seveceksen

İyi sev

Pişman et dünyaya geldiğime

Sevmeyeceksen

Zaten pişmanım demektir

 Ümit Yaşar Oğuzcan

Kayıt Tarihi : 19.9.2000 12:02:00",,,,Belirsiz,20
250,Pişmanlık,https://www.antoloji.com/pismanlik-3-siiri/?siralama=p,"Beni seveceksen

İyi sev

Pişman et dünyaya geldiğime

Sevmeyeceksen

Zaten pişmanım demektir

 Ümit Yaşar Oğuzcan

Kayıt Tarihi : 19.9.2000 12:02:00",,,,Belirsiz,20
251,Üzgün Değilim,https://www.antoloji.com/uzgun-degilim-siiri/,"Üzgün değilim kanmayı öğrendimse

Senden seni kıskanmayı öğrendimse

Gelsin beni çepeçevre kuşatsın o ateş

Yüz yıl yanarım yanmayı öğrendimse.

 Ümit Yaşar Oğuzcan

Kayıt Tarihi : 14.9.2000 11:58:00",,,,Belirsiz,27
252,Üzgün Değilim,https://www.antoloji.com/uzgun-degilim-siiri/?siralama=p,"Üzgün değilim kanmayı öğrendimse

Senden seni kıskanmayı öğrendimse

Gelsin beni çepeçevre kuşatsın o ateş

Yüz yıl yanarım yanmayı öğrendimse.

 Ümit Yaşar Oğuzcan

Kayıt Tarihi : 14.9.2000 11:58:00",,,,Belirsiz,27
253,İstanbul Yoktu Sen Olmasaydın,https://www.antoloji.com/istanbul-yoktu-sen-olmasaydin-siiri/,"Ben nice İstanbul’lular gördüm sana gelinceye kadar 

Kirli paçavralara benzerdi insanları 

Dostluktan, vefadan yoksun. 

Bölünmüş, dağılmış, parçalanmış 

Ve herbiri kendi ağırlığıyla ezilmiş,  yorgun. 

Yüzümde dolaşan birer iğrenç böcekti gözleri 

Bir tutsam 

Yapışır kalırdı ellerime en çirkin yerleri 

Evlerinde bulduğum yalnızlık 

Sokaklarında bulduğum upuzun bir kahırdı. 

Günler boyunca 

Bir başka karanlık gelirdi 

Karanlığın biri kaybolunca 

Güneşler doğardı görmezdim. 

Bir ses durmadan ölüme çağırırdı beni 

Bilmezdim bu şehirde senin yaşadığını. 

Bilmezdim... 
Zindandı bütün meyhaneler 

Duvarlar karaydı 

Köhne bir bizans eskisiydi İstanbul sensiz. 

Semt semt bir ağır yorgunluktu 

Sürekli bir aldanıştı sokak sokak 

Benden en uzak sevgilerde yaşadım yıllarca 

O büyük yalanlarda yaşadım. 

Senden habersiz  bir ölü gibi 

Senden uzak zamanlarda yaşadım. 
Mabetler yıkıldı içimde 

Umutlar hayaller yıkıldı 

Bir gün bütün İstanbul yıkıldı. 

Sokaklar kaydı ayaklarımın altında 

Gün oldu kalabalık meydanlarında inançlarım yıkıldı 

Gün oldu 

Gözlerime çiviler çakıldı merhametsiz. 

Toz toz oldum, duman duman oldum 

Aldığını geri vermedi yıllar 

Yitirdim kendimi bu rezil şehirde 

Seni buluncaya kadar. 
Eskiden bir lale hatırlardım 

Yada mavi mavi bir deniz İstanbul denince 

Serin rüzgarlar okşardı saçlarımı 

Rıhtımlar balık balık kokardı. 

Ne zaman 

Yumsam gözlerimi bir gemi kalkardı. 

Vapur düdükleri durmadan öterdi. 

Eskiden bir İstanbul vardı bilmediğim 

Bana yeterdi. 
Sonra kaç yıl yaralı bir hayvan gibi 

Gezdim sokaklarında 

Sonra kaç yıl bir sevgi aradım 

İstanbul’u aradım. 

Belki de seni aradım bilmeden 

Ayaklarımın dibinde denizler can çekişti 

Şehirler parçalandı 

Bir çağ öldü gözlerimin önünde 

Benim en güzel çağım öldü. 

Bizi topraktan yarattılar 

Gel gör ki... 

Bu şehirde 

Benim toprağım öldü. 
Seni aradım bu şehirde yıllarca 

Yana yakıla seni.. 

Sen kimdin, sen neredeydin kimbilir. 

Hep böyle sensizmiydi bu şehir. 

Bu şehir İstanbul’muydu ? 

Öyleyse sensiz yaşanmazdı bu şehirde 

Gemiler demir almazdı 

Trenler işlemezdi 

Sen olmasaydın 

Bir ömür bitip 

Yepyeni bir ömür başlamazdı içimde 

Bahar gelmezdi 

Ağaçlar çiçek açmazdı 

Seni bulmasaydım 

Ve ben yoktum 

İstanbul yoktu 

Sen olmasaydın.

 Ümit Yaşar Oğuzcan

Kayıt Tarihi : 4.1.2001 14:25:00",,,,Belirsiz,305
254,İstanbul Yoktu Sen Olmasaydın,https://www.antoloji.com/istanbul-yoktu-sen-olmasaydin-siiri/?siralama=p,"Ben nice İstanbul’lular gördüm sana gelinceye kadar 

Kirli paçavralara benzerdi insanları 

Dostluktan, vefadan yoksun. 

Bölünmüş, dağılmış, parçalanmış 

Ve herbiri kendi ağırlığıyla ezilmiş,  yorgun. 

Yüzümde dolaşan birer iğrenç böcekti gözleri 

Bir tutsam 

Yapışır kalırdı ellerime en çirkin yerleri 

Evlerinde bulduğum yalnızlık 

Sokaklarında bulduğum upuzun bir kahırdı. 

Günler boyunca 

Bir başka karanlık gelirdi 

Karanlığın biri kaybolunca 

Güneşler doğardı görmezdim. 

Bir ses durmadan ölüme çağırırdı beni 

Bilmezdim bu şehirde senin yaşadığını. 

Bilmezdim... 
Zindandı bütün meyhaneler 

Duvarlar karaydı 

Köhne bir bizans eskisiydi İstanbul sensiz. 

Semt semt bir ağır yorgunluktu 

Sürekli bir aldanıştı sokak sokak 

Benden en uzak sevgilerde yaşadım yıllarca 

O büyük yalanlarda yaşadım. 

Senden habersiz  bir ölü gibi 

Senden uzak zamanlarda yaşadım. 
Mabetler yıkıldı içimde 

Umutlar hayaller yıkıldı 

Bir gün bütün İstanbul yıkıldı. 

Sokaklar kaydı ayaklarımın altında 

Gün oldu kalabalık meydanlarında inançlarım yıkıldı 

Gün oldu 

Gözlerime çiviler çakıldı merhametsiz. 

Toz toz oldum, duman duman oldum 

Aldığını geri vermedi yıllar 

Yitirdim kendimi bu rezil şehirde 

Seni buluncaya kadar. 
Eskiden bir lale hatırlardım 

Yada mavi mavi bir deniz İstanbul denince 

Serin rüzgarlar okşardı saçlarımı 

Rıhtımlar balık balık kokardı. 

Ne zaman 

Yumsam gözlerimi bir gemi kalkardı. 

Vapur düdükleri durmadan öterdi. 

Eskiden bir İstanbul vardı bilmediğim 

Bana yeterdi. 
Sonra kaç yıl yaralı bir hayvan gibi 

Gezdim sokaklarında 

Sonra kaç yıl bir sevgi aradım 

İstanbul’u aradım. 

Belki de seni aradım bilmeden 

Ayaklarımın dibinde denizler can çekişti 

Şehirler parçalandı 

Bir çağ öldü gözlerimin önünde 

Benim en güzel çağım öldü. 

Bizi topraktan yarattılar 

Gel gör ki... 

Bu şehirde 

Benim toprağım öldü. 
Seni aradım bu şehirde yıllarca 

Yana yakıla seni.. 

Sen kimdin, sen neredeydin kimbilir. 

Hep böyle sensizmiydi bu şehir. 

Bu şehir İstanbul’muydu ? 

Öyleyse sensiz yaşanmazdı bu şehirde 

Gemiler demir almazdı 

Trenler işlemezdi 

Sen olmasaydın 

Bir ömür bitip 

Yepyeni bir ömür başlamazdı içimde 

Bahar gelmezdi 

Ağaçlar çiçek açmazdı 

Seni bulmasaydım 

Ve ben yoktum 

İstanbul yoktu 

Sen olmasaydın.

 Ümit Yaşar Oğuzcan

Kayıt Tarihi : 4.1.2001 14:25:00",,,,Belirsiz,305
255,Sevgimin Yüceliğini Bilesin İstiyorum,https://www.antoloji.com/sevgimin-yuceligini-bilesin-istiyorum-siiri/,"Her gün başka oyunlar oynanıyor yeryüzünde

Yıllardır afişte kalan bizim oyunumuz

Sen bütün güzelliğinle her gece sahnedesin

Dekor durmadan değişiyor

Ama hep aynı müzik

Grieg'in o ünlü konçertosu

Denizin açılıp açılıp vurması kıyılara

Suyun damlaması mermere ağır ağır

Rüzgarların esmesi dağ başında

Kuyuya düşen bir taşın yankısı

Ya da

Bir mum alevinin o tiz sesi

Hep kulaklarımda

Seni görebildiğim kadar duyuyorum

Haydi oyna, haydi konuş

Bu oyunun tek seyircisi benim

Avuçlarım kanayıncaya kadar seni alkışlıyorum
Her parmağına bir övgü yazsam yetmez

Güzelliğini anlatmaya ömrüm kafi değil

Sen aynaya bakınca bir başkasını görürsün

Belki biraz sana benzeyen

Belki yer yer seni hatırlatan birisini görürsün

Sana bakarak bir başka kadın boyanır

Bir başka kadın tarar saçlarını karşında

Sen güldükçe güler

Ağlar sen ağladıkça, aldatır seni

Oysa ki benim bütün aynalarımda sen varsın

Güzelliğini yalnız ben görebilirim dünyada

Yalnız ben bilirim gözlerinin rengini

Yalnız ben

Ve seni yaratan Tanrıya inat

Her sabah seni ben yaratırım yeniden
Benden yapamayacağım bir şey iste

Yapamayacağım sandığın bir şey

Hani masallarda Kaf Dağı'nın ardında bir dev vardır

Dilersen onun gözlerini çıkarıp getireyim sana

Hani aşılmaz dağlar, denizler vardır

Sen istersen aşılır

Gücüm oynatır dünyayı yerinden

İste

Kutuplardan sana kar getireyim

Dilersen Gobi Çölü'nden bir avuç kum

Düşün düşün de söyle bana

Sevgimin yüceliğini bilesin istiyorum

 Ümit Yaşar Oğuzcan

Kayıt Tarihi : 8.12.2001 04:15:00",,,,Belirsiz,216
256,Sevgimin Yüceliğini Bilesin İstiyorum,https://www.antoloji.com/sevgimin-yuceligini-bilesin-istiyorum-siiri/?siralama=p,"Her gün başka oyunlar oynanıyor yeryüzünde

Yıllardır afişte kalan bizim oyunumuz

Sen bütün güzelliğinle her gece sahnedesin

Dekor durmadan değişiyor

Ama hep aynı müzik

Grieg'in o ünlü konçertosu

Denizin açılıp açılıp vurması kıyılara

Suyun damlaması mermere ağır ağır

Rüzgarların esmesi dağ başında

Kuyuya düşen bir taşın yankısı

Ya da

Bir mum alevinin o tiz sesi

Hep kulaklarımda

Seni görebildiğim kadar duyuyorum

Haydi oyna, haydi konuş

Bu oyunun tek seyircisi benim

Avuçlarım kanayıncaya kadar seni alkışlıyorum
Her parmağına bir övgü yazsam yetmez

Güzelliğini anlatmaya ömrüm kafi değil

Sen aynaya bakınca bir başkasını görürsün

Belki biraz sana benzeyen

Belki yer yer seni hatırlatan birisini görürsün

Sana bakarak bir başka kadın boyanır

Bir başka kadın tarar saçlarını karşında

Sen güldükçe güler

Ağlar sen ağladıkça, aldatır seni

Oysa ki benim bütün aynalarımda sen varsın

Güzelliğini yalnız ben görebilirim dünyada

Yalnız ben bilirim gözlerinin rengini

Yalnız ben

Ve seni yaratan Tanrıya inat

Her sabah seni ben yaratırım yeniden
Benden yapamayacağım bir şey iste

Yapamayacağım sandığın bir şey

Hani masallarda Kaf Dağı'nın ardında bir dev vardır

Dilersen onun gözlerini çıkarıp getireyim sana

Hani aşılmaz dağlar, denizler vardır

Sen istersen aşılır

Gücüm oynatır dünyayı yerinden

İste

Kutuplardan sana kar getireyim

Dilersen Gobi Çölü'nden bir avuç kum

Düşün düşün de söyle bana

Sevgimin yüceliğini bilesin istiyorum

 Ümit Yaşar Oğuzcan

Kayıt Tarihi : 8.12.2001 04:15:00",,,,Belirsiz,216
257,İmkansız Şeyler,https://www.antoloji.com/imkansiz-seyler-siiri/,"İmkansız olan şeyler vardır bilirsin

Yaşlanmamak gibi, ölmemek gibi

Ve seni sevmemek çigan gözlüm

Mümkün degil ki

Çıkarıp atamam içimden

Neyleyim yer etmişsin bir kere

Ne zaman elime bir kagıt alsam

Siner güzelligin kelimelere

Yumsam gözlerimi seni seyrederim

Devamlı bir musiki kulaklarımda sesin

Mevsimler seninle başlar, seninle biter

Yıl oniki ay benimlesin

Ne zaman bir gemi görsem limanda

Alıp başımı seninle gitmek isterim

Umurumda degil bu oyunlar, bu düzenler

Anlasana; seni arıyor ellerim

İmkansız düşünmemek gecelerce seni

Ve sevmemek ömür boyunca, bir gün degil

'Başka çaremiz yok, beni unut' demiştin

Mümkün degil çigan gözlüm, mümkün degil.

 Ümit Yaşar Oğuzcan

Kayıt Tarihi : 9.8.2000 14:21:00",,,,Belirsiz,104
258,İmkansız Şeyler,https://www.antoloji.com/imkansiz-seyler-siiri/?siralama=p,"İmkansız olan şeyler vardır bilirsin

Yaşlanmamak gibi, ölmemek gibi

Ve seni sevmemek çigan gözlüm

Mümkün degil ki

Çıkarıp atamam içimden

Neyleyim yer etmişsin bir kere

Ne zaman elime bir kagıt alsam

Siner güzelligin kelimelere

Yumsam gözlerimi seni seyrederim

Devamlı bir musiki kulaklarımda sesin

Mevsimler seninle başlar, seninle biter

Yıl oniki ay benimlesin

Ne zaman bir gemi görsem limanda

Alıp başımı seninle gitmek isterim

Umurumda degil bu oyunlar, bu düzenler

Anlasana; seni arıyor ellerim

İmkansız düşünmemek gecelerce seni

Ve sevmemek ömür boyunca, bir gün degil

'Başka çaremiz yok, beni unut' demiştin

Mümkün degil çigan gözlüm, mümkün degil.

 Ümit Yaşar Oğuzcan

Kayıt Tarihi : 9.8.2000 14:21:00",,,,Belirsiz,104
259,Kol Kola Gezdiğimiz Islak Gecelerde Kal,https://www.antoloji.com/kol-kola-gezdigimiz-islak-gecelerde-kal-siiri/,"Kol kola gezdiğimiz ıslak gecelerde kal 

Seviştiğimiz geri gelmez gecelerde kal 

Adımı anmasan da,bana hiç gelmesen de 

Ne olur hayalimde yükseldiğin yerde kal

 Ümit Yaşar Oğuzcan

Kayıt Tarihi : 16.12.2000 12:31:00",,,,Belirsiz,31
260,Kol Kola Gezdiğimiz Islak Gecelerde Kal,https://www.antoloji.com/kol-kola-gezdigimiz-islak-gecelerde-kal-siiri/?siralama=p,"Kol kola gezdiğimiz ıslak gecelerde kal 

Seviştiğimiz geri gelmez gecelerde kal 

Adımı anmasan da,bana hiç gelmesen de 

Ne olur hayalimde yükseldiğin yerde kal

 Ümit Yaşar Oğuzcan

Kayıt Tarihi : 16.12.2000 12:31:00",,,,Belirsiz,31
261,Ne Yapsam Neyleysem Ne Söylesem,https://www.antoloji.com/ne-yapsam-neyleysem-ne-soylesem-siiri/,"Ne yapsam dönüp dolaşıp sana geliyorum

Avuçlarımda ateş, gözlerimde sitem

Ve hep o şarki dudaklarımda belli belirsiz

Ne yapsam, neyleysem, ne söylesem
Değişen sadece ellerim, gözlerim değil

Ayakkabım, gömleğim, boyunbağım, elbisem

Hersek iğreti şimdi, herkes yabancı bana

Ne yapsam, neyleysem, ne söylesem
Butun günlerimi aldın gittin, bütün akşamlarımı

Oturmuş üstüme boğuyor beni her gecem

O renk yok, o hayaller yok, o düşler yok

Ne yapsam. neyleysem, ne söylesem
Nereye vardıysam o yangın oradaydı

O sevmek, o alevler, o cehennem

Baksana, küllerim savruluyor gökyüzüne

Ne yapsam, neyleysem, ne söylesem
Sen bir yalnızlıksın artık ta şuramda bir hançersin

Çıkaramam seni bağrımdan ne kadar istesem

Vur, oldur dilersen, beni bırakma tek

Ne yapsam, neyleysem, ne söylesem.

 Ümit Yaşar Oğuzcan

Kayıt Tarihi : 28.8.2000 20:01:00",,,,Belirsiz,121
262,Ne Yapsam Neyleysem Ne Söylesem,https://www.antoloji.com/ne-yapsam-neyleysem-ne-soylesem-siiri/?siralama=p,"Ne yapsam dönüp dolaşıp sana geliyorum

Avuçlarımda ateş, gözlerimde sitem

Ve hep o şarki dudaklarımda belli belirsiz

Ne yapsam, neyleysem, ne söylesem
Değişen sadece ellerim, gözlerim değil

Ayakkabım, gömleğim, boyunbağım, elbisem

Hersek iğreti şimdi, herkes yabancı bana

Ne yapsam, neyleysem, ne söylesem
Butun günlerimi aldın gittin, bütün akşamlarımı

Oturmuş üstüme boğuyor beni her gecem

O renk yok, o hayaller yok, o düşler yok

Ne yapsam. neyleysem, ne söylesem
Nereye vardıysam o yangın oradaydı

O sevmek, o alevler, o cehennem

Baksana, küllerim savruluyor gökyüzüne

Ne yapsam, neyleysem, ne söylesem
Sen bir yalnızlıksın artık ta şuramda bir hançersin

Çıkaramam seni bağrımdan ne kadar istesem

Vur, oldur dilersen, beni bırakma tek

Ne yapsam, neyleysem, ne söylesem.

 Ümit Yaşar Oğuzcan

Kayıt Tarihi : 28.8.2000 20:01:00",,,,Belirsiz,121
263,Büyük Yalnızlık,https://www.antoloji.com/buyuk-yalnizlik-siiri/,"Önce çaresizlik çaldı kapıları

Sonra yoksulluk

Bütün aşina çehreler silindi aynalardan

Bir anda boşaldı dünya

Yapayalnız kaldık
Tez tükendi umut ekmeği

Bitiverdi suların hayali

Çevirdik derin bir karanlığa gözlerimizi

Sen ey büyük yalnızlık

Bir sen terketmedin bizi

 Ümit Yaşar Oğuzcan

Kayıt Tarihi : 28.1.2002 05:17:00",,,,Belirsiz,45
264,Büyük Yalnızlık,https://www.antoloji.com/buyuk-yalnizlik-siiri/?siralama=p,"Önce çaresizlik çaldı kapıları

Sonra yoksulluk

Bütün aşina çehreler silindi aynalardan

Bir anda boşaldı dünya

Yapayalnız kaldık
Tez tükendi umut ekmeği

Bitiverdi suların hayali

Çevirdik derin bir karanlığa gözlerimizi

Sen ey büyük yalnızlık

Bir sen terketmedin bizi

 Ümit Yaşar Oğuzcan

Kayıt Tarihi : 28.1.2002 05:17:00",,,,Belirsiz,45
265,Serenad,https://www.antoloji.com/serenad-3-siiri/,"Senden başka kimse bilmesin istiyorum

Gözlerimin nasıl aşka çağırdığını

Bakışlarımın nasıl gel diye haykırdığını

Gözlerimden, belli oluyor seni sevdiğim
Ellerimin aradığı ellerindir geceler boyu

Mümkün değil, bu sevgiyi bıçaklayamam ki

Ne yapsam, dolmuşum artık, saklayamam ki

Ellerimden belli oluyor seni sevdiğim
Nasıl bekliyorum özlemle, görüyor musun?

El ayak çekilsin, sonsuz bir gece gel

Tarama saçlarını, öylece gel

Dudaklarımdan belli oluyor seni sevdiğim
Başka yangınlara benzemez bu yangın, sönmez

Bir şey var her yerimi tutuşturan yakan

Bu sensizlikte sebil çeşmeler misali akan

Göz yaslarımdan belli oluyor seni sevdiğim
Sevgilerin en ölmezini sana sakladım, gel

Simdi denizler en mavi, ormanlar en yeşil

Seninle olayım da dünya umurumda değil

Dinle; kalbimin vurusundan belli oluyor seni sevdiğim

 Ümit Yaşar Oğuzcan

Kayıt Tarihi : 28.8.2000 20:32:00",,,,Belirsiz,121
266,Serenad,https://www.antoloji.com/serenad-3-siiri/?siralama=p,"Senden başka kimse bilmesin istiyorum

Gözlerimin nasıl aşka çağırdığını

Bakışlarımın nasıl gel diye haykırdığını

Gözlerimden, belli oluyor seni sevdiğim
Ellerimin aradığı ellerindir geceler boyu

Mümkün değil, bu sevgiyi bıçaklayamam ki

Ne yapsam, dolmuşum artık, saklayamam ki

Ellerimden belli oluyor seni sevdiğim
Nasıl bekliyorum özlemle, görüyor musun?

El ayak çekilsin, sonsuz bir gece gel

Tarama saçlarını, öylece gel

Dudaklarımdan belli oluyor seni sevdiğim
Başka yangınlara benzemez bu yangın, sönmez

Bir şey var her yerimi tutuşturan yakan

Bu sensizlikte sebil çeşmeler misali akan

Göz yaslarımdan belli oluyor seni sevdiğim
Sevgilerin en ölmezini sana sakladım, gel

Simdi denizler en mavi, ormanlar en yeşil

Seninle olayım da dünya umurumda değil

Dinle; kalbimin vurusundan belli oluyor seni sevdiğim

 Ümit Yaşar Oğuzcan

Kayıt Tarihi : 28.8.2000 20:32:00",,,,Belirsiz,121
267,Seven Bir Kadın İçin Sone,https://www.antoloji.com/seven-bir-kadin-icin-sone-siiri/,"Siz ne zaman sevdiyseniz çaresizlik vardı

Bir karanlıktı basan içinizi aşkla beraber

Sevince her yeriniz bir humma ateşiyle yanardı

Sonra gözlerinizde yaş, alnınızda ter
Onu severdiniz bilirim ama gidemezdiniz ki

Sizin gibi niceleri sevip gidemediler

İste ümitsiz askınızın şahidi

Dişlediğiniz yastıklar, kirdiniz kadehler
Ve sizi o keder güzelleştirdi o keder

O isyan etmeler Tanrıya, o içinizdeki kırıklık

O sabahlara dek ağladığınız geceler
Bütün kadınlığınızla aşkın üstündesiniz artık

O içinizdeki fırtınalar da gelir geçer

Siz de bir gün dersiniz - sevmek yalanmış meğer.

 Ümit Yaşar Oğuzcan

Kayıt Tarihi : 28.8.2000 20:35:00",,,,Belirsiz,90
268,Seven Bir Kadın İçin Sone,https://www.antoloji.com/seven-bir-kadin-icin-sone-siiri/?siralama=p,"Siz ne zaman sevdiyseniz çaresizlik vardı

Bir karanlıktı basan içinizi aşkla beraber

Sevince her yeriniz bir humma ateşiyle yanardı

Sonra gözlerinizde yaş, alnınızda ter
Onu severdiniz bilirim ama gidemezdiniz ki

Sizin gibi niceleri sevip gidemediler

İste ümitsiz askınızın şahidi

Dişlediğiniz yastıklar, kirdiniz kadehler
Ve sizi o keder güzelleştirdi o keder

O isyan etmeler Tanrıya, o içinizdeki kırıklık

O sabahlara dek ağladığınız geceler
Bütün kadınlığınızla aşkın üstündesiniz artık

O içinizdeki fırtınalar da gelir geçer

Siz de bir gün dersiniz - sevmek yalanmış meğer.

 Ümit Yaşar Oğuzcan

Kayıt Tarihi : 28.8.2000 20:35:00",,,,Belirsiz,90
269,Sevilmiş,https://www.antoloji.com/sevilmis-siiri/,"Düşün, nice günler gececek aradan

Nice yıllar gececek, düşün

Farkında bile olmayacaksın

Nasıl bir girdaba düstüğümüzün

Altın sarısı sacların akpak olacak

İnce, beyaz ellerin nasır nasır

Göreceksin zaman nasıl soldurur insani

Nasıl birdenbire ihtiyarlatır

Hatıralar sızlayacak kalbinde

Bir yara gibi derinden derinden

Birkac sararmış kağıt, bir eski resim

Kalırsa ne mutlu bu aşk günlerinden

Bileceksin ki geçmiş sevgilerdir

Her akşam güneşle batan

O çağda aylar ve mevsimler birer işaret

İnsana ölümü hatırlatan

Uyanıp bir gece uykunun en tatlı 

yerinde

'Rüyalarıma giren kim?' diyeceksin

İşte o zaman belki beni hatırlayıp

'Sevildim, sevildim' diyeceksin.

 Ümit Yaşar Oğuzcan

Kayıt Tarihi : 19.2.2001 21:28:00",,,,Belirsiz,100
270,Sevilmiş,https://www.antoloji.com/sevilmis-siiri/?siralama=p,"Düşün, nice günler gececek aradan

Nice yıllar gececek, düşün

Farkında bile olmayacaksın

Nasıl bir girdaba düstüğümüzün

Altın sarısı sacların akpak olacak

İnce, beyaz ellerin nasır nasır

Göreceksin zaman nasıl soldurur insani

Nasıl birdenbire ihtiyarlatır

Hatıralar sızlayacak kalbinde

Bir yara gibi derinden derinden

Birkac sararmış kağıt, bir eski resim

Kalırsa ne mutlu bu aşk günlerinden

Bileceksin ki geçmiş sevgilerdir

Her akşam güneşle batan

O çağda aylar ve mevsimler birer işaret

İnsana ölümü hatırlatan

Uyanıp bir gece uykunun en tatlı 

yerinde

'Rüyalarıma giren kim?' diyeceksin

İşte o zaman belki beni hatırlayıp

'Sevildim, sevildim' diyeceksin.

 Ümit Yaşar Oğuzcan

Kayıt Tarihi : 19.2.2001 21:28:00",,,,Belirsiz,100
271,Senden Öncesi Yoktu,https://www.antoloji.com/senden-oncesi-yoktu-siiri/,"Bütün bu sürekli arayışlar neden bilir misin

Neden bu durup isyan etmeler Allaha

Bu aldanmalar, yıkılmalar, bu sonsuz çalkanış

Hep sana yaklaşmak için, biraz daha biraz daha

Seni bulmak yılgın, yıkık gecelerden sonra

Sana çıkmak merdivenlerden nefes nefes

Belki ben yalnız senin güzelliğinde çirkinim

Hiç solmasa güzelliğin, böyle hiç bitmese

Yanmak var sana yaklaştıkça biliyorum

Yok olmak var, kahrolmak var, kul olmak var

Öyle bakma gözlerime bakma artık oluyorum

Yasamanın ta kendisi oysa bu ölmek değil

Gözlerim gözlerinden başkasını unuttu

Sen yoksan o yokluktur, senden öncesi yoktu.

 Ümit Yaşar Oğuzcan

Kayıt Tarihi : 28.8.2000 20:23:00",,,,Belirsiz,95
272,Senden Öncesi Yoktu,https://www.antoloji.com/senden-oncesi-yoktu-siiri/?siralama=p,"Bütün bu sürekli arayışlar neden bilir misin

Neden bu durup isyan etmeler Allaha

Bu aldanmalar, yıkılmalar, bu sonsuz çalkanış

Hep sana yaklaşmak için, biraz daha biraz daha

Seni bulmak yılgın, yıkık gecelerden sonra

Sana çıkmak merdivenlerden nefes nefes

Belki ben yalnız senin güzelliğinde çirkinim

Hiç solmasa güzelliğin, böyle hiç bitmese

Yanmak var sana yaklaştıkça biliyorum

Yok olmak var, kahrolmak var, kul olmak var

Öyle bakma gözlerime bakma artık oluyorum

Yasamanın ta kendisi oysa bu ölmek değil

Gözlerim gözlerinden başkasını unuttu

Sen yoksan o yokluktur, senden öncesi yoktu.

 Ümit Yaşar Oğuzcan

Kayıt Tarihi : 28.8.2000 20:23:00",,,,Belirsiz,95
273,Yalnızlığa Çağrı,https://www.antoloji.com/yalnizliga-cagri-siiri/,"Namusum üzerine yemin ederim 

Bu şehri bu evleri bu sokakları sevmiyorum 

Tiksiniyorum bu iğrenç kalabalıktan 

Yalnızlığı özlüyorum 
Yalnızlıkta sen varsın 

Dilediğim gibi düşünebiliyorum seni 

Bir ayna karşısında soyunuyorsun çırılçıplak 

Dudaklarından öpüyorum 
Kapatıyorum gözlerimi yağmur yağıyor 

Bir bulut görüyorum sana benzeyen 

Sevinçten ürperiyorum 
Yalnızlıktan bütün teselliler yalnızlıkta 

Hoşça kalın sokaklar, caddeler, insanlar 

İşte başımı aldım gidiyorum.

 Ümit Yaşar Oğuzcan

Kayıt Tarihi : 4.1.2001 14:42:00",,,,Belirsiz,63
274,Yalnızlığa Çağrı,https://www.antoloji.com/yalnizliga-cagri-siiri/?siralama=p,"Namusum üzerine yemin ederim 

Bu şehri bu evleri bu sokakları sevmiyorum 

Tiksiniyorum bu iğrenç kalabalıktan 

Yalnızlığı özlüyorum 
Yalnızlıkta sen varsın 

Dilediğim gibi düşünebiliyorum seni 

Bir ayna karşısında soyunuyorsun çırılçıplak 

Dudaklarından öpüyorum 
Kapatıyorum gözlerimi yağmur yağıyor 

Bir bulut görüyorum sana benzeyen 

Sevinçten ürperiyorum 
Yalnızlıktan bütün teselliler yalnızlıkta 

Hoşça kalın sokaklar, caddeler, insanlar 

İşte başımı aldım gidiyorum.

 Ümit Yaşar Oğuzcan

Kayıt Tarihi : 4.1.2001 14:42:00",,,,Belirsiz,63
275,Mektup - II,https://www.antoloji.com/mektup-ii-siiri/,"Biliyor musun

Senden ayrılalı sakal bıraktım

Zamanının akısına koyuverdim kendimi

Gömleklerim kolalı değil artık

Pantolonumun ütülü değil

Ayakkabım boyalı değil

Öylesine değiştim ki

Görsen tanıyamasın

Sabahları gün doğarken kalkıyorum

İlk isim bir sigara yakmak oluyor

Ve bir sure denizin hışırtısını dinliyorum

Sonra, apansız sen geliyorsun aklıma

Gözlerin, dudakların, ellerin geliyor

Simdi nerdesin kim bilir

Yatağında uyuyor olmalısın

Artık beni görme rüyalarında

Korkarsın.

Mevsim sonbahar malum ya

Serde de kor olası sairlik var

Boyuna hüzünlü şeyler düşünüyorum

Ağaçların yaprakları dökülmeğe başladı

Keskin poyrazlar esiyor kuzeyden

Kuşlar durmadan göç ediyor

Ara sıra düsenler oluyor yorgun ya da yaralı

Tutup okşuyorum tüylerini, gagalarından öpüyorum

Ve diyorum ki

Sana kavuşmak için bir göçmen kus olmalı

İste böyle

Günler, haftalar geçip gidiveriyor

Sacım, sakalım birbirine karıştı

Yine de her gecen gün

Kendime biraz daha alışıyorum

Ve biliyor musun

Unutamayacağımı bile

Seni unutmaya çalışıyorum...

 Ümit Yaşar Oğuzcan

Kayıt Tarihi : 28.8.2000 19:57:00",,,,Belirsiz,146
276,Mektup - II,https://www.antoloji.com/mektup-ii-siiri/?siralama=p,"Biliyor musun

Senden ayrılalı sakal bıraktım

Zamanının akısına koyuverdim kendimi

Gömleklerim kolalı değil artık

Pantolonumun ütülü değil

Ayakkabım boyalı değil

Öylesine değiştim ki

Görsen tanıyamasın

Sabahları gün doğarken kalkıyorum

İlk isim bir sigara yakmak oluyor

Ve bir sure denizin hışırtısını dinliyorum

Sonra, apansız sen geliyorsun aklıma

Gözlerin, dudakların, ellerin geliyor

Simdi nerdesin kim bilir

Yatağında uyuyor olmalısın

Artık beni görme rüyalarında

Korkarsın.

Mevsim sonbahar malum ya

Serde de kor olası sairlik var

Boyuna hüzünlü şeyler düşünüyorum

Ağaçların yaprakları dökülmeğe başladı

Keskin poyrazlar esiyor kuzeyden

Kuşlar durmadan göç ediyor

Ara sıra düsenler oluyor yorgun ya da yaralı

Tutup okşuyorum tüylerini, gagalarından öpüyorum

Ve diyorum ki

Sana kavuşmak için bir göçmen kus olmalı

İste böyle

Günler, haftalar geçip gidiveriyor

Sacım, sakalım birbirine karıştı

Yine de her gecen gün

Kendime biraz daha alışıyorum

Ve biliyor musun

Unutamayacağımı bile

Seni unutmaya çalışıyorum...

 Ümit Yaşar Oğuzcan

Kayıt Tarihi : 28.8.2000 19:57:00",,,,Belirsiz,146
277,Soyunan Kadın,https://www.antoloji.com/soyunan-kadin-siiri/,"Sıyrıldı bütün örtülerden

Bir güneş doğdu karşımızda

Duyduk teninin sıcaklığını

Hoyrat avuçlarımızda
Saatler durdu kahrından

Paramparça oldu aynalar

Soyundu, bütün vücudu

Taş kesilinceye kadar
Kamaşan gözlerimizle içtik

Yudum yudum aydınlığını

Bir kadın susuz dudaklarımızda

Sebil etti kadınlığını...

 Ümit Yaşar Oğuzcan

Kayıt Tarihi : 21.3.2001 22:18:00",,,,Belirsiz,45
278,Soyunan Kadın,https://www.antoloji.com/soyunan-kadin-siiri/?siralama=p,"Sıyrıldı bütün örtülerden

Bir güneş doğdu karşımızda

Duyduk teninin sıcaklığını

Hoyrat avuçlarımızda
Saatler durdu kahrından

Paramparça oldu aynalar

Soyundu, bütün vücudu

Taş kesilinceye kadar
Kamaşan gözlerimizle içtik

Yudum yudum aydınlığını

Bir kadın susuz dudaklarımızda

Sebil etti kadınlığını...

 Ümit Yaşar Oğuzcan

Kayıt Tarihi : 21.3.2001 22:18:00",,,,Belirsiz,45
279,Denize Kavuşan Nehir,https://www.antoloji.com/denize-kavusan-nehir-siiri/,"Sen üzerinde nice şafakların söktüğü

Sevgi denizlerime akan büyük nehir

Sen biraz ışık, biraz tılsım, biraz büyü

Sen yıllardır yazıp bitiremediğim şiir
Durmadan bir gül açar ellerinde pembe

Sen nefes alışı en bakir güzelliğin

Gözlerin midir parlayan gökyüzünde

Bir güneş doğarcasına geceleyin
Ne zaman seni düşünsem yaşamak güzel

Bir bahar bahçesi olur güz bahçeleri

En karanlıklarda bile uzanır bir el

Kendiliğinden açar sabaha perdeleri
Sen varsan dallarda kuşlar memnun

Tüm çiçeklerin rengi değişik, kokusu başka

Öylesine gerçek ki var olduğun

Çarpar güzelliğin kıyılarıma dalga dalga
Tutsam ellerini içim ürperir hazdan

Başım döner gözlerin gözlerime değse

Kalan tek hatıradır gülüşün bir yazdan

Yokluğun da odur senin ölmek neyse
Sen bastığın yerde çiçeklerin büyüdüğü

Her zaman en güzel, her yerde eşsiz

Sen yaprak, sen köpük, sen kuş tüyü

Sen sevgi nehirlerimin aktığı büyük deniz

 Ümit Yaşar Oğuzcan

Kayıt Tarihi : 28.1.2002 05:23:00",,,,Belirsiz,140
280,Denize Kavuşan Nehir,https://www.antoloji.com/denize-kavusan-nehir-siiri/?siralama=p,"Sen üzerinde nice şafakların söktüğü

Sevgi denizlerime akan büyük nehir

Sen biraz ışık, biraz tılsım, biraz büyü

Sen yıllardır yazıp bitiremediğim şiir
Durmadan bir gül açar ellerinde pembe

Sen nefes alışı en bakir güzelliğin

Gözlerin midir parlayan gökyüzünde

Bir güneş doğarcasına geceleyin
Ne zaman seni düşünsem yaşamak güzel

Bir bahar bahçesi olur güz bahçeleri

En karanlıklarda bile uzanır bir el

Kendiliğinden açar sabaha perdeleri
Sen varsan dallarda kuşlar memnun

Tüm çiçeklerin rengi değişik, kokusu başka

Öylesine gerçek ki var olduğun

Çarpar güzelliğin kıyılarıma dalga dalga
Tutsam ellerini içim ürperir hazdan

Başım döner gözlerin gözlerime değse

Kalan tek hatıradır gülüşün bir yazdan

Yokluğun da odur senin ölmek neyse
Sen bastığın yerde çiçeklerin büyüdüğü

Her zaman en güzel, her yerde eşsiz

Sen yaprak, sen köpük, sen kuş tüyü

Sen sevgi nehirlerimin aktığı büyük deniz

 Ümit Yaşar Oğuzcan

Kayıt Tarihi : 28.1.2002 05:23:00",,,,Belirsiz,140
281,Temenni,https://www.antoloji.com/temenni-3-siiri/,"Bir gül olmak isterdim koparılmak pahasına, 

Bir buket içinde sana sunulan...
Bakışların, nefesin okşardı yapraklarımı ama, 

Yeterdi bana yüzündeki bir tebessüm...
Koklanmak isterdim bütünleşmek için ruhunla, 

Sevgimle dağılırdım tüm benliğine...
'Güllerin ömrü kısa olurmuş' kime ne, 

Koklanmak, okşanmak varken senin gibisine...
Ben zaten göze almışım solup gitmeyi, 

Senin elinde, senin yakanda gülümsemeyi...

 Ümit Yaşar Oğuzcan

Kayıt Tarihi : 5.5.2002 15:06:00",,,,Belirsiz,60
282,Temenni,https://www.antoloji.com/temenni-3-siiri/?siralama=p,"Bir gül olmak isterdim koparılmak pahasına, 

Bir buket içinde sana sunulan...
Bakışların, nefesin okşardı yapraklarımı ama, 

Yeterdi bana yüzündeki bir tebessüm...
Koklanmak isterdim bütünleşmek için ruhunla, 

Sevgimle dağılırdım tüm benliğine...
'Güllerin ömrü kısa olurmuş' kime ne, 

Koklanmak, okşanmak varken senin gibisine...
Ben zaten göze almışım solup gitmeyi, 

Senin elinde, senin yakanda gülümsemeyi...

 Ümit Yaşar Oğuzcan

Kayıt Tarihi : 5.5.2002 15:06:00",,,,Belirsiz,60
283,Paramparça İnsanlığımız,https://www.antoloji.com/paramparca-insanligimiz-siiri/,"sevgilerimizi söyleyemez olduk

göremez olduk nice güzellikleri

yalanı öğrendik

utanmayı öğrendik

inandık sonraları

bütün yaratıklardan üstün olduğumuza

büyük zekamız

önce kafesi,zinciri,zulmü icat etti;

iyilik güzellik ve doğruluk adına

hiçbir şey kalmadı inandığımız

aradan bin yıllar geçip

atom parçalanıncaya kadar

zaten paramparça olmuştu insanlığımız..!

 Ümit Yaşar Oğuzcan

Kayıt Tarihi : 4.6.2001 14:50:00",,,,Belirsiz,51
284,Paramparça İnsanlığımız,https://www.antoloji.com/paramparca-insanligimiz-siiri/?siralama=p,"sevgilerimizi söyleyemez olduk

göremez olduk nice güzellikleri

yalanı öğrendik

utanmayı öğrendik

inandık sonraları

bütün yaratıklardan üstün olduğumuza

büyük zekamız

önce kafesi,zinciri,zulmü icat etti;

iyilik güzellik ve doğruluk adına

hiçbir şey kalmadı inandığımız

aradan bin yıllar geçip

atom parçalanıncaya kadar

zaten paramparça olmuştu insanlığımız..!

 Ümit Yaşar Oğuzcan

Kayıt Tarihi : 4.6.2001 14:50:00",,,,Belirsiz,51
285,Benim Korkum Ölüm Değil,https://www.antoloji.com/benim-korkum-olum-degil-siiri/,"Geçen gün senin yanında aklıma ölümüm geldi

Sensizlik bir mızrak gibi saplandı kalbime

O son anı hatırladım, o seni koyup gidişimi

İlk defa bu kadar üzüldüm dünyaya geldiğime
Ölüm! Kaçınılmaz sonuç, o soğuk kelime

Bir gün ucuz bir fahişe gibi koynuma girecek

Yüzümde gezinecek pis ve iğrenç elleri

Korkudan büyümüş gözlerimde hayaller can verecek
Biliyorum, üzüleceksin, ama ölüm bir gerçek

Bir yerde sevişmek gibi, bir yerde yaşamak gibi

Ne hazin sıcaklığımızın bizi terketmesi

Ve yüzümüze birbiri ardınca kapanan kapılar
Er geç uzanır bir el, son kampanayı çalar

Anlarız kaçınılmaz anın geldiğini

Şehre bir bomba düşmüş gibi aynalar, camlar kırılır

İnsan arar da bir türlü bulamaz güzelliğini
Kimse benim kadar bilemez ölümün rezilliğini

Seni koyup gitmenin hüznünü ben anlarım

Çünkü ben sende buldum kendimi, sende sevdim

Senin yanında seninle değerlendi zamanlarım
Ne acı gün kadehlerin boş kalması, şarkıların yarım

Mevsimlerin birbiri ardınca bir anda bitivermesi

Ansızın toprakla dolması gözlerimizin

Kanımıza o çirkin böceklerin girmesi
Kimbilir ölüm bir çilenin sona ermesi

Belki güzeldir, şu sefil dünyaya boş gözlerle bakmak

Ne çare ki sen varsın, o dünyada sen varsın

Benim korkum ölüm değil, seni yalnız bırakmak

 Ümit Yaşar Oğuzcan

Kayıt Tarihi : 23.3.2002 00:27:00",,,,Belirsiz,191
286,Benim Korkum Ölüm Değil,https://www.antoloji.com/benim-korkum-olum-degil-siiri/?siralama=p,"Geçen gün senin yanında aklıma ölümüm geldi

Sensizlik bir mızrak gibi saplandı kalbime

O son anı hatırladım, o seni koyup gidişimi

İlk defa bu kadar üzüldüm dünyaya geldiğime
Ölüm! Kaçınılmaz sonuç, o soğuk kelime

Bir gün ucuz bir fahişe gibi koynuma girecek

Yüzümde gezinecek pis ve iğrenç elleri

Korkudan büyümüş gözlerimde hayaller can verecek
Biliyorum, üzüleceksin, ama ölüm bir gerçek

Bir yerde sevişmek gibi, bir yerde yaşamak gibi

Ne hazin sıcaklığımızın bizi terketmesi

Ve yüzümüze birbiri ardınca kapanan kapılar
Er geç uzanır bir el, son kampanayı çalar

Anlarız kaçınılmaz anın geldiğini

Şehre bir bomba düşmüş gibi aynalar, camlar kırılır

İnsan arar da bir türlü bulamaz güzelliğini
Kimse benim kadar bilemez ölümün rezilliğini

Seni koyup gitmenin hüznünü ben anlarım

Çünkü ben sende buldum kendimi, sende sevdim

Senin yanında seninle değerlendi zamanlarım
Ne acı gün kadehlerin boş kalması, şarkıların yarım

Mevsimlerin birbiri ardınca bir anda bitivermesi

Ansızın toprakla dolması gözlerimizin

Kanımıza o çirkin böceklerin girmesi
Kimbilir ölüm bir çilenin sona ermesi

Belki güzeldir, şu sefil dünyaya boş gözlerle bakmak

Ne çare ki sen varsın, o dünyada sen varsın

Benim korkum ölüm değil, seni yalnız bırakmak

 Ümit Yaşar Oğuzcan

Kayıt Tarihi : 23.3.2002 00:27:00",,,,Belirsiz,191
287,Yoklukta Bir Adam,https://www.antoloji.com/yoklukta-bir-adam-siiri/,"Büyüdü gözleri büyüdü 

Yuvarlandı boşluktan 

Bir duvar çöktü ansızın 

Bir ayna parçalandı 

Bir adam çıldırdı yokluktan 
Elleri vardı damar damar 

Parmakları vardı ince uzun 

Saçları vardı okşanmamış 

Dudakları vardı öpülmemiş 

Gözleri vardı mahzun. 
Bir böcek girdi kafatasına 

Kemirdi ümitlerini bütün 

Beklemekten çatladı dudakları 

Uzattı ellerini var olmaktan öteye 

Duydu çağrışını ölümsüzlüğün. 
Nasırlı ayaklarına prangalar 

Ak ellerine zincirler vuruldu 

Bir rüzgar esti karlı dağlardan 

Üç mızrak boyu yükseldi güneş 

Bir adam vardı aramızda, yok oldu.

 Ümit Yaşar Oğuzcan

Kayıt Tarihi : 15.12.2000 12:39:00",,,,Belirsiz,82
288,Yoklukta Bir Adam,https://www.antoloji.com/yoklukta-bir-adam-siiri/?siralama=p,"Büyüdü gözleri büyüdü 

Yuvarlandı boşluktan 

Bir duvar çöktü ansızın 

Bir ayna parçalandı 

Bir adam çıldırdı yokluktan 
Elleri vardı damar damar 

Parmakları vardı ince uzun 

Saçları vardı okşanmamış 

Dudakları vardı öpülmemiş 

Gözleri vardı mahzun. 
Bir böcek girdi kafatasına 

Kemirdi ümitlerini bütün 

Beklemekten çatladı dudakları 

Uzattı ellerini var olmaktan öteye 

Duydu çağrışını ölümsüzlüğün. 
Nasırlı ayaklarına prangalar 

Ak ellerine zincirler vuruldu 

Bir rüzgar esti karlı dağlardan 

Üç mızrak boyu yükseldi güneş 

Bir adam vardı aramızda, yok oldu.

 Ümit Yaşar Oğuzcan

Kayıt Tarihi : 15.12.2000 12:39:00",,,,Belirsiz,82
289,Sensiz Olmak,https://www.antoloji.com/sensiz-olmak-siiri/,"nerde o denizim benim, lekesiz gökyüzüm?

hani o içtikce susuzlugumu arttıran çeşme?

kim götürdü bakışlarımı, ne oldu gözlerime?

hani benim ellerim, ayaklarım, saçlarım, yüzüm?
bu ben degilim besbelli, bu bir başkası!

gözlerim yabancı bakıyor gözlerime aynadan

o kim? böyle durup durup beni aldatan?

besbelli bir oyuna gelmişim açıkcası
birini sevmişim besbelli, beni koyup gitmiş,

ondan şimdi aradıgım hep o, hep ben!

o ikisi kırmış beni, yıkmış , incitmiş
şimdi bilmedigim bir şarki her yerde söylenen;

sevinçten , mutluluktan , sevgiden uzak.

ne acı! senin olmak , sende olmak , sensiz olmak!

 Ümit Yaşar Oğuzcan

Kayıt Tarihi : 11.8.2000 15:40:00",,,,Belirsiz,99
290,Sensiz Olmak,https://www.antoloji.com/sensiz-olmak-siiri/?siralama=p,"nerde o denizim benim, lekesiz gökyüzüm?

hani o içtikce susuzlugumu arttıran çeşme?

kim götürdü bakışlarımı, ne oldu gözlerime?

hani benim ellerim, ayaklarım, saçlarım, yüzüm?
bu ben degilim besbelli, bu bir başkası!

gözlerim yabancı bakıyor gözlerime aynadan

o kim? böyle durup durup beni aldatan?

besbelli bir oyuna gelmişim açıkcası
birini sevmişim besbelli, beni koyup gitmiş,

ondan şimdi aradıgım hep o, hep ben!

o ikisi kırmış beni, yıkmış , incitmiş
şimdi bilmedigim bir şarki her yerde söylenen;

sevinçten , mutluluktan , sevgiden uzak.

ne acı! senin olmak , sende olmak , sensiz olmak!

 Ümit Yaşar Oğuzcan

Kayıt Tarihi : 11.8.2000 15:40:00",,,,Belirsiz,99
291,Deniz Musikisi,https://www.antoloji.com/deniz-musikisi-siiri/,"Ey! Üzerinde yıllar vadedilmiş

Mavilikler ortasında ada

Bu sonbahar günü ruhumda geniş

Ve karanlık hatıran canlanmada
Bu ürkek, sakin sonbahar akşamı

Denizlere doğru taşıyor ruhum

Denizler doldurmuş bütün dünyamı

Sana denizlerden sesleniyorum
Ben denizlere aşinayım artık

Yabancım değil deniz musikisi

İlk aşk kadar temiz bu aşinalık

Deniz sevgililerin en iyisi
Deniz insanlarının hepsi cömert

Denizler, denizler doldurdu beni

Denizler mavi, denizler lacivert

Deniz insanlarının gönlü gani
Denizlerin beyaz gemileri var

Dağlar misali heybetli küpeşte

Işıkla, nurla yoğrulmuş dalgalar

Deniz insanları yanmış güneşte
Anlıyorum köpüklerin dilinden

Onlar ki sonsuzluğa gönül vermiş

Martılar bir kıtanın sahilinden

Bambaşka bir kıtaya kanat germiş
Dalgalar... Dalgalar... Dalgalardan yüce

Bulutlardan beyaz ve hür dalgalar

Benim avare ve mahzun gönlümce

Zamanla beraber yürür dalgalar
Her saat benimle beraber deniz

Keskin poyrazları içime dolar

Söyleyin, söyleyin neredesiniz

İyi yürekli tayfalar, muçolar
Sana geliyorum deniz, beni sar

İçimde mesafelerin korkusu

Renkten besteler, köpükten çalgılar

Ey emsalsiz musiki! Ey tuzlu su! 
Gönlüm maviliğin sonsuzluğunda

Düşüncem deniz kenarına gider

Gemiler görürüm deniz ufkunda

Yelkenleri alev alev gemiler
Ey neşeli ve bahtiyar tayfalar! 

Deniz şarkısı söyleyin bana

Kapansın şu hasret dolu sayfalar

Giderim bir limandan bir limana
Rüyalar gibi deniz yolculuğu

Güneşle beraber çıkılır yola

Bir türkü tutturur deniz çocuğu

'Heyamola, dalgalar heyamola! '
Her akşam düşsün gözbebeklerime

Masmavi denizlerin aydınlığı

Dövmeler işletip bileklerime

Söyleyeceğim bu mavi şarkıyı
Bütün şehirleriniz sizin olsun

Ben aşığım dalgaların sesine

Taparcasına, ölürcesine

İçimde ne varsa denizin olsun

 Ümit Yaşar Oğuzcan

Kayıt Tarihi : 28.1.2002 05:19:00",,Deniz Musikisi,1949.0,Erken Dönem (1947–1962),239
292,Deniz Musikisi,https://www.antoloji.com/deniz-musikisi-siiri/?siralama=p,"Ey! Üzerinde yıllar vadedilmiş

Mavilikler ortasında ada

Bu sonbahar günü ruhumda geniş

Ve karanlık hatıran canlanmada
Bu ürkek, sakin sonbahar akşamı

Denizlere doğru taşıyor ruhum

Denizler doldurmuş bütün dünyamı

Sana denizlerden sesleniyorum
Ben denizlere aşinayım artık

Yabancım değil deniz musikisi

İlk aşk kadar temiz bu aşinalık

Deniz sevgililerin en iyisi
Deniz insanlarının hepsi cömert

Denizler, denizler doldurdu beni

Denizler mavi, denizler lacivert

Deniz insanlarının gönlü gani
Denizlerin beyaz gemileri var

Dağlar misali heybetli küpeşte

Işıkla, nurla yoğrulmuş dalgalar

Deniz insanları yanmış güneşte
Anlıyorum köpüklerin dilinden

Onlar ki sonsuzluğa gönül vermiş

Martılar bir kıtanın sahilinden

Bambaşka bir kıtaya kanat germiş
Dalgalar... Dalgalar... Dalgalardan yüce

Bulutlardan beyaz ve hür dalgalar

Benim avare ve mahzun gönlümce

Zamanla beraber yürür dalgalar
Her saat benimle beraber deniz

Keskin poyrazları içime dolar

Söyleyin, söyleyin neredesiniz

İyi yürekli tayfalar, muçolar
Sana geliyorum deniz, beni sar

İçimde mesafelerin korkusu

Renkten besteler, köpükten çalgılar

Ey emsalsiz musiki! Ey tuzlu su! 
Gönlüm maviliğin sonsuzluğunda

Düşüncem deniz kenarına gider

Gemiler görürüm deniz ufkunda

Yelkenleri alev alev gemiler
Ey neşeli ve bahtiyar tayfalar! 

Deniz şarkısı söyleyin bana

Kapansın şu hasret dolu sayfalar

Giderim bir limandan bir limana
Rüyalar gibi deniz yolculuğu

Güneşle beraber çıkılır yola

Bir türkü tutturur deniz çocuğu

'Heyamola, dalgalar heyamola! '
Her akşam düşsün gözbebeklerime

Masmavi denizlerin aydınlığı

Dövmeler işletip bileklerime

Söyleyeceğim bu mavi şarkıyı
Bütün şehirleriniz sizin olsun

Ben aşığım dalgaların sesine

Taparcasına, ölürcesine

İçimde ne varsa denizin olsun

 Ümit Yaşar Oğuzcan

Kayıt Tarihi : 28.1.2002 05:19:00",,Deniz Musikisi,1949.0,Erken Dönem (1947–1962),239
293,Biz Kardeş Değiliz,https://www.antoloji.com/biz-kardes-degiliz-siiri/,"Tanrının bıraktığı yerden biz başlayalım

 Üç milyar insanın yarısını sen öldür yarısını ben

 Üç kişi kalsak yetişir yeryüzünde

 Yaklaş bana 

 Seninle kardeş değiliz
 Hüzünle karışık sevinçlerinden kurtul artık

 Arzuların o belli belirsiz sıcaklığını sev

 Biliyorsun

 Önce Tanrı insanı yarattı 

 Sonra insan sevgiyi

 Ne yapsak boş

 Ne kadar çabalasak faydasız

 Geriye dönemeyiz

 Olanlar oldun iş işten geçti

 Çamurumuza sevgi karışmış bi kere
 Kim bu şarkıları söyleyen

 Karcığar faslından düm tek üzere

 Aklım bir yere erişti durdu

 Susun 

 Şimdi üçgenlerle oynuyorum

 Kaldırın bu daireleri

 Bir model kız geldi soyundu karşımda

 Saçlarından üç fırça yaptım

 Üç tüp boyam vardı

 Veronez yeşili zümrüt yeşili krom yeşili

 Hepsini kattım birbirine

 Senin yeşilini buldum

 Senin yeşilinde orkestralar Debussy'den çalıyordu

 Senin yeşilinde unuttum siyahlığımı
 Bu deli eden uğultu nerden geliyor

 Kim kırdı bu aynaları

 Toplayın yüzümüzü görelim

 Çirkin değiliz artık

 Bir kapı açıldı önümüzde ölümsüzlüğe

 Güzeliz

 Sabahlar bizimle dolu 

 Işık diyordun al işte 

 Kör kuyular kadar ışıdı yeryüzü

 Renk diyordun al işte bak

 Çarşılar dolusu kırmızı

 Süt beyazından geceler

 Sarı güneşler ortasında turuncu bir gün

 Yitirilmiş saadetlerin bahçesinde mor çiçekler
 Kardeş değiliz diyorum inanmıyorsun

 Yalan bunca faziletler yalan

 Bizi bu ciğeri beş para etmez insanlar mahvediyor

 Aldırma diyorum sana

 Dünya ikimiz için yaratıldı

 Üç milyar insan iş olsun diye geldi yeryüzüne
 Verdiğin her kederin yüreğimde yeri var

 Hangi kitabı açtıysam seni okudum yıllardır

 Hangi aynaya baktıysam seni gördüm

 Gel desen gelemem

 Git desen gidemem

 Öl desen kanım akmaz

 Anladım artık seni sevmek yüce bir şey

 Anladım seni sevmek Tanrı'ya yaklaşmak gibi
 İnsanlar içinde bir sana inandım

 Bir seni sevdim kendimden başka

 Uykularımın bölündüğü saatlerde

 Sendin düşündüğüm soluk soluk

 Sivri bıçaklar gibiydin karanlığımda

 Gözümü yumsam seni görüyordum

 Oynak türkülere benziyen yürüyüşünle

 Sen çıkıyordun karşıma

 Karanlığımda

 İki yıldızdı ellerin görülmedik

 Karanlığımda

 Bir orman yangınıydı dudakların
 İstesen hayat verirdim bu karanlıklara

 İstesen gökyüzünü bir mendil gibi yırtardım

 Denizlerden göllerden nehirlerden 

 Sana görmediğin renkler yaratırdım

 Zamanın ötesinde

 Yeni bir dünya kurardım sana

 İnsansız Tanrısız kedersiz

 Severdin 

 Dağ rüzgarlarının serinliğince

 Yaşardın 

 Bu sefil dünyamızdan uzak
 Bir yanıp bir sönen ışıklar gibiyim

 Yumruk kadar yüreğimde sen varsın

 Kutsal kederler içinde seninleyim artık

 Sarı badanalı evlerde başbaşayız

 Bütün duvarlara gölgen vurmuş

 Kokun sinmiş bütün perdelere 

 Kapılarda parmakların beyaz beyaz

 Sokaklarda ayaklarının izi 

 Ben bu sokaklarda ölsem 

 Kaldırımlar çekmez ağırlığımı

 Söylesem aşkımı asırlar boyunca 

 Bu iki yüzlü insanlar anlamaz beni
 Desem ki yeryüzüne beş peygamber geldi 

 Beşincisi sensin

 Desem ki iki kişi kaldık dünyada

 İkincisi sensin

 Desem ki birisi var yeri göğü var eden 

 O da sen olurdun

 Sana tapmak için

 Kilden bir heykel yapardım güzelliğince

 Bilsem ki sen Tanrı'dan iyisin

 Bilsem ki Tanrı senden güzel değil
 Senin o kocaman kocaman gözlerin yok mu 

 Nasıl duruyor boşluğunda arzuların anlamıyorum

 Nasıl nasıl bakıyor bana

 Böyle merhametten uzak 

 Git diyorsun

 Nereye gideyim

 Ümitlerim ne olacak

 Bunca şiirleri kim söyleyecek sana

 Kim anlatacak dünyaya sığmayan güzelliğini
 Gitmek mümkün olsa da gitsem uzaklara

 Sevmesem seni bir daha

 Paramparça etsem yüreğimi cam gibi

 Sonra yaksam

 Savursam küllerini karlı dağlardan açık denizlerden

 Yine seni severdim toz toz

 Yine sana tapardım küllerin ağırlığınca
 Bu oksijen gazı olmasa da olurdu

 Ama Beeşoven gelmeseydi dünyaya 

 Seni bu kadar sevemezdim

 İkimizin ortasında o duruyor

 Sağımızda birinci keman 

 Solumuzda ikinci keman

 Karşımızda üçüncü keman

 Sonra orglar flütler kontrbaslar

 Sustur şu orkestrayı Beeşoven 

 Şimdi dokuzuncu senfoninin sırası mı
 Bunca yalnızlıklar bunca yoksulluklar benim işim değil

 Bu çirkinliği ben yaratmadım

 Ne de bu kahpe güzellikleri

 Bende sevmediğin ne varsa senden türedi

 Şu karanlık bakışlar 

 Şu ellerin pisliği

 Şu dudaklarımdan çıkan iğrenç sözler

 Besbelli senin eserin 

 Ne buldumsa sende buldum kötülükten yana

 Ne öğrendimse senden öğrendim 

 Seni sevdikten sonra başladım yaşamağa
 Seni Tanrı yarattıysa beni kim yarattı 

 Bu azabı kim verdi bana

 Çıngıraklı yılanların zehrini içtim

 Balinaların kusmuklarını

 Kükürt kokulu imkansızlıklar içindeyim

 Oysa güzeldim tarihin ilk çağlarında

 Görsen şaşardın

 Öyle aydınlıktım

 Öyle iyiydim

 Kobalt mavileriylr doluydu yüreğim

 Kurşun beyazlarıyla

 Severdin beni

 Midye kabuklarının yeşilliğince
 Sonunda dediğim çıktı işte

 Samanyolundan bir yıldız düştü dünyaya 

 Sinekler gibi eziliverdi insanlar

 Her şey bir anda olup bitti 

 Yapayalnız kaldık 

 Ne radyo-aktivite ne mantar şeklinde bulutlar

 Ne yaşamak sevinci ne ölüm korkusu

 Sonunda üç kişi kaldık dünyada 

 Sen 

 Ben

 Bir de Jiro'nun Lesko'su
 Yine bana bakarken yüzün kızarıyor

 Toplum kurallarından kurtulamadın daha 

 Bütün çayırlar bomboş 

 Görmüyor musun

 Al başını dağlara çık 

 Avaz avaz şarkı söyle sokaklarda

 Bir kibrit çak

 Bütün evler yansın

 Yüzbin yılın öcünü al bu şerefsiz dünyadan

 Sonra kaldır kendini denize at

 Biraz serinle

 Sevebildiğim kadar insanım ben

 On gram arsenik yeter canıma

 Beni düşünme
 Uzan Mistral rüzgarlarının üzerine

 Nünbüs bulutlar geliyor kaç

 Uykumuz bölündü çırılçıplağız

 Kum fırtınaları başladı

 Çin seddinin ötesinde

 Gölgemizi bir Asya şehrinde unuttuk

 Taklamakan çöllerinde kaldı rüyalarımız

 Haydi git

 Yok olduk iki olduğumuz yerde

 Haydi git 

 Bir kalırsak yine var olacağız

 Ümit Yaşar Oğuzcan

Kayıt Tarihi : 25.9.2000 19:08:00",,,,Belirsiz,771
294,Biz Kardeş Değiliz,https://www.antoloji.com/biz-kardes-degiliz-siiri/?siralama=p,"Tanrının bıraktığı yerden biz başlayalım

 Üç milyar insanın yarısını sen öldür yarısını ben

 Üç kişi kalsak yetişir yeryüzünde

 Yaklaş bana 

 Seninle kardeş değiliz
 Hüzünle karışık sevinçlerinden kurtul artık

 Arzuların o belli belirsiz sıcaklığını sev

 Biliyorsun

 Önce Tanrı insanı yarattı 

 Sonra insan sevgiyi

 Ne yapsak boş

 Ne kadar çabalasak faydasız

 Geriye dönemeyiz

 Olanlar oldun iş işten geçti

 Çamurumuza sevgi karışmış bi kere
 Kim bu şarkıları söyleyen

 Karcığar faslından düm tek üzere

 Aklım bir yere erişti durdu

 Susun 

 Şimdi üçgenlerle oynuyorum

 Kaldırın bu daireleri

 Bir model kız geldi soyundu karşımda

 Saçlarından üç fırça yaptım

 Üç tüp boyam vardı

 Veronez yeşili zümrüt yeşili krom yeşili

 Hepsini kattım birbirine

 Senin yeşilini buldum

 Senin yeşilinde orkestralar Debussy'den çalıyordu

 Senin yeşilinde unuttum siyahlığımı
 Bu deli eden uğultu nerden geliyor

 Kim kırdı bu aynaları

 Toplayın yüzümüzü görelim

 Çirkin değiliz artık

 Bir kapı açıldı önümüzde ölümsüzlüğe

 Güzeliz

 Sabahlar bizimle dolu 

 Işık diyordun al işte 

 Kör kuyular kadar ışıdı yeryüzü

 Renk diyordun al işte bak

 Çarşılar dolusu kırmızı

 Süt beyazından geceler

 Sarı güneşler ortasında turuncu bir gün

 Yitirilmiş saadetlerin bahçesinde mor çiçekler
 Kardeş değiliz diyorum inanmıyorsun

 Yalan bunca faziletler yalan

 Bizi bu ciğeri beş para etmez insanlar mahvediyor

 Aldırma diyorum sana

 Dünya ikimiz için yaratıldı

 Üç milyar insan iş olsun diye geldi yeryüzüne
 Verdiğin her kederin yüreğimde yeri var

 Hangi kitabı açtıysam seni okudum yıllardır

 Hangi aynaya baktıysam seni gördüm

 Gel desen gelemem

 Git desen gidemem

 Öl desen kanım akmaz

 Anladım artık seni sevmek yüce bir şey

 Anladım seni sevmek Tanrı'ya yaklaşmak gibi
 İnsanlar içinde bir sana inandım

 Bir seni sevdim kendimden başka

 Uykularımın bölündüğü saatlerde

 Sendin düşündüğüm soluk soluk

 Sivri bıçaklar gibiydin karanlığımda

 Gözümü yumsam seni görüyordum

 Oynak türkülere benziyen yürüyüşünle

 Sen çıkıyordun karşıma

 Karanlığımda

 İki yıldızdı ellerin görülmedik

 Karanlığımda

 Bir orman yangınıydı dudakların
 İstesen hayat verirdim bu karanlıklara

 İstesen gökyüzünü bir mendil gibi yırtardım

 Denizlerden göllerden nehirlerden 

 Sana görmediğin renkler yaratırdım

 Zamanın ötesinde

 Yeni bir dünya kurardım sana

 İnsansız Tanrısız kedersiz

 Severdin 

 Dağ rüzgarlarının serinliğince

 Yaşardın 

 Bu sefil dünyamızdan uzak
 Bir yanıp bir sönen ışıklar gibiyim

 Yumruk kadar yüreğimde sen varsın

 Kutsal kederler içinde seninleyim artık

 Sarı badanalı evlerde başbaşayız

 Bütün duvarlara gölgen vurmuş

 Kokun sinmiş bütün perdelere 

 Kapılarda parmakların beyaz beyaz

 Sokaklarda ayaklarının izi 

 Ben bu sokaklarda ölsem 

 Kaldırımlar çekmez ağırlığımı

 Söylesem aşkımı asırlar boyunca 

 Bu iki yüzlü insanlar anlamaz beni
 Desem ki yeryüzüne beş peygamber geldi 

 Beşincisi sensin

 Desem ki iki kişi kaldık dünyada

 İkincisi sensin

 Desem ki birisi var yeri göğü var eden 

 O da sen olurdun

 Sana tapmak için

 Kilden bir heykel yapardım güzelliğince

 Bilsem ki sen Tanrı'dan iyisin

 Bilsem ki Tanrı senden güzel değil
 Senin o kocaman kocaman gözlerin yok mu 

 Nasıl duruyor boşluğunda arzuların anlamıyorum

 Nasıl nasıl bakıyor bana

 Böyle merhametten uzak 

 Git diyorsun

 Nereye gideyim

 Ümitlerim ne olacak

 Bunca şiirleri kim söyleyecek sana

 Kim anlatacak dünyaya sığmayan güzelliğini
 Gitmek mümkün olsa da gitsem uzaklara

 Sevmesem seni bir daha

 Paramparça etsem yüreğimi cam gibi

 Sonra yaksam

 Savursam küllerini karlı dağlardan açık denizlerden

 Yine seni severdim toz toz

 Yine sana tapardım küllerin ağırlığınca
 Bu oksijen gazı olmasa da olurdu

 Ama Beeşoven gelmeseydi dünyaya 

 Seni bu kadar sevemezdim

 İkimizin ortasında o duruyor

 Sağımızda birinci keman 

 Solumuzda ikinci keman

 Karşımızda üçüncü keman

 Sonra orglar flütler kontrbaslar

 Sustur şu orkestrayı Beeşoven 

 Şimdi dokuzuncu senfoninin sırası mı
 Bunca yalnızlıklar bunca yoksulluklar benim işim değil

 Bu çirkinliği ben yaratmadım

 Ne de bu kahpe güzellikleri

 Bende sevmediğin ne varsa senden türedi

 Şu karanlık bakışlar 

 Şu ellerin pisliği

 Şu dudaklarımdan çıkan iğrenç sözler

 Besbelli senin eserin 

 Ne buldumsa sende buldum kötülükten yana

 Ne öğrendimse senden öğrendim 

 Seni sevdikten sonra başladım yaşamağa
 Seni Tanrı yarattıysa beni kim yarattı 

 Bu azabı kim verdi bana

 Çıngıraklı yılanların zehrini içtim

 Balinaların kusmuklarını

 Kükürt kokulu imkansızlıklar içindeyim

 Oysa güzeldim tarihin ilk çağlarında

 Görsen şaşardın

 Öyle aydınlıktım

 Öyle iyiydim

 Kobalt mavileriylr doluydu yüreğim

 Kurşun beyazlarıyla

 Severdin beni

 Midye kabuklarının yeşilliğince
 Sonunda dediğim çıktı işte

 Samanyolundan bir yıldız düştü dünyaya 

 Sinekler gibi eziliverdi insanlar

 Her şey bir anda olup bitti 

 Yapayalnız kaldık 

 Ne radyo-aktivite ne mantar şeklinde bulutlar

 Ne yaşamak sevinci ne ölüm korkusu

 Sonunda üç kişi kaldık dünyada 

 Sen 

 Ben

 Bir de Jiro'nun Lesko'su
 Yine bana bakarken yüzün kızarıyor

 Toplum kurallarından kurtulamadın daha 

 Bütün çayırlar bomboş 

 Görmüyor musun

 Al başını dağlara çık 

 Avaz avaz şarkı söyle sokaklarda

 Bir kibrit çak

 Bütün evler yansın

 Yüzbin yılın öcünü al bu şerefsiz dünyadan

 Sonra kaldır kendini denize at

 Biraz serinle

 Sevebildiğim kadar insanım ben

 On gram arsenik yeter canıma

 Beni düşünme
 Uzan Mistral rüzgarlarının üzerine

 Nünbüs bulutlar geliyor kaç

 Uykumuz bölündü çırılçıplağız

 Kum fırtınaları başladı

 Çin seddinin ötesinde

 Gölgemizi bir Asya şehrinde unuttuk

 Taklamakan çöllerinde kaldı rüyalarımız

 Haydi git

 Yok olduk iki olduğumuz yerde

 Haydi git 

 Bir kalırsak yine var olacağız

 Ümit Yaşar Oğuzcan

Kayıt Tarihi : 25.9.2000 19:08:00",,,,Belirsiz,771
295,Senmisn,https://www.antoloji.com/senmisn-siiri/,"Bitmeyen bir ağrıdır zonklar şakaklarımda

Gece gündüz aklımda birisi var sen misin? 

Kah bir damla yaş olan solgun yanaklarımda, 

Kah dağlardan içime esen rüzgar sen misin? 
Sevmiştim bir zamanlar, bilmiyorum o kimdi? 

Yüzünü hayal meyal hatırlıyorum şimdi.

Yaşadığımız hangi yıldı, hangi mevsimdi? 

Bana kalan şu hazin hatıralar sen misin? 
Sevenler, sevilenler unutulur demiştin, 

Bu masal burada bitti, git, ne olur demiştin, 

Gönlün ergeç sevecek bir yar bulur demiştin, 

Hala bende tek olan Tanrı kadar sen misin?

 Ümit Yaşar Oğuzcan

Kayıt Tarihi : 29.11.2001 18:35:00",,,,Belirsiz,84
296,Senmisn,https://www.antoloji.com/senmisn-siiri/?siralama=p,"Bitmeyen bir ağrıdır zonklar şakaklarımda

Gece gündüz aklımda birisi var sen misin? 

Kah bir damla yaş olan solgun yanaklarımda, 

Kah dağlardan içime esen rüzgar sen misin? 
Sevmiştim bir zamanlar, bilmiyorum o kimdi? 

Yüzünü hayal meyal hatırlıyorum şimdi.

Yaşadığımız hangi yıldı, hangi mevsimdi? 

Bana kalan şu hazin hatıralar sen misin? 
Sevenler, sevilenler unutulur demiştin, 

Bu masal burada bitti, git, ne olur demiştin, 

Gönlün ergeç sevecek bir yar bulur demiştin, 

Hala bende tek olan Tanrı kadar sen misin?

 Ümit Yaşar Oğuzcan

Kayıt Tarihi : 29.11.2001 18:35:00",,,,Belirsiz,84
297,Yemin,https://www.antoloji.com/yemin-3-siiri/,"Ne zaman denizler çöl,

Çöller deniz olursa

Kayalarda nilüfer,

Çöllerde çam biterse

Güneş doğmayı unutur

Ay çimenlerin üstüne düşerse

O zaman seni unutur

Bir başkasını severim

 Ümit Yaşar Oğuzcan

Kayıt Tarihi : 14.1.2001 18:04:00",,,,Belirsiz,34
298,Yemin,https://www.antoloji.com/yemin-3-siiri/?siralama=p,"Ne zaman denizler çöl,

Çöller deniz olursa

Kayalarda nilüfer,

Çöllerde çam biterse

Güneş doğmayı unutur

Ay çimenlerin üstüne düşerse

O zaman seni unutur

Bir başkasını severim

 Ümit Yaşar Oğuzcan

Kayıt Tarihi : 14.1.2001 18:04:00",,,,Belirsiz,34
299,Gözlerde Sevişmek,https://www.antoloji.com/gozlerde-sevismek-siiri/,"Seninle yaşanacak bir aşkın öyküsünü 

Bir giz gibi derinden dün yaşattı gözlerin 

Sunduğu sevinçlerle o eşsiz bahar günü 

Yemyeşil bir adaktı, bir murattı gözlerin. 

Acılar uzaklarda, mutluluklarsa yakın 

Bir kaç saat içinde kaç yıldı yaşattığın 

Gözlerime sevgiyle bakarken, bana aşkın 

Ölümsüz olduğunu hatırlattı gözlerin. 
İçimde tek sen vardın, düşüncemde yalnız sen 

Birbirimizden uzak yaşadığımız o en 

güzel yıllarımızı elemle düşünürken 

Hem ağladı sessizce, hem ağlattı gözlerin.

 Ümit Yaşar Oğuzcan

Kayıt Tarihi : 4.1.2001 14:21:00",,,,Belirsiz,74
300,Gözlerde Sevişmek,https://www.antoloji.com/gozlerde-sevismek-siiri/?siralama=p,"Seninle yaşanacak bir aşkın öyküsünü 

Bir giz gibi derinden dün yaşattı gözlerin 

Sunduğu sevinçlerle o eşsiz bahar günü 

Yemyeşil bir adaktı, bir murattı gözlerin. 

Acılar uzaklarda, mutluluklarsa yakın 

Bir kaç saat içinde kaç yıldı yaşattığın 

Gözlerime sevgiyle bakarken, bana aşkın 

Ölümsüz olduğunu hatırlattı gözlerin. 
İçimde tek sen vardın, düşüncemde yalnız sen 

Birbirimizden uzak yaşadığımız o en 

güzel yıllarımızı elemle düşünürken 

Hem ağladı sessizce, hem ağlattı gözlerin.

 Ümit Yaşar Oğuzcan

Kayıt Tarihi : 4.1.2001 14:21:00",,,,Belirsiz,74
301,Hiroşima,https://www.antoloji.com/hirosima-siiri/,"Önce bir bulut yükseldi

Yerden göğe dogru

Ben gördüm

Akahito gördü

Yuhara gördü

Hisaki gördü

Yaşayanların hepsi gördüler

şimdi yaşayanlar diyorum

Oysa ben kaldım

Onlar öldüler
Pirinç tarlasında kadınlar öldü

Memede çocuklar öldü

Çiçekler öldü

Kuşlar öldü

Ve sevgilim sanuki öldü

Sanuki'yi seviyordum

Sanuki öldü

Sanuki öldü
Ateşten top kayboldu göklerde

Ardından

Bir çölün sessizliği çöktü şehre

Bulutlar gitti

Renkler gitti

Sesler gitti

Gülerkken ölmüştü babam

Anam Chiyo-No ağlıyordu

Ve kız kardeşim Shirara

Ah Shirara

O da saçlarını tararken öldü

Shirara, ah Shirara

Aynada unuttu gençliğini
Ve ben Yamamura

Bizim sokaktan bir ben sağ kaldım

Bizim sokağın ağaçları da öldü
Ve ben Yamamura

17 yıl geçti aradan

Hala yaşıyorum

Ağaçları, çiçekleri görmeden
Ben Yamamura

Kör ve sağır

Çoktan öldüm

Kimse farkında değil

 Ümit Yaşar Oğuzcan

Kayıt Tarihi : 10.8.2001 11:45:00",,,,Belirsiz,130
302,Hiroşima,https://www.antoloji.com/hirosima-siiri/?siralama=p,"Önce bir bulut yükseldi

Yerden göğe dogru

Ben gördüm

Akahito gördü

Yuhara gördü

Hisaki gördü

Yaşayanların hepsi gördüler

şimdi yaşayanlar diyorum

Oysa ben kaldım

Onlar öldüler
Pirinç tarlasında kadınlar öldü

Memede çocuklar öldü

Çiçekler öldü

Kuşlar öldü

Ve sevgilim sanuki öldü

Sanuki'yi seviyordum

Sanuki öldü

Sanuki öldü
Ateşten top kayboldu göklerde

Ardından

Bir çölün sessizliği çöktü şehre

Bulutlar gitti

Renkler gitti

Sesler gitti

Gülerkken ölmüştü babam

Anam Chiyo-No ağlıyordu

Ve kız kardeşim Shirara

Ah Shirara

O da saçlarını tararken öldü

Shirara, ah Shirara

Aynada unuttu gençliğini
Ve ben Yamamura

Bizim sokaktan bir ben sağ kaldım

Bizim sokağın ağaçları da öldü
Ve ben Yamamura

17 yıl geçti aradan

Hala yaşıyorum

Ağaçları, çiçekleri görmeden
Ben Yamamura

Kör ve sağır

Çoktan öldüm

Kimse farkında değil

 Ümit Yaşar Oğuzcan

Kayıt Tarihi : 10.8.2001 11:45:00",,,,Belirsiz,130
303,O Benim İşte,https://www.antoloji.com/o-benim-iste-siiri/,"Biraz kül, biraz duman, 

O benim işte...

Kerem misali yanan, 

O benim işte...

İnanma gözlerine ben ben değilim

Beni sevdiğin zaman, 

O benim işte...

 Ümit Yaşar Oğuzcan

Kayıt Tarihi : 10.1.2002 10:45:00",,,,Belirsiz,32
304,O Benim İşte,https://www.antoloji.com/o-benim-iste-siiri/?siralama=p,"Biraz kül, biraz duman, 

O benim işte...

Kerem misali yanan, 

O benim işte...

İnanma gözlerine ben ben değilim

Beni sevdiğin zaman, 

O benim işte...

 Ümit Yaşar Oğuzcan

Kayıt Tarihi : 10.1.2002 10:45:00",,,,Belirsiz,32
305,Sevişmek Ayıp Değil,https://www.antoloji.com/sevismek-ayip-degil-siiri/,"-1-
Ne katı yüreklisiniz, aşkolsun

İnim inim inletiyorsunuz beni

Kendinizi dirhem dirhem satıyorsunuz

Oysa verdiğiniz kederler yetmez mi? 
Şunu şurasında kaç paralık ömrümüz var

Ne kadar zavallıyız bir düşünün

Belli mi sabaha sağ çıkacağımız

Kim bilir ne getireceğini doğan günün
Gecelerce sevişmek var gecelerde

Uzun etmeyin işte, gelin, gitmeyin

Birlikte çıkalım aydınlıklara

Gecenin ortasında beni bekletmeyin
-2-
Sizinle yatalım isterseniz çimenlere

Gelin, başınızı şöyle göğsüme dayayın

Bakın yüreğim nasıl çarpıyor

Sizi ne kadar sevdiğimi anlayın
Sizinle yatalım isterseniz yataklara

Şöyle bir güzel sevişelim o biçim

Güzel olalım, mutlu olalım, ne dersiniz

Biraz konuşalım, biraz öpüşelim
Sizinle yatalım isterseniz topraklara

Ölelim, dünyayı unutalım

Gelin, sarılalım birbirimize

Aşkı her şeyden üstün tutalım
-3-
Sevişmek var, başka şey düşünmeyin

Boş verin kavgalara, tartışmalara

Şöyle bir nefes alın adamakıllı

Vurun kendinizi çılgın yaşamalara
Gelin, tenhalara gidelim, tenhalara

Saçlarımdan öpün, dudaklarımdan öpün

Öylesine yaşayalım ki utansın

Ölüm kapımıza geldiği gün
Sevişmeden güzel, sevmeden yüce

Ne bulduk ki bu dünyada, söyleyin

Açın yüreğinizi dostluklara, sevgilere

Sevişelim durmadan, aptallık etmeyin
-4-
Buraya yatsanız daha iyi bence

Yanıma şöyle yanıbaşıma

Aşka bırakıverin kendinizi

Ağlamayın, üzülmeyin ama
Şunlar dudaklarınız dolgun, biçimli

Şunlar elleriniz işte alımlı, ince

Bir bir öpmeliyim her yerinizi

Her yerinizi vakti gelince
Çıkarıp atın üstünüzde ne varsa

Çıplaklığınızı güzelliğinizle sarın

Şu küpeleri de, şu yüzüğü de

Onu da çıkarın, onu da çıkarın
-5-
Tutumunuza bayılıyorum bana karşı

Sevginizi pek güzel saklıyorsunuz

Bir bakıyorum anlayışlısınız, incesiniz

Sonra sırtımdan bıçaklıyorsunuz
Kızmıyorum, üstelik hoşuma gidiyor

Değişikliği severim, bilirsiniz

İstiyorum kendinizi verirken

Hep böyle canımı acıtsın elleriniz
Sigaranızı avucumda söndürün dilerseniz

Bırakın tenim yanabildiği kadar yansın

Yeter ki doyalım artık birbirimize

Dudağımda diş izleriniz kalsın

 Ümit Yaşar Oğuzcan

Kayıt Tarihi : 20.1.2002 05:11:00",,,,Belirsiz,273
306,Sevişmek Ayıp Değil,https://www.antoloji.com/sevismek-ayip-degil-siiri/?siralama=p,"-1-
Ne katı yüreklisiniz, aşkolsun

İnim inim inletiyorsunuz beni

Kendinizi dirhem dirhem satıyorsunuz

Oysa verdiğiniz kederler yetmez mi? 
Şunu şurasında kaç paralık ömrümüz var

Ne kadar zavallıyız bir düşünün

Belli mi sabaha sağ çıkacağımız

Kim bilir ne getireceğini doğan günün
Gecelerce sevişmek var gecelerde

Uzun etmeyin işte, gelin, gitmeyin

Birlikte çıkalım aydınlıklara

Gecenin ortasında beni bekletmeyin
-2-
Sizinle yatalım isterseniz çimenlere

Gelin, başınızı şöyle göğsüme dayayın

Bakın yüreğim nasıl çarpıyor

Sizi ne kadar sevdiğimi anlayın
Sizinle yatalım isterseniz yataklara

Şöyle bir güzel sevişelim o biçim

Güzel olalım, mutlu olalım, ne dersiniz

Biraz konuşalım, biraz öpüşelim
Sizinle yatalım isterseniz topraklara

Ölelim, dünyayı unutalım

Gelin, sarılalım birbirimize

Aşkı her şeyden üstün tutalım
-3-
Sevişmek var, başka şey düşünmeyin

Boş verin kavgalara, tartışmalara

Şöyle bir nefes alın adamakıllı

Vurun kendinizi çılgın yaşamalara
Gelin, tenhalara gidelim, tenhalara

Saçlarımdan öpün, dudaklarımdan öpün

Öylesine yaşayalım ki utansın

Ölüm kapımıza geldiği gün
Sevişmeden güzel, sevmeden yüce

Ne bulduk ki bu dünyada, söyleyin

Açın yüreğinizi dostluklara, sevgilere

Sevişelim durmadan, aptallık etmeyin
-4-
Buraya yatsanız daha iyi bence

Yanıma şöyle yanıbaşıma

Aşka bırakıverin kendinizi

Ağlamayın, üzülmeyin ama
Şunlar dudaklarınız dolgun, biçimli

Şunlar elleriniz işte alımlı, ince

Bir bir öpmeliyim her yerinizi

Her yerinizi vakti gelince
Çıkarıp atın üstünüzde ne varsa

Çıplaklığınızı güzelliğinizle sarın

Şu küpeleri de, şu yüzüğü de

Onu da çıkarın, onu da çıkarın
-5-
Tutumunuza bayılıyorum bana karşı

Sevginizi pek güzel saklıyorsunuz

Bir bakıyorum anlayışlısınız, incesiniz

Sonra sırtımdan bıçaklıyorsunuz
Kızmıyorum, üstelik hoşuma gidiyor

Değişikliği severim, bilirsiniz

İstiyorum kendinizi verirken

Hep böyle canımı acıtsın elleriniz
Sigaranızı avucumda söndürün dilerseniz

Bırakın tenim yanabildiği kadar yansın

Yeter ki doyalım artık birbirimize

Dudağımda diş izleriniz kalsın

 Ümit Yaşar Oğuzcan

Kayıt Tarihi : 20.1.2002 05:11:00",,,,Belirsiz,273
307,Islak Gül,https://www.antoloji.com/islak-gul-siiri/,"Seninle paylaşmak uykularda en büyük günahları

Seninle uyanmak nice çılgın gecelerden sonra

Alır oturur beni kokun uzaklara en uzaklara

Ağzın dudaklarımda ıslak bir güldür sabahları
Tenin çekiyor beni tenin tutmuş saclarımdan

Afrikalı kölenim senin, esirinim, mecburunum

Gözlerin değmese gözlerime kahrolurum

Olurum çekersen ellerini avuçlarımdan
Donsun basım tutuşsun damarlarımda kanım

Gel otur yani başıma erişilmez kadınım

Yum iri gözlerini, devir kirpiklerini

Ser önüme bir hazine gibi güzelliklerini
Sana en muhtaç olduğum su anda gel

Yasamak olsan da gel, olum olsan da gel.

 Ümit Yaşar Oğuzcan

Kayıt Tarihi : 28.8.2000 19:44:00",,,,Belirsiz,89
308,Islak Gül,https://www.antoloji.com/islak-gul-siiri/?siralama=p,"Seninle paylaşmak uykularda en büyük günahları

Seninle uyanmak nice çılgın gecelerden sonra

Alır oturur beni kokun uzaklara en uzaklara

Ağzın dudaklarımda ıslak bir güldür sabahları
Tenin çekiyor beni tenin tutmuş saclarımdan

Afrikalı kölenim senin, esirinim, mecburunum

Gözlerin değmese gözlerime kahrolurum

Olurum çekersen ellerini avuçlarımdan
Donsun basım tutuşsun damarlarımda kanım

Gel otur yani başıma erişilmez kadınım

Yum iri gözlerini, devir kirpiklerini

Ser önüme bir hazine gibi güzelliklerini
Sana en muhtaç olduğum su anda gel

Yasamak olsan da gel, olum olsan da gel.

 Ümit Yaşar Oğuzcan

Kayıt Tarihi : 28.8.2000 19:44:00",,,,Belirsiz,89
309,Bir Akşam Getir Bana,https://www.antoloji.com/bir-aksam-getir-bana-siiri/,"Bir akşam getir bana,

Bütün akşamlardan farklı

Hançerle güneşi batır deniz kan rengi olsun

En güzel yerinde değişen ufkumuzun

Yaşayalım, eskiden duyduğumuz masalı
Zamanlar kalleş şimdi, herşey artık bir oyun

Manzaralar hüzünlü insanlar ağlamaklı

Bir akşam getir bana, gizlice ve en saklı

Saatleri birer birer dudaklarında sun
Günler; şimdi kırık bir cam parçası, boyalı

Gel dinle, telleri ses vermiyor ruhumuzun

Biz bu şehirin gürültüsünde kaybolalı
Bir akşam getir bana, yaklaş, sessizce soyun

Baksana perdeler inik, kapılar kapalı

Sus! Akşamla gelişini kimseler duymamalı

 Ümit Yaşar Oğuzcan

Kayıt Tarihi : 4.1.2001 14:15:00",,,,Belirsiz,90
310,Bir Akşam Getir Bana,https://www.antoloji.com/bir-aksam-getir-bana-siiri/?siralama=p,"Bir akşam getir bana,

Bütün akşamlardan farklı

Hançerle güneşi batır deniz kan rengi olsun

En güzel yerinde değişen ufkumuzun

Yaşayalım, eskiden duyduğumuz masalı
Zamanlar kalleş şimdi, herşey artık bir oyun

Manzaralar hüzünlü insanlar ağlamaklı

Bir akşam getir bana, gizlice ve en saklı

Saatleri birer birer dudaklarında sun
Günler; şimdi kırık bir cam parçası, boyalı

Gel dinle, telleri ses vermiyor ruhumuzun

Biz bu şehirin gürültüsünde kaybolalı
Bir akşam getir bana, yaklaş, sessizce soyun

Baksana perdeler inik, kapılar kapalı

Sus! Akşamla gelişini kimseler duymamalı

 Ümit Yaşar Oğuzcan

Kayıt Tarihi : 4.1.2001 14:15:00",,,,Belirsiz,90
311,İstanbul Yalnızlığı,https://www.antoloji.com/istanbul-yalnizligi-siiri/,"Farzet ki bir bataklığa düşmüşsün

Kader seni bir yerlere doğru çekmekte

Sen istediğin kadar kaç bu yalnızlıktan

Yalnızlık sana gelmekte
O yalnızlıktır günlerin getirdiği

O hüzündür kalan bu günden yarına

Boşuna çırpınmaların, yakarmaların

Ne ellerine hükmün geçer ne ayaklarına
Yaşamak bir kör döğüşüdür amansız

Milyonlar bir seldir bu şehirde akıp gider

Bu yerde insanlar bin yıldan beri

Yalnız yaşadılar, yalnız öldüler
Bu şehirde bir pastır yalnızlık

Bir zincirde yüzyılların bıraktığı

Yum gözlerini daha iyi göreceksin

Seni çepeçevre saran bu yalnızlığı
Ve bir gün her şeye sen de alışacaksın

Dilin varmayacak yalnızım demeye

Unut artık bildiğin bütün şarkıları

Yalnız yaşa ve hazırlan yalnız ölmeğe

 Ümit Yaşar Oğuzcan

Kayıt Tarihi : 17.10.2001 04:03:00",,,,Belirsiz,111
312,İstanbul Yalnızlığı,https://www.antoloji.com/istanbul-yalnizligi-siiri/?siralama=p,"Farzet ki bir bataklığa düşmüşsün

Kader seni bir yerlere doğru çekmekte

Sen istediğin kadar kaç bu yalnızlıktan

Yalnızlık sana gelmekte
O yalnızlıktır günlerin getirdiği

O hüzündür kalan bu günden yarına

Boşuna çırpınmaların, yakarmaların

Ne ellerine hükmün geçer ne ayaklarına
Yaşamak bir kör döğüşüdür amansız

Milyonlar bir seldir bu şehirde akıp gider

Bu yerde insanlar bin yıldan beri

Yalnız yaşadılar, yalnız öldüler
Bu şehirde bir pastır yalnızlık

Bir zincirde yüzyılların bıraktığı

Yum gözlerini daha iyi göreceksin

Seni çepeçevre saran bu yalnızlığı
Ve bir gün her şeye sen de alışacaksın

Dilin varmayacak yalnızım demeye

Unut artık bildiğin bütün şarkıları

Yalnız yaşa ve hazırlan yalnız ölmeğe

 Ümit Yaşar Oğuzcan

Kayıt Tarihi : 17.10.2001 04:03:00",,,,Belirsiz,111
313,Cahit Külebi,https://www.antoloji.com/cahit-kulebi-siiri/,"Seni Sivas yollarında tanıdık

Kağnılar gidiyordu katar katar

Üzerinde sersefil uzanmış

Ağız dil vermeyen hastalar
Sonra kamyonlar aldı kağnıların yerini

Kavun taşırlardı ve sen onu düşünürdün

Niksar'da bir eviniz vardı, bilirdik

O zamanlar bir serçe kadar hürdün
Bize kah İstanbul'u kah Tokat'ı anlatırdın

Aydınlık ve güzeldi şiirlerin Türkiye gibi

Yine anlat doğduğun yerleri, anlat biraz

İçinde şarkılar bitmesin Külebi

 Ümit Yaşar Oğuzcan

Kayıt Tarihi : 8.2.2002 05:19:00",,,,Belirsiz,67
314,Cahit Külebi,https://www.antoloji.com/cahit-kulebi-siiri/?siralama=p,"Seni Sivas yollarında tanıdık

Kağnılar gidiyordu katar katar

Üzerinde sersefil uzanmış

Ağız dil vermeyen hastalar
Sonra kamyonlar aldı kağnıların yerini

Kavun taşırlardı ve sen onu düşünürdün

Niksar'da bir eviniz vardı, bilirdik

O zamanlar bir serçe kadar hürdün
Bize kah İstanbul'u kah Tokat'ı anlatırdın

Aydınlık ve güzeldi şiirlerin Türkiye gibi

Yine anlat doğduğun yerleri, anlat biraz

İçinde şarkılar bitmesin Külebi

 Ümit Yaşar Oğuzcan

Kayıt Tarihi : 8.2.2002 05:19:00",,,,Belirsiz,67
315,Batık Gemi,https://www.antoloji.com/batik-gemi-siiri/,"Bütün sevgililer, dostlar gitti

Bir sen kaldın kadınım beni terketmeyen

Batan gemilerin kaptanları gibi

Denizlerin ortasında ölümü bekleyen.

 Ümit Yaşar Oğuzcan

Kayıt Tarihi : 4.1.2001 14:14:00",,,,Belirsiz,26
316,Batık Gemi,https://www.antoloji.com/batik-gemi-siiri/?siralama=p,"Bütün sevgililer, dostlar gitti

Bir sen kaldın kadınım beni terketmeyen

Batan gemilerin kaptanları gibi

Denizlerin ortasında ölümü bekleyen.

 Ümit Yaşar Oğuzcan

Kayıt Tarihi : 4.1.2001 14:14:00",,,,Belirsiz,26
317,Sevdalar Böyle Başlar,https://www.antoloji.com/sevdalar-boyle-baslar-siiri/,"Önce dünyama sesin girdi özlemli, kısık

Bir mutluluk muştusu gibi ta uzaklardan

Çok sonrası öptüğüm o gül dudaklarından

Önce sesindi çağıran beni gür ve aydınlık
Önce küçük ellerin kondu avuçlarıma

Yolunu sasırmış bir kus gibi, ürkek

Alıştım herseline, her yerine giderek

Saplandın iğnelerce parmak uçlarıma
Önce bir aksamdı gelen seninle dopdolu

İnanılmaz, doyulmaz, anlatılmaz, kanılmaz

Bir aksamdı sevgiden, apaydınlık, bembeyaz

Bir aksamdı, alev istekli, duygulu
Her şey gerçekti, öylesine güzel, yalansız

Ağladım sensiz geçen ve geçecek günlere

Sende ölümsüzlüğün çağrısını duydum önce

Sonra tutuşup, yandım ben, sevdalandım apansız.

 Ümit Yaşar Oğuzcan

Kayıt Tarihi : 28.8.2000 20:33:00",,,,Belirsiz,96
318,Sevdalar Böyle Başlar,https://www.antoloji.com/sevdalar-boyle-baslar-siiri/?siralama=p,"Önce dünyama sesin girdi özlemli, kısık

Bir mutluluk muştusu gibi ta uzaklardan

Çok sonrası öptüğüm o gül dudaklarından

Önce sesindi çağıran beni gür ve aydınlık
Önce küçük ellerin kondu avuçlarıma

Yolunu sasırmış bir kus gibi, ürkek

Alıştım herseline, her yerine giderek

Saplandın iğnelerce parmak uçlarıma
Önce bir aksamdı gelen seninle dopdolu

İnanılmaz, doyulmaz, anlatılmaz, kanılmaz

Bir aksamdı sevgiden, apaydınlık, bembeyaz

Bir aksamdı, alev istekli, duygulu
Her şey gerçekti, öylesine güzel, yalansız

Ağladım sensiz geçen ve geçecek günlere

Sende ölümsüzlüğün çağrısını duydum önce

Sonra tutuşup, yandım ben, sevdalandım apansız.

 Ümit Yaşar Oğuzcan

Kayıt Tarihi : 28.8.2000 20:33:00",,,,Belirsiz,96
319,İnsan Bir Yerde Kendini Bırakmalı,https://www.antoloji.com/insan-bir-yerde-kendini-birakmali-siiri/,"İnsan bir yerde boş vermeli kurallara, düzenlere

İnsan bir yerde kendini bırakmalı

Hiçe saymalı düzenini dünyanın

Zamana karşı koymalı

Sıyrılmalı ayıplardan, korkulardan

Küçük hesapları bir yana atmalı

Yaşamalı şöyle alabildiğine

Büyük delilikler yapmalı

İçmeli

Sevmeli

Küfretmeli

Adam öldürmeli

Kendine bir başka gözle bakmalı

İnsan bir yerde boş vermeli kurallara, düzenlere

İnsan bir yerde kendini bırakmalı

 Ümit Yaşar Oğuzcan

Kayıt Tarihi : 8.2.2002 05:33:00",,,,Belirsiz,63
320,İnsan Bir Yerde Kendini Bırakmalı,https://www.antoloji.com/insan-bir-yerde-kendini-birakmali-siiri/?siralama=p,"İnsan bir yerde boş vermeli kurallara, düzenlere

İnsan bir yerde kendini bırakmalı

Hiçe saymalı düzenini dünyanın

Zamana karşı koymalı

Sıyrılmalı ayıplardan, korkulardan

Küçük hesapları bir yana atmalı

Yaşamalı şöyle alabildiğine

Büyük delilikler yapmalı

İçmeli

Sevmeli

Küfretmeli

Adam öldürmeli

Kendine bir başka gözle bakmalı

İnsan bir yerde boş vermeli kurallara, düzenlere

İnsan bir yerde kendini bırakmalı

 Ümit Yaşar Oğuzcan

Kayıt Tarihi : 8.2.2002 05:33:00",,,,Belirsiz,63
321,Oğul Koşması,https://www.antoloji.com/ogul-kosmasi-siiri/,"Zirve seni bekliyor

Dağın kıymetini bil

Sanma ki yükselmek zor

Çağın kıymetini bil
Üşenme emek için

Mutluyum demek için

Üzümü yemek için

Bağın kıymetini bil
Yokluk göründüğü an

Çabuk yıkılır insan

Azı beğenmiyorsan

Çoğun kıymetini bil
Elin, ayağın, başın

Annenin, arkadaşın,

Suyun, toprağın, taşın

Göğün kıymetini bil
Oğlum benim, bir düşün

Değeri var mı dünün

Yarın çok geç ömrünün

Bugün kıymetini bil.

 Ümit Yaşar Oğuzcan

Kayıt Tarihi : 12.1.2002 05:08:00",,Acılar Denizi,1977.0,Son Dönem (1973–1984),70
322,Oğul Koşması,https://www.antoloji.com/ogul-kosmasi-siiri/?siralama=p,"Zirve seni bekliyor

Dağın kıymetini bil

Sanma ki yükselmek zor

Çağın kıymetini bil
Üşenme emek için

Mutluyum demek için

Üzümü yemek için

Bağın kıymetini bil
Yokluk göründüğü an

Çabuk yıkılır insan

Azı beğenmiyorsan

Çoğun kıymetini bil
Elin, ayağın, başın

Annenin, arkadaşın,

Suyun, toprağın, taşın

Göğün kıymetini bil
Oğlum benim, bir düşün

Değeri var mı dünün

Yarın çok geç ömrünün

Bugün kıymetini bil.

 Ümit Yaşar Oğuzcan

Kayıt Tarihi : 12.1.2002 05:08:00",,Acılar Denizi,1977.0,Son Dönem (1973–1984),70
323,Bu Şehir,https://www.antoloji.com/bu-sehir-2-siiri/,"Bir sabah evden çıktım

Sokaklar ışıl ışıldı.

Dört yanım günlük güneşlik

Tertemiz bir hava ciğerlerimde

Nereye baksam mutluluk, umut, sevgi

Nereye gitsem bir uçarılık yüreğimde

Alışmadığım iyimser duygular

Gökyüzü inadına mavi 

Yaşamak inadına güzel

Bu nasıl şehirdir böyle 

Bütün sokaklar Utrillo'nun ellerinden çıkmış

Bütün evlerde Dufy'nin renkleri

Beyaz beyaz güvercinler damların üzerinde

Hava ılık mı serin mi belli değil

Kadife gibi

Gözleri namuslu namuslu parlar insanların

Gökyüzü inadına mavi

Yaşamak inadına güzel

Bu şehirde sen varsın...

 Ümit Yaşar Oğuzcan

Kayıt Tarihi : 4.1.2001 14:17:00",,,,Belirsiz,84
324,Bu Şehir,https://www.antoloji.com/bu-sehir-2-siiri/?siralama=p,"Bir sabah evden çıktım

Sokaklar ışıl ışıldı.

Dört yanım günlük güneşlik

Tertemiz bir hava ciğerlerimde

Nereye baksam mutluluk, umut, sevgi

Nereye gitsem bir uçarılık yüreğimde

Alışmadığım iyimser duygular

Gökyüzü inadına mavi 

Yaşamak inadına güzel

Bu nasıl şehirdir böyle 

Bütün sokaklar Utrillo'nun ellerinden çıkmış

Bütün evlerde Dufy'nin renkleri

Beyaz beyaz güvercinler damların üzerinde

Hava ılık mı serin mi belli değil

Kadife gibi

Gözleri namuslu namuslu parlar insanların

Gökyüzü inadına mavi

Yaşamak inadına güzel

Bu şehirde sen varsın...

 Ümit Yaşar Oğuzcan

Kayıt Tarihi : 4.1.2001 14:17:00",,,,Belirsiz,84
325,Önce Ellerin,https://www.antoloji.com/once-ellerin-siiri/,"Önce ellerini gördüm; nasıl aydınlıktı öyle

Yıllardan bir yıl, vakitlerden bir akşam

Kovdu çevremden bütün kötülükleri

Önce ellerin

Önce ellerini gördüm, tuttum, bırakmam
Bilmezdim eskiden ben bu şafakları

Öğrendim nasıl da güzelmiş yeryüzü

Bir mutluluk yayılır avuçlarından

Önce ellerin

Benim dinlediğim ellerinin türküsü
Yağmur mu yağan öyleyse dinle

Islandım, üşüdüm senden uzakta, beni bırakma

Tut ki sensizlik bir ölüm başka türlü

Önce ellerin

Önce ellerin geliyor aklıma
Bir büyük resim çiziyorum gökyüzüne, seyret

Şu bulut ellerin işte, mutlu, serin, beyaz

Ne güç bu rengi bulmak, bu rengi vermek sana

Önce ellerin

Ellerin bir duygudur anlatılmaz
Gün olur hüzünlü bir musikidir duyduğum

Ellerinde keman telleri, piyano tuşları

Öyle bir yaşamaksın ki hiç yaşamamak

Önce ellerin

Önce ellerin sonra bu gözyaşları
Dupduru yeraltı nehirleri gibi

Öyle aydınlık gülüşün kadar

Her şey bir gün çekilir, biter ve ölür

Önce ellerin

Ve yokluğumuzda sonra ellerin yaşar
Ellerin anlatır sabahın olduğunu

Ellerin yoksa bil ki gece ve karanlık

Mevsimler onlarla değişiyor görüyor musun?

Önce ellerin

Anlasana ellerindeyim artık.

 Ümit Yaşar Oğuzcan

Kayıt Tarihi : 5.1.2001 14:11:00",,,,Belirsiz,171
326,Önce Ellerin,https://www.antoloji.com/once-ellerin-siiri/?siralama=p,"Önce ellerini gördüm; nasıl aydınlıktı öyle

Yıllardan bir yıl, vakitlerden bir akşam

Kovdu çevremden bütün kötülükleri

Önce ellerin

Önce ellerini gördüm, tuttum, bırakmam
Bilmezdim eskiden ben bu şafakları

Öğrendim nasıl da güzelmiş yeryüzü

Bir mutluluk yayılır avuçlarından

Önce ellerin

Benim dinlediğim ellerinin türküsü
Yağmur mu yağan öyleyse dinle

Islandım, üşüdüm senden uzakta, beni bırakma

Tut ki sensizlik bir ölüm başka türlü

Önce ellerin

Önce ellerin geliyor aklıma
Bir büyük resim çiziyorum gökyüzüne, seyret

Şu bulut ellerin işte, mutlu, serin, beyaz

Ne güç bu rengi bulmak, bu rengi vermek sana

Önce ellerin

Ellerin bir duygudur anlatılmaz
Gün olur hüzünlü bir musikidir duyduğum

Ellerinde keman telleri, piyano tuşları

Öyle bir yaşamaksın ki hiç yaşamamak

Önce ellerin

Önce ellerin sonra bu gözyaşları
Dupduru yeraltı nehirleri gibi

Öyle aydınlık gülüşün kadar

Her şey bir gün çekilir, biter ve ölür

Önce ellerin

Ve yokluğumuzda sonra ellerin yaşar
Ellerin anlatır sabahın olduğunu

Ellerin yoksa bil ki gece ve karanlık

Mevsimler onlarla değişiyor görüyor musun?

Önce ellerin

Anlasana ellerindeyim artık.

 Ümit Yaşar Oğuzcan

Kayıt Tarihi : 5.1.2001 14:11:00",,,,Belirsiz,171
327,Yargılama,https://www.antoloji.com/yargilama-3-siiri/,"Tutkum sevmektir benim, düpedüz ve yalın

Sevmek, acısını ve sevincini insanların

Yemin ederim, başka suçum yok, inanın
Demek sen insanları seviyorsun ha

Sanık! Kalk ayağa
Evet, şairim, şiir de yazıyorum, doğru

Vazgeçilmez tutkum, ödevim benim bu

Düşünmeye, yazmaya benim de hakkım yok mu? 
Demek sen şiir de yazıyorsun ha

Sanık! Kalk ayağa
Yıkıldım, ezildim, acılar çektim gerçekten

Ne yaşamaktan korkum var, ne de ölmekten

Aydınlık yakın, ben umutluyum gelecekten
Demek sen hala yaşıyorsun ha

Sanık! Kalk ayağa
Seveceğim elbette, yazacağım, yaşayacağım

Ayağa kalktım sayın yargıç

Ve hep böyle ayakta kalacağım

 Ümit Yaşar Oğuzcan

Kayıt Tarihi : 8.12.2001 04:20:00",,,,Belirsiz,98
328,Yargılama,https://www.antoloji.com/yargilama-3-siiri/?siralama=p,"Tutkum sevmektir benim, düpedüz ve yalın

Sevmek, acısını ve sevincini insanların

Yemin ederim, başka suçum yok, inanın
Demek sen insanları seviyorsun ha

Sanık! Kalk ayağa
Evet, şairim, şiir de yazıyorum, doğru

Vazgeçilmez tutkum, ödevim benim bu

Düşünmeye, yazmaya benim de hakkım yok mu? 
Demek sen şiir de yazıyorsun ha

Sanık! Kalk ayağa
Yıkıldım, ezildim, acılar çektim gerçekten

Ne yaşamaktan korkum var, ne de ölmekten

Aydınlık yakın, ben umutluyum gelecekten
Demek sen hala yaşıyorsun ha

Sanık! Kalk ayağa
Seveceğim elbette, yazacağım, yaşayacağım

Ayağa kalktım sayın yargıç

Ve hep böyle ayakta kalacağım

 Ümit Yaşar Oğuzcan

Kayıt Tarihi : 8.12.2001 04:20:00",,,,Belirsiz,98
329,Biraz Gelir Misiniz,https://www.antoloji.com/biraz-gelir-misiniz-siiri/,"Bir gün çağrıyı duyar, insan ölür çaresiz

Ölür kuşlar, ağaçlar, ölür sahil ve deniz
Silinir bütün renkler, dağılır koku, ışık

Yeni bir alem başlar karanlıklarda sessiz
Kemik çürür, kaybolur parıltısı gözlerin

Kımıldamaz orada ayağımız elimiz
Öyleyse neden bunca düşmanlıklar, savaşlar

Er geç çağrıyı duyup gidecek değil miyiz? 
Er geç kulağımızın dibinde çınlayacak

Ölümün soğuk sesi 'Biraz gelir misiniz? '

 Ümit Yaşar Oğuzcan

Kayıt Tarihi : 16.12.2001 04:29:00",,,,Belirsiz,67
330,Biraz Gelir Misiniz,https://www.antoloji.com/biraz-gelir-misiniz-siiri/?siralama=p,"Bir gün çağrıyı duyar, insan ölür çaresiz

Ölür kuşlar, ağaçlar, ölür sahil ve deniz
Silinir bütün renkler, dağılır koku, ışık

Yeni bir alem başlar karanlıklarda sessiz
Kemik çürür, kaybolur parıltısı gözlerin

Kımıldamaz orada ayağımız elimiz
Öyleyse neden bunca düşmanlıklar, savaşlar

Er geç çağrıyı duyup gidecek değil miyiz? 
Er geç kulağımızın dibinde çınlayacak

Ölümün soğuk sesi 'Biraz gelir misiniz? '

 Ümit Yaşar Oğuzcan

Kayıt Tarihi : 16.12.2001 04:29:00",,,,Belirsiz,67
331,Sekizinci Mektup,https://www.antoloji.com/sekizinci-mektup-siiri/,"Bana çılgın diyorsun, seni sevdiğim için.

Yanılıyorsun, sevmek çılgınlık değil. 

Sevmek insan tarafımızı bulmamızdır bence. 

Biraz da yaklaşmamızdır Tanrıya zaman zaman.
Dünyada sevmeyenlere, sevemeyenlere acımalı. 

O, ot gelip, ot gidenlere acımalı. Sevebilen insan

kendini keşfetmiş insandır. Talihli insandır.

Çektiği bütün acılara rağmen; mutlu,

kıvançlı insandır o. Aşktır yücelten bizi ve

derinliğimiz aşktandır. Gerisi boş, yalan.
Aşksa, sevmektir. Durmadan, 

nefes alırcasına sevmektir.
Sevmakle sevilmek ayrı şeyler... Sevilmeyi

çoğaltmak, ona bir başka şekil vermek,

daha da yoğunlaştırmak onu, elimizde değil. 

Oysa ki, sevgimizi dilediğimiz gibi yoğurabilir, 

dilediğimiz şekli verebiliriz ona.
Derinlikse derinlik, yükseklikse yükseklik,

genişlikse genişlik. 
Sevmekle gücümüz var, irademiz, aklımız var.

Biz varız sevmekte. Sevmek, yaratmaktır bir bakıma.

Sevilmekse; yaratılmak...
Demek ki, biz seninle birbirimizi yaratıyoruz

durmadan. Sen beni yarattıkça güzelsin işte ve

ben seni yarattıkça güçlüyüm, daha bir insanım.
Beni sevmeseydin yine bir şey değişmeyecekti

benim için. Sen biraz eksik kalacaktın, 

biraz sen kaybedecektin. O kadar.
Şimdi insanların en güzeliyiz, en iyisiyiz elbette. 

Seviyoruz , seviliyoruz .
Sevgimi anlamadığın ve ona saygı göstermediğin

anda ölebilirim. Karşılık vermediğin anda değil.
Birbirimizi yeniden yaratmaya devam edelim.

 Ümit Yaşar Oğuzcan

Kayıt Tarihi : 6.4.2001 12:55:00",,,,Belirsiz,182
332,Sekizinci Mektup,https://www.antoloji.com/sekizinci-mektup-siiri/?siralama=p,"Bana çılgın diyorsun, seni sevdiğim için.

Yanılıyorsun, sevmek çılgınlık değil. 

Sevmek insan tarafımızı bulmamızdır bence. 

Biraz da yaklaşmamızdır Tanrıya zaman zaman.
Dünyada sevmeyenlere, sevemeyenlere acımalı. 

O, ot gelip, ot gidenlere acımalı. Sevebilen insan

kendini keşfetmiş insandır. Talihli insandır.

Çektiği bütün acılara rağmen; mutlu,

kıvançlı insandır o. Aşktır yücelten bizi ve

derinliğimiz aşktandır. Gerisi boş, yalan.
Aşksa, sevmektir. Durmadan, 

nefes alırcasına sevmektir.
Sevmakle sevilmek ayrı şeyler... Sevilmeyi

çoğaltmak, ona bir başka şekil vermek,

daha da yoğunlaştırmak onu, elimizde değil. 

Oysa ki, sevgimizi dilediğimiz gibi yoğurabilir, 

dilediğimiz şekli verebiliriz ona.
Derinlikse derinlik, yükseklikse yükseklik,

genişlikse genişlik. 
Sevmekle gücümüz var, irademiz, aklımız var.

Biz varız sevmekte. Sevmek, yaratmaktır bir bakıma.

Sevilmekse; yaratılmak...
Demek ki, biz seninle birbirimizi yaratıyoruz

durmadan. Sen beni yarattıkça güzelsin işte ve

ben seni yarattıkça güçlüyüm, daha bir insanım.
Beni sevmeseydin yine bir şey değişmeyecekti

benim için. Sen biraz eksik kalacaktın, 

biraz sen kaybedecektin. O kadar.
Şimdi insanların en güzeliyiz, en iyisiyiz elbette. 

Seviyoruz , seviliyoruz .
Sevgimi anlamadığın ve ona saygı göstermediğin

anda ölebilirim. Karşılık vermediğin anda değil.
Birbirimizi yeniden yaratmaya devam edelim.

 Ümit Yaşar Oğuzcan

Kayıt Tarihi : 6.4.2001 12:55:00",,,,Belirsiz,182
333,Mektup,https://www.antoloji.com/mektup-8-siiri/,"İstersen mutlu oluruz seninle

Evimiz ve çocuklarımız olur

Yemek pişirirsin kendi elinle

Kalplerimizde esenlik ve huzur

İstersen mutlu oluruz seninle

Birbirimiz için yaratılmışız

Ruhlarımız düşüncelerimiz bir

Bizi gibi olur çocuklarımız

Ben sair, sen bastan ayağa şiir

Birbirimiz için yaratılmışız

Ayrılık olmaz fikirlerimizde

Kahkahamız ta uzaklardan duyulur

Mutluluk parıldar gözlerimizde

Rüyalarımız bile ayni olur

Ayrılık olmaz fikirlerimizde

Ne hayaller kurarız uzun uzun

Üzüntüleri atarız bir yana

Gizli bir şeyi kalmaz ruhumuzun

Butun şiirlerimi okurum sana

Ne hayaller kurarız uzun uzun

Kim ne derse desin mutlu oluruz

İçimizde ümit, arzu teselli

Bende aşk ve sende güzellik sonsuz

Askımız gözlerimizden besbelli

Kim ne derse desin, mutlu oluruz

 Ümit Yaşar Oğuzcan

Kayıt Tarihi : 28.8.2000 19:55:00",,Sahibini Arayan Mektuplar,1961.0,Erken Dönem (1947–1962),112
334,Mektup,https://www.antoloji.com/mektup-8-siiri/?siralama=p,"İstersen mutlu oluruz seninle

Evimiz ve çocuklarımız olur

Yemek pişirirsin kendi elinle

Kalplerimizde esenlik ve huzur

İstersen mutlu oluruz seninle

Birbirimiz için yaratılmışız

Ruhlarımız düşüncelerimiz bir

Bizi gibi olur çocuklarımız

Ben sair, sen bastan ayağa şiir

Birbirimiz için yaratılmışız

Ayrılık olmaz fikirlerimizde

Kahkahamız ta uzaklardan duyulur

Mutluluk parıldar gözlerimizde

Rüyalarımız bile ayni olur

Ayrılık olmaz fikirlerimizde

Ne hayaller kurarız uzun uzun

Üzüntüleri atarız bir yana

Gizli bir şeyi kalmaz ruhumuzun

Butun şiirlerimi okurum sana

Ne hayaller kurarız uzun uzun

Kim ne derse desin mutlu oluruz

İçimizde ümit, arzu teselli

Bende aşk ve sende güzellik sonsuz

Askımız gözlerimizden besbelli

Kim ne derse desin, mutlu oluruz

 Ümit Yaşar Oğuzcan

Kayıt Tarihi : 28.8.2000 19:55:00",,Sahibini Arayan Mektuplar,1961.0,Erken Dönem (1947–1962),112
335,Giden Bir Ömre Gazel,https://www.antoloji.com/giden-bir-omre-gazel-siiri/,"Zamanlar iyi kotu yaşanır gider

Sanma bu yol sonsuza uzanır gider
Anahtar açmaz olur bir gün kilidi

Ne kalmışsa içinde paslanır gider
Kişi çıktığı yerden düşer ansızın

Bir salıncak boşlukta sallanır gider
Bir gün anlar her şeyin boş olduğunu

İnsan insanlığından utanır gider
Çöker omuzlarına birden gökyüzü

Ne bulmuşsa hepsinden usanır gider
Dönülmez bir yerinde yaşantısının

Her insan bir rüyadan uyanır gider
Bir gün geçi ümitler solar çaresiz

Sevenler sevilenler aldanır gider
Anlarız her gerçeği son dakikada

Bir hançer bağrımıza saplanır gider

 Ümit Yaşar Oğuzcan

Kayıt Tarihi : 28.8.2000 19:26:00",,,,Belirsiz,90
336,Giden Bir Ömre Gazel,https://www.antoloji.com/giden-bir-omre-gazel-siiri/?siralama=p,"Zamanlar iyi kotu yaşanır gider

Sanma bu yol sonsuza uzanır gider
Anahtar açmaz olur bir gün kilidi

Ne kalmışsa içinde paslanır gider
Kişi çıktığı yerden düşer ansızın

Bir salıncak boşlukta sallanır gider
Bir gün anlar her şeyin boş olduğunu

İnsan insanlığından utanır gider
Çöker omuzlarına birden gökyüzü

Ne bulmuşsa hepsinden usanır gider
Dönülmez bir yerinde yaşantısının

Her insan bir rüyadan uyanır gider
Bir gün geçi ümitler solar çaresiz

Sevenler sevilenler aldanır gider
Anlarız her gerçeği son dakikada

Bir hançer bağrımıza saplanır gider

 Ümit Yaşar Oğuzcan

Kayıt Tarihi : 28.8.2000 19:26:00",,,,Belirsiz,90
337,Otuz Beş Duvarı,https://www.antoloji.com/otuz-bes-duvari-siiri/,"Ölümü düşünüyorum

O büyük yalnızlık içindeyim

Kulaklarımda duymadığım bir musiki

Kaskatı kesilmişim, kalbim durmuş

Artık hiç bir şeyi görmüyor gözlerim

İçimde ne bir umut, ne yasama zevki

Elim, ayağım buz gibi olmuş

Olumu düşünüyorum

Kulaklarımda duymadığım bir musiki
Olumu düşünüyorum

Lalelimde bir sokaktan tabutum geçiyor

Saygı durusunda bilmediğim insanlar

Butun pencereler acık biri kapalı

Kederlerim, ümitlerim, hayallerim

Ve gelen bir iki dost mezarlığa kadar

Sonra kadınlar gözleri yaşlı

Olumu düşünüyorum

Butun pencereler açık biri kapalı
Ölümü düşünüyorum

Simdi beni gömüyorlar bak

Ağlıyorsun, ellerinde dağ menekşeleri

Hazin bir parıltı gözbebeklerinde

İçin ziyanla doluyor, kahroluyorsun

Hatırladıkça geçmiş günleri geceleri

Bir acı ki öyle büyük öyle derinde

Olumu düşünüyorum

Ağlıyorsun, ellerinde dağ menekşeleri
Ölümü düşünüyorum

Dediği çıkmıyor Cahit Sıtkı’nın

Otuz beş duvarını aşamıyorum

Üzülme sevdiğim artık ayrılıyoruz

İnan yokluğuma ben de bir oluyum

O yalan dünyanızda yaşamıyorum

Yıl 1961, ya Haziran ya Temmuz

Ölümü düşünüyorum

Üzülme sevdiğim artık ayrılıyoruz.

 Ümit Yaşar Oğuzcan

Kayıt Tarihi : 28.8.2000 20:11:00",,,,Belirsiz,154
338,Otuz Beş Duvarı,https://www.antoloji.com/otuz-bes-duvari-siiri/?siralama=p,"Ölümü düşünüyorum

O büyük yalnızlık içindeyim

Kulaklarımda duymadığım bir musiki

Kaskatı kesilmişim, kalbim durmuş

Artık hiç bir şeyi görmüyor gözlerim

İçimde ne bir umut, ne yasama zevki

Elim, ayağım buz gibi olmuş

Olumu düşünüyorum

Kulaklarımda duymadığım bir musiki
Olumu düşünüyorum

Lalelimde bir sokaktan tabutum geçiyor

Saygı durusunda bilmediğim insanlar

Butun pencereler acık biri kapalı

Kederlerim, ümitlerim, hayallerim

Ve gelen bir iki dost mezarlığa kadar

Sonra kadınlar gözleri yaşlı

Olumu düşünüyorum

Butun pencereler açık biri kapalı
Ölümü düşünüyorum

Simdi beni gömüyorlar bak

Ağlıyorsun, ellerinde dağ menekşeleri

Hazin bir parıltı gözbebeklerinde

İçin ziyanla doluyor, kahroluyorsun

Hatırladıkça geçmiş günleri geceleri

Bir acı ki öyle büyük öyle derinde

Olumu düşünüyorum

Ağlıyorsun, ellerinde dağ menekşeleri
Ölümü düşünüyorum

Dediği çıkmıyor Cahit Sıtkı’nın

Otuz beş duvarını aşamıyorum

Üzülme sevdiğim artık ayrılıyoruz

İnan yokluğuma ben de bir oluyum

O yalan dünyanızda yaşamıyorum

Yıl 1961, ya Haziran ya Temmuz

Ölümü düşünüyorum

Üzülme sevdiğim artık ayrılıyoruz.

 Ümit Yaşar Oğuzcan

Kayıt Tarihi : 28.8.2000 20:11:00",,,,Belirsiz,154
339,Bir Gün Kaldı Bize Yaşanacak,https://www.antoloji.com/bir-gun-kaldi-bize-yasanacak-siiri/,"Dün kopan bir yapraktı,düşen bir kuru daldı

Bugünden güzel değil bulacağın yarında

Aç ellerini bir bak yanan avuçlarında

Dün gitmiş yarın yok bize bir bugün kaldı
Bir bugün kaldı bize birlikte yaşanacak

Bir bugün öyle güzel ve dopdolu özlemli

Dalından yeni kopmuş tomurcuk güller gibi

Bir bugün herşeyiyle taptaze ve sımsıcak

 Ümit Yaşar Oğuzcan

Kayıt Tarihi : 4.1.2001 14:16:00",,,,Belirsiz,59
340,Bir Gün Kaldı Bize Yaşanacak,https://www.antoloji.com/bir-gun-kaldi-bize-yasanacak-siiri/?siralama=p,"Dün kopan bir yapraktı,düşen bir kuru daldı

Bugünden güzel değil bulacağın yarında

Aç ellerini bir bak yanan avuçlarında

Dün gitmiş yarın yok bize bir bugün kaldı
Bir bugün kaldı bize birlikte yaşanacak

Bir bugün öyle güzel ve dopdolu özlemli

Dalından yeni kopmuş tomurcuk güller gibi

Bir bugün herşeyiyle taptaze ve sımsıcak

 Ümit Yaşar Oğuzcan

Kayıt Tarihi : 4.1.2001 14:16:00",,,,Belirsiz,59
341,"Sen, Ağlama",https://www.antoloji.com/sen-aglama-siiri/,"Ben ağlayan şairim

Bana gülmesini ögretmediler

Egil de bir bak mahzun yüzüme

Anlatır sana çektiklerimi

Birer bıçak yarası gibi

Alnımdaki çizgiler
Ben mutluluk nedir bilemedim

Saçlarım okşanmaya alışık degil

Hep böyle dalıp gider gözlerim

Ve ne zaman düşünsem geçen günleri

Bir karanlık basar içimi

Aydınlık degil
Seni nasıl severim bilirsin

Nasıl yanarım özlemler içinde

Bastıgın yerler cennet olur

Bilirim en serin rüzgarlar gelirsin

Yine de yanar tutuşurum ben

Cehennemler içinde.
En mutlu sandıgın yerde kederliyim

Ben seninle sensizligi düşünürüm

Bir korku düşer içime apansız

Burkulur yüregim

Seni şiirlerimde bin yıl yaşatır da

Ben bin defa ölürüm
Bir gün yoklugum bir gölge gibi

Düşüverirse gözlerine

Unutma aglayan şairini

Unutma o günde kapanıp dizlerine

Kendi yokluguma kendim aglarım

Sen aglama e mi

Sen aglama e mi?

 Ümit Yaşar Oğuzcan

Kayıt Tarihi : 11.8.2000 15:33:00",,,,Belirsiz,132
342,"Sen, Ağlama",https://www.antoloji.com/sen-aglama-siiri/?siralama=p,"Ben ağlayan şairim

Bana gülmesini ögretmediler

Egil de bir bak mahzun yüzüme

Anlatır sana çektiklerimi

Birer bıçak yarası gibi

Alnımdaki çizgiler
Ben mutluluk nedir bilemedim

Saçlarım okşanmaya alışık degil

Hep böyle dalıp gider gözlerim

Ve ne zaman düşünsem geçen günleri

Bir karanlık basar içimi

Aydınlık degil
Seni nasıl severim bilirsin

Nasıl yanarım özlemler içinde

Bastıgın yerler cennet olur

Bilirim en serin rüzgarlar gelirsin

Yine de yanar tutuşurum ben

Cehennemler içinde.
En mutlu sandıgın yerde kederliyim

Ben seninle sensizligi düşünürüm

Bir korku düşer içime apansız

Burkulur yüregim

Seni şiirlerimde bin yıl yaşatır da

Ben bin defa ölürüm
Bir gün yoklugum bir gölge gibi

Düşüverirse gözlerine

Unutma aglayan şairini

Unutma o günde kapanıp dizlerine

Kendi yokluguma kendim aglarım

Sen aglama e mi

Sen aglama e mi?

 Ümit Yaşar Oğuzcan

Kayıt Tarihi : 11.8.2000 15:33:00",,,,Belirsiz,132
343,İkimiz mi Hemen mi,https://www.antoloji.com/ikimiz-mi-hemen-mi-siiri/,"Oraya varmak mı? İkimiz mi? Hemen mi?

Dur, bekle beni, geliyorum

En güzel yerinden öpeceğim

Bilmem dudakların mı? Gözlerin mi?
Önce sesindi beni çağıran aşka

Sonra bakışların, ellerin oldu

Ve bir sabah başladı ömrümde, nasıl

Gördüğüm bütün sabahlardan başka
Frenleri patladı içimde özlemin

Ben bu aşkı dizginleyemem artık

En iyisi gelmen bana, gel ama hiç gitme

Varalım doyulmaz tadına bitişikliğin.
 Bak ellerin de üşümüş, ama kalbim sımsıcak

Titreme, korkma; artık yanımdasın

Hiç bırakma bu çocuksu hâlini, ne güzel

Ne güzel seninle bir aydınlık olmak
Söyle, bir daha söyle, benim de, seninim de

Yaklaş uyandır beni bir ölüm uykusundan

Sarın maviliğime, bu bizim gökyüzümüz

Baksana,bir evren çalkalanıyor içimde
Oraya varmak mı demiştin? En yüceye

İkimiz miydi? Hemen miydi?

Bak nasıl seninle bir bütün olduk şimdi

Nerde miyiz? Oradayız işte

 Ümit Yaşar Oğuzcan

Kayıt Tarihi : 8.8.2000 05:54:00",,,,Belirsiz,136
344,İkimiz mi Hemen mi,https://www.antoloji.com/ikimiz-mi-hemen-mi-siiri/?siralama=p,"Oraya varmak mı? İkimiz mi? Hemen mi?

Dur, bekle beni, geliyorum

En güzel yerinden öpeceğim

Bilmem dudakların mı? Gözlerin mi?
Önce sesindi beni çağıran aşka

Sonra bakışların, ellerin oldu

Ve bir sabah başladı ömrümde, nasıl

Gördüğüm bütün sabahlardan başka
Frenleri patladı içimde özlemin

Ben bu aşkı dizginleyemem artık

En iyisi gelmen bana, gel ama hiç gitme

Varalım doyulmaz tadına bitişikliğin.
 Bak ellerin de üşümüş, ama kalbim sımsıcak

Titreme, korkma; artık yanımdasın

Hiç bırakma bu çocuksu hâlini, ne güzel

Ne güzel seninle bir aydınlık olmak
Söyle, bir daha söyle, benim de, seninim de

Yaklaş uyandır beni bir ölüm uykusundan

Sarın maviliğime, bu bizim gökyüzümüz

Baksana,bir evren çalkalanıyor içimde
Oraya varmak mı demiştin? En yüceye

İkimiz miydi? Hemen miydi?

Bak nasıl seninle bir bütün olduk şimdi

Nerde miyiz? Oradayız işte

 Ümit Yaşar Oğuzcan

Kayıt Tarihi : 8.8.2000 05:54:00",,,,Belirsiz,136
345,İstanbul Işık Işık,https://www.antoloji.com/istanbul-isik-isik-siiri/,"İstanbul rüzgar rüzgar sevdiğim

Kah bir lodos denizlerden esen

Ilık mı ılık

Kah ustura gibi bir deli poyraz

Bırak saçlarını rüzgarına İstanbul'un

Bu şehirde aşksız ve rüzgarsız yaşanmaz
İstanbul bulut bulut sevdiğim

Kimi beyaz mı beyaz

İnce gül gibi

Kimi katran misali kapkara

Bulutları da insanlarına benzer İstanbul'un

İnanma sevdiğim inanma bulutlara
İstanbul yağmur yağmur sevdiğim

Kah ince ince

Kah bardaktan boşanırcasına

Hele bir yağmur yağmaya görsün

Ölürcesine yaşanır bu şehirde sevdiğim

Ve bir gün ölünür yaşanırcasına
İstanbul deniz deniz sevdiğim

Bir çakır mavi

Bir camgöbeği tuzlu su

Üstünde irili ufaklı tekneler

Kayıklar,yelkenliler,mavnalar

Kalleştir denizleri İstanbul'un sevdiğim

İstanbul kadar
İstanbul kadeh kadeh sevdiğim

İçtikçe içesi gelir insanın

Sarhoşluğu tutuşup yanmaya benzer

Ve bir gölgedir yalnızlık meyhanelerinde

Seninle dolaşır,seninle gezer
İstanbul şarkı şarkı sevdiğim

Üsküdara gidersin hava güneşli

Beklersin ada sahillerinde yağmur yağar

Her dakika depreştirir derdini

Köhne gramofonlar,eski plaklar
Nice güzeller,nice şairler görmüş

Artık kanıksamış dertlerimize

İstanbul herşeye alışık sevdiğim

Yine de bütün mihnetleri bir yana

Sen yaşadıkça İstanbul ışık ışık sevdiğim

 Ümit Yaşar Oğuzcan

Kayıt Tarihi : 17.6.2000 13:28:00",,,,Belirsiz,170
346,İstanbul Işık Işık,https://www.antoloji.com/istanbul-isik-isik-siiri/?siralama=p,"İstanbul rüzgar rüzgar sevdiğim

Kah bir lodos denizlerden esen

Ilık mı ılık

Kah ustura gibi bir deli poyraz

Bırak saçlarını rüzgarına İstanbul'un

Bu şehirde aşksız ve rüzgarsız yaşanmaz
İstanbul bulut bulut sevdiğim

Kimi beyaz mı beyaz

İnce gül gibi

Kimi katran misali kapkara

Bulutları da insanlarına benzer İstanbul'un

İnanma sevdiğim inanma bulutlara
İstanbul yağmur yağmur sevdiğim

Kah ince ince

Kah bardaktan boşanırcasına

Hele bir yağmur yağmaya görsün

Ölürcesine yaşanır bu şehirde sevdiğim

Ve bir gün ölünür yaşanırcasına
İstanbul deniz deniz sevdiğim

Bir çakır mavi

Bir camgöbeği tuzlu su

Üstünde irili ufaklı tekneler

Kayıklar,yelkenliler,mavnalar

Kalleştir denizleri İstanbul'un sevdiğim

İstanbul kadar
İstanbul kadeh kadeh sevdiğim

İçtikçe içesi gelir insanın

Sarhoşluğu tutuşup yanmaya benzer

Ve bir gölgedir yalnızlık meyhanelerinde

Seninle dolaşır,seninle gezer
İstanbul şarkı şarkı sevdiğim

Üsküdara gidersin hava güneşli

Beklersin ada sahillerinde yağmur yağar

Her dakika depreştirir derdini

Köhne gramofonlar,eski plaklar
Nice güzeller,nice şairler görmüş

Artık kanıksamış dertlerimize

İstanbul herşeye alışık sevdiğim

Yine de bütün mihnetleri bir yana

Sen yaşadıkça İstanbul ışık ışık sevdiğim

 Ümit Yaşar Oğuzcan

Kayıt Tarihi : 17.6.2000 13:28:00",,,,Belirsiz,170
347,Şiiristan,https://www.antoloji.com/siiristan-siiri/,"Bir yer var orada ikimiz için

Orada, bildigin gibi şiiristanda

Evler Yunus'un evleri

Yollar Emrah'ın yolları

ve Hayyam'dan birer rubai gemiler limanda
Deniz bildigin gibi Orhan Veli'den kalma

Mevsimse Yahya Kemal'in sonbaharı

Nedim'dir seyreyledigin bir elde mey, bir elde gül

Çeşmeler Karacaoglan'ın

Daglar Köroglu'nun dagları

Tarancı'nın kuşları havada dönen

Kadınlar Haşim'in kadınları görüyormusun?

Yeter bir nabız gibi vurdugun bende

Bana bir şiir ver güzelliginden

Bütün şiirler senin olsun
Şiiristan sultanı, devletlu gönlüm emreylesin yeter ki

Güzelliginden nice ülkeler kurulur

Yoksan gece ve ölüm

Varsan el sürdügün herşey şiir

Ayak bastıgın her yer şiiristan olur.

 Ümit Yaşar Oğuzcan

Kayıt Tarihi : 12.8.2000 15:46:00",,,,Belirsiz,102
348,Şiiristan,https://www.antoloji.com/siiristan-siiri/?siralama=p,"Bir yer var orada ikimiz için

Orada, bildigin gibi şiiristanda

Evler Yunus'un evleri

Yollar Emrah'ın yolları

ve Hayyam'dan birer rubai gemiler limanda
Deniz bildigin gibi Orhan Veli'den kalma

Mevsimse Yahya Kemal'in sonbaharı

Nedim'dir seyreyledigin bir elde mey, bir elde gül

Çeşmeler Karacaoglan'ın

Daglar Köroglu'nun dagları

Tarancı'nın kuşları havada dönen

Kadınlar Haşim'in kadınları görüyormusun?

Yeter bir nabız gibi vurdugun bende

Bana bir şiir ver güzelliginden

Bütün şiirler senin olsun
Şiiristan sultanı, devletlu gönlüm emreylesin yeter ki

Güzelliginden nice ülkeler kurulur

Yoksan gece ve ölüm

Varsan el sürdügün herşey şiir

Ayak bastıgın her yer şiiristan olur.

 Ümit Yaşar Oğuzcan

Kayıt Tarihi : 12.8.2000 15:46:00",,,,Belirsiz,102
349,Bir Daha Ölmek,https://www.antoloji.com/bir-daha-olmek-siiri/,"o yaşamak kadar güzel kadın 

bana ölümü hatırlatıyor

onu her gördüğümde 

''ya ölürsem'' diyordu 

ya ölürsem 

bu kadın benim için ağlarsa 
bilsem bana acımayacağını 

beni unutacağını bilsem

bu kadar ölümü düşünmezdim

o yaşadıkça ölüme inanasım geliyor
cenazeme çiçek göndermeyin 

çünkü ozaman tabutumda olmayacağım 

kalabalık arasında sizde varsınız 

bilinki yanınızdayım

mezarlığa kadar yürüyeceğiz el ele

avuçlarımızda bütün sıcaklığımız 

öyle şiirler okuyacağımki size 

öldüğüme inanmayacaksınız
bembeyaz bir kefene saracaksınız beni 

ölmeyeceğim 

tahta bir tabuta koyacaksınız beni 

ölmeyeceğim 

üzerime toprak atacaksınız kürek kürek

yine ölmeyeceğim

sonra sağır sessizliği içinde zamanın 

bir bir bırakıp gideceksiniz beni

ölmekten beter olacağım 
demek o beni sevmiyor

demek o beni anlamıyor

bana içkimi verin 

bana kadehimi verin

bana ellerimi verin

onun şerefine kadef kaldırır gibi

bir daha 

bir daha ölmek itiyorum

 Ümit Yaşar Oğuzcan

Kayıt Tarihi : 5.11.2001 05:13:00",,Bir Daha Ölmek,1956.0,Erken Dönem (1947–1962),131
350,Bir Daha Ölmek,https://www.antoloji.com/bir-daha-olmek-siiri/?siralama=p,"o yaşamak kadar güzel kadın 

bana ölümü hatırlatıyor

onu her gördüğümde 

''ya ölürsem'' diyordu 

ya ölürsem 

bu kadın benim için ağlarsa 
bilsem bana acımayacağını 

beni unutacağını bilsem

bu kadar ölümü düşünmezdim

o yaşadıkça ölüme inanasım geliyor
cenazeme çiçek göndermeyin 

çünkü ozaman tabutumda olmayacağım 

kalabalık arasında sizde varsınız 

bilinki yanınızdayım

mezarlığa kadar yürüyeceğiz el ele

avuçlarımızda bütün sıcaklığımız 

öyle şiirler okuyacağımki size 

öldüğüme inanmayacaksınız
bembeyaz bir kefene saracaksınız beni 

ölmeyeceğim 

tahta bir tabuta koyacaksınız beni 

ölmeyeceğim 

üzerime toprak atacaksınız kürek kürek

yine ölmeyeceğim

sonra sağır sessizliği içinde zamanın 

bir bir bırakıp gideceksiniz beni

ölmekten beter olacağım 
demek o beni sevmiyor

demek o beni anlamıyor

bana içkimi verin 

bana kadehimi verin

bana ellerimi verin

onun şerefine kadef kaldırır gibi

bir daha 

bir daha ölmek itiyorum

 Ümit Yaşar Oğuzcan

Kayıt Tarihi : 5.11.2001 05:13:00",,Bir Daha Ölmek,1956.0,Erken Dönem (1947–1962),131
351,Uzaktan,https://www.antoloji.com/uzaktan-siiri/,"Ne zaman seni düşünsem; 

Bir keder basar içimi, kapkara...

Aklıma o eski günlerimiz gelir, 

Ağlarım sensiz geçen dakikalara.
Ne zaman seni düşünsem; 

Gözlerimden bir hüzün bulutu geçer.

Beni mahkum etti sensizliğe.

Bu nasıl bir ömür, bu nasıl kader? 
Ne zaman seni düşünsem; 

Demir atar içime özlem yüklü bir gemi.

Rıhtımda seni arar gözlerim, bulamaz

Yokluğun yine zindan eder her gecemi.
Ne zaman seni düşünsem; 

Can verir denizlerimde martılar.

Omuzlarımda hıçkırır bir kadın, 

Dudaklarında unuttuğumuz şarkılar.
Ne zaman seni düşünsem; 

Seninle uçup gider en güzel zamanlarım.

Bu kocaman, bu hissiz, bu sefil dünyada

Sensiz yaşanmıyacağını anlarım.

 Ümit Yaşar Oğuzcan

Kayıt Tarihi : 29.11.2001 19:09:00",,,,Belirsiz,103
352,Uzaktan,https://www.antoloji.com/uzaktan-siiri/?siralama=p,"Ne zaman seni düşünsem; 

Bir keder basar içimi, kapkara...

Aklıma o eski günlerimiz gelir, 

Ağlarım sensiz geçen dakikalara.
Ne zaman seni düşünsem; 

Gözlerimden bir hüzün bulutu geçer.

Beni mahkum etti sensizliğe.

Bu nasıl bir ömür, bu nasıl kader? 
Ne zaman seni düşünsem; 

Demir atar içime özlem yüklü bir gemi.

Rıhtımda seni arar gözlerim, bulamaz

Yokluğun yine zindan eder her gecemi.
Ne zaman seni düşünsem; 

Can verir denizlerimde martılar.

Omuzlarımda hıçkırır bir kadın, 

Dudaklarında unuttuğumuz şarkılar.
Ne zaman seni düşünsem; 

Seninle uçup gider en güzel zamanlarım.

Bu kocaman, bu hissiz, bu sefil dünyada

Sensiz yaşanmıyacağını anlarım.

 Ümit Yaşar Oğuzcan

Kayıt Tarihi : 29.11.2001 19:09:00",,,,Belirsiz,103
353,Ölümdü O,https://www.antoloji.com/olumdu-o-siiri/,"Ölümdü o, beni aldatmayın

Soguk nefesiydi yüzümde duydugum

Öyle sessizce öldum ki defalarca

Hiç bir zaman anlaşılmadı yoklugum

Hayatın omuzunda bir yük oldugu

Nice yalnız geceler, nice akşamlar

Tanrı biliyor ya kaç kere öldügümü

İnandım ölüme, aşka inandıgım kadar

Satır satır yaşadım yazdıklarımı

Ne saadetin ne güzel günün şairiyim

Kimse acımasın bana, istemem

Ben aşkın ve ölümün şairiyim.

 Ümit Yaşar Oğuzcan

Kayıt Tarihi : 9.8.2000 15:19:00",,,,Belirsiz,66
354,Ölümdü O,https://www.antoloji.com/olumdu-o-siiri/?siralama=p,"Ölümdü o, beni aldatmayın

Soguk nefesiydi yüzümde duydugum

Öyle sessizce öldum ki defalarca

Hiç bir zaman anlaşılmadı yoklugum

Hayatın omuzunda bir yük oldugu

Nice yalnız geceler, nice akşamlar

Tanrı biliyor ya kaç kere öldügümü

İnandım ölüme, aşka inandıgım kadar

Satır satır yaşadım yazdıklarımı

Ne saadetin ne güzel günün şairiyim

Kimse acımasın bana, istemem

Ben aşkın ve ölümün şairiyim.

 Ümit Yaşar Oğuzcan

Kayıt Tarihi : 9.8.2000 15:19:00",,,,Belirsiz,66
355,Oğluma Ağıt,https://www.antoloji.com/ogluma-agit-siiri/,"Gözlerine uyku girmez

Anan ağlar Vedat diye.
Çiçek açar, kuşlar öter

Yüreğimde diken biter

Kokusu burnumda tüter

Bu can ağlar Vedat diye.
Senin yerin mezar değil

Bu dert kalbe sığar değil

Oğul! Yalnız dostlar değil

Düşman ağlar Vedat diye.
Tek elmamın yarısıydın, 

O canına nasıl kıydın, 

Genceciktin, akıllıydın, 

Duyan ağlar Vedat diye.
Uçup gittin bir kuş gibi, 

Beyninden vurulmuş gibi, 

Bir felaket olmuş gibi, 

Cihan ağlar Vedat diye.
Canım ciğerimden taşar, 

Ayağım ardından koşar, 

Sensiz Ümit nasıl yaşar, 

Her an ağlar Vedat diye.
Kader bana attı pençe, 

Dünyam oldu paramparça, 

Düşündükçe varoldukça

Baban ağlar Vedat diye.

 Ümit Yaşar Oğuzcan

Kayıt Tarihi : 30.6.2002 15:09:00",,Acılar Denizi,1977.0,Son Dönem (1973–1984),104
356,Oğluma Ağıt,https://www.antoloji.com/ogluma-agit-siiri/?siralama=p,"Gözlerine uyku girmez

Anan ağlar Vedat diye.
Çiçek açar, kuşlar öter

Yüreğimde diken biter

Kokusu burnumda tüter

Bu can ağlar Vedat diye.
Senin yerin mezar değil

Bu dert kalbe sığar değil

Oğul! Yalnız dostlar değil

Düşman ağlar Vedat diye.
Tek elmamın yarısıydın, 

O canına nasıl kıydın, 

Genceciktin, akıllıydın, 

Duyan ağlar Vedat diye.
Uçup gittin bir kuş gibi, 

Beyninden vurulmuş gibi, 

Bir felaket olmuş gibi, 

Cihan ağlar Vedat diye.
Canım ciğerimden taşar, 

Ayağım ardından koşar, 

Sensiz Ümit nasıl yaşar, 

Her an ağlar Vedat diye.
Kader bana attı pençe, 

Dünyam oldu paramparça, 

Düşündükçe varoldukça

Baban ağlar Vedat diye.

 Ümit Yaşar Oğuzcan

Kayıt Tarihi : 30.6.2002 15:09:00",,Acılar Denizi,1977.0,Son Dönem (1973–1984),104
357,Kimdi o? Yanındaki kimdi?,https://www.antoloji.com/kimdi-o-yanindaki-kimdi-siiri/,"Kimdi o? Yanındaki kimdi? Ne konuşuyordunuz? İşte buna dayanamam. Kahrolurum.

Dün gece ne yaptın? Nereye gittin? Ah otursaydın da beni düşünseydin ya! Eğlenebildin mi bari?

Yatarken ne okudun? Sonra iyi uyuyabildin mi? Rüyanda neler gördün? Söylesene.

Anladım artık beni sevmiyorsun. Sevdiğini sanmakla yanılmışım.

Zaten çirkin bir adamım ben, sinirliyim, kıskancım, fazla hisliyim. Daima beni seveceğini düşünmemeliydin. Suçluyum. Kendimi sevgilerimin bencilliğinden kurtaramadım. Zayıf, bencil bir adamım öyleyse.

Sonra yalancıyım, iki yüzlüyüm. Seninle konuşurken seninle yatmayı düşünüyorum. Sevgiyle elini tuttuğum zaman, aslında kalçalarını tutuyorum, bilmiyorsun.

Kendime göre hesaplarım da var benim. Yanımda olman gurur veriyor, sevinç veriyor bana. Fakat sana kimse bakmasın istiyorum, kimse konuşmasın seninle. Hep benim ol, durmadan benim ol. Günün her saatinde ve ölünceye kadar benim ol.

Beni seviyor musun? Evet mi? Öyleyse söyle. Kimdi o? Yanındaki kimdi? Nereye gidiyordunuz?

Seven zalimdir biliyorsun, aşk egoisttir. Sen zalim olma. Anlamıyorsun, anlamıyorsun.... . Biraz anla beni.

Sana sitem etmeyeceğim artık. Bütün suç benim. Seni bu kadar sevmemeliydim. Şu köhne ve utanmaz dünyada ne bir kimse bu kadar sevilmeye değer, ne de bir kimsenin bu kadar sevmeye hakkı var.

Kendimizi ne sanıyoruz? Biz neyiz ki? Sus, cevap verme. Teselliye ihtiyacım yok.

Seni bu kadar sevmenin cezasını kendime ödeteceğim. 

Göreceksin.

 Ümit Yaşar Oğuzcan

Kayıt Tarihi : 8.8.2000 05:56:00",,,,Belirsiz,205
358,Kimdi o? Yanındaki kimdi?,https://www.antoloji.com/kimdi-o-yanindaki-kimdi-siiri/?siralama=p,"Kimdi o? Yanındaki kimdi? Ne konuşuyordunuz? İşte buna dayanamam. Kahrolurum.

Dün gece ne yaptın? Nereye gittin? Ah otursaydın da beni düşünseydin ya! Eğlenebildin mi bari?

Yatarken ne okudun? Sonra iyi uyuyabildin mi? Rüyanda neler gördün? Söylesene.

Anladım artık beni sevmiyorsun. Sevdiğini sanmakla yanılmışım.

Zaten çirkin bir adamım ben, sinirliyim, kıskancım, fazla hisliyim. Daima beni seveceğini düşünmemeliydin. Suçluyum. Kendimi sevgilerimin bencilliğinden kurtaramadım. Zayıf, bencil bir adamım öyleyse.

Sonra yalancıyım, iki yüzlüyüm. Seninle konuşurken seninle yatmayı düşünüyorum. Sevgiyle elini tuttuğum zaman, aslında kalçalarını tutuyorum, bilmiyorsun.

Kendime göre hesaplarım da var benim. Yanımda olman gurur veriyor, sevinç veriyor bana. Fakat sana kimse bakmasın istiyorum, kimse konuşmasın seninle. Hep benim ol, durmadan benim ol. Günün her saatinde ve ölünceye kadar benim ol.

Beni seviyor musun? Evet mi? Öyleyse söyle. Kimdi o? Yanındaki kimdi? Nereye gidiyordunuz?

Seven zalimdir biliyorsun, aşk egoisttir. Sen zalim olma. Anlamıyorsun, anlamıyorsun.... . Biraz anla beni.

Sana sitem etmeyeceğim artık. Bütün suç benim. Seni bu kadar sevmemeliydim. Şu köhne ve utanmaz dünyada ne bir kimse bu kadar sevilmeye değer, ne de bir kimsenin bu kadar sevmeye hakkı var.

Kendimizi ne sanıyoruz? Biz neyiz ki? Sus, cevap verme. Teselliye ihtiyacım yok.

Seni bu kadar sevmenin cezasını kendime ödeteceğim. 

Göreceksin.

 Ümit Yaşar Oğuzcan

Kayıt Tarihi : 8.8.2000 05:56:00",,,,Belirsiz,205
359,Yalan Bitti,https://www.antoloji.com/yalan-bitti-siiri/,"Gün gelir yaşanmaya değecek zaman biter

İnsanda güç tükenir, şeref biter, şan biter
Sesler duyulmaz olur, solar renkler ansızın

Yıllardır yüreğine hayat veren kan biter
Yıkılır inançları, umutları tükenir

Sevdiği, sevildiği kişiler bir an biter
Hala bir boş bedeni taşır da ayakları

Ömür boyu üstüne titrediği can biter
Yuvarlanmaya başlar dünyası bir boşlukta

Yalnız Allah'ı değil, insanda insan biter
Bütün bunları yaşar, sonunda anlar kişi

Ölüm o ki: İnsanın içinde yalan biter

 Ümit Yaşar Oğuzcan

Kayıt Tarihi : 20.1.2002 05:20:00",,Yalan Bitti,1975.0,Son Dönem (1973–1984),80
360,Yalan Bitti,https://www.antoloji.com/yalan-bitti-siiri/?siralama=p,"Gün gelir yaşanmaya değecek zaman biter

İnsanda güç tükenir, şeref biter, şan biter
Sesler duyulmaz olur, solar renkler ansızın

Yıllardır yüreğine hayat veren kan biter
Yıkılır inançları, umutları tükenir

Sevdiği, sevildiği kişiler bir an biter
Hala bir boş bedeni taşır da ayakları

Ömür boyu üstüne titrediği can biter
Yuvarlanmaya başlar dünyası bir boşlukta

Yalnız Allah'ı değil, insanda insan biter
Bütün bunları yaşar, sonunda anlar kişi

Ölüm o ki: İnsanın içinde yalan biter

 Ümit Yaşar Oğuzcan

Kayıt Tarihi : 20.1.2002 05:20:00",,Yalan Bitti,1975.0,Son Dönem (1973–1984),80
361,Bu Şehrin Hamamları,https://www.antoloji.com/bu-sehrin-hamamlari-siiri/,"Yıkandın

Kurulandın

Giyindin

Geçtin aynanın karşısına

Güzelsin elbet

Bir de hamamı düşün

Kurnaları

Muslukları

Mermer taşları

Her yerini ayrı ayrı öpen suları

Bir de onları düşün

Kimler yıkandı bu şehrin hamamlarında

Kimler soyunup dökünmedi

Nice güzeller gördü bu mermer taşlar

Bu dilsiz kubbeler

Senin gibisini görmedi

 Ümit Yaşar Oğuzcan

Kayıt Tarihi : 28.1.2002 05:11:00",,,,Belirsiz,54
362,Bu Şehrin Hamamları,https://www.antoloji.com/bu-sehrin-hamamlari-siiri/?siralama=p,"Yıkandın

Kurulandın

Giyindin

Geçtin aynanın karşısına

Güzelsin elbet

Bir de hamamı düşün

Kurnaları

Muslukları

Mermer taşları

Her yerini ayrı ayrı öpen suları

Bir de onları düşün

Kimler yıkandı bu şehrin hamamlarında

Kimler soyunup dökünmedi

Nice güzeller gördü bu mermer taşlar

Bu dilsiz kubbeler

Senin gibisini görmedi

 Ümit Yaşar Oğuzcan

Kayıt Tarihi : 28.1.2002 05:11:00",,,,Belirsiz,54
363,Seni Görmek Ne Güzel...,https://www.antoloji.com/seni-gormek-ne-guzel-siiri/,"Seni görünce ellerim titrer,

Ayağım yere basamaz,

Kalbim göğsüme sığmaz,,

Neden,nereden başalayacağım bilemem...

Unuttum seni görünce.

Konuşmayı bile..

Hala inanmıyormusun

Sevdiğime....

 Ümit Yaşar Oğuzcan

Kayıt Tarihi : 12.4.2001 23:23:00",,,,Belirsiz,29
364,Seni Görmek Ne Güzel...,https://www.antoloji.com/seni-gormek-ne-guzel-siiri/?siralama=p,"Seni görünce ellerim titrer,

Ayağım yere basamaz,

Kalbim göğsüme sığmaz,,

Neden,nereden başalayacağım bilemem...

Unuttum seni görünce.

Konuşmayı bile..

Hala inanmıyormusun

Sevdiğime....

 Ümit Yaşar Oğuzcan

Kayıt Tarihi : 12.4.2001 23:23:00",,,,Belirsiz,29
365,Bu Sehirin Meyhaneleri,https://www.antoloji.com/bu-sehirin-meyhaneleri-siiri/,"Her aksam baska meyhanedeyim artik

Ayaklarim beni nereye gotururse oraya gidiyorum.

Dort yanimda tanimadigim insanlar

Damarlarimda dayanilmaz yoklugun 

Bi kadeh daha

Bi kadeh daha

Seni dusunerek sabahi sabah ediyorum

Oysa yalniz degilim, biliyorum

Herkeste ayni dert, ayni keder

Herkes bu sehirde seni unutmak icin icer

Ben unutamiyorum...

 Ümit Yaşar Oğuzcan

Kayıt Tarihi : 9.7.2001 21:32:00",,,,Belirsiz,55
366,Bu Sehirin Meyhaneleri,https://www.antoloji.com/bu-sehirin-meyhaneleri-siiri/?siralama=p,"Her aksam baska meyhanedeyim artik

Ayaklarim beni nereye gotururse oraya gidiyorum.

Dort yanimda tanimadigim insanlar

Damarlarimda dayanilmaz yoklugun 

Bi kadeh daha

Bi kadeh daha

Seni dusunerek sabahi sabah ediyorum

Oysa yalniz degilim, biliyorum

Herkeste ayni dert, ayni keder

Herkes bu sehirde seni unutmak icin icer

Ben unutamiyorum...

 Ümit Yaşar Oğuzcan

Kayıt Tarihi : 9.7.2001 21:32:00",,,,Belirsiz,55
367,Kurşun Yarası,https://www.antoloji.com/kursun-yarasi-siiri/,"İstediğin zaman, rastladığın yerde

Kıyasıya olmalı beni vurusun

Kanım günlerce akmalı caddelerde

Tam kalbime değmeli attığın kursun

Ya kalbime ya alnımın ortasına

En can alacak yerime nisan al

Çare bulunmaz her kursun yarasına

Beni oldur ve acık gözlerime dal

Bir eser olmasın içinde korkudan

Tetiği kininle, garezinle çek

Kursun değil olum çıkmalı namludan

Bırak benim kanım olsun dökülecek

En son kursunun da olsa namluya sur

Nasıl olsa olum var, bari sen oldur

 Ümit Yaşar Oğuzcan

Kayıt Tarihi : 28.8.2000 19:52:00",,,,Belirsiz,80
368,Kurşun Yarası,https://www.antoloji.com/kursun-yarasi-siiri/?siralama=p,"İstediğin zaman, rastladığın yerde

Kıyasıya olmalı beni vurusun

Kanım günlerce akmalı caddelerde

Tam kalbime değmeli attığın kursun

Ya kalbime ya alnımın ortasına

En can alacak yerime nisan al

Çare bulunmaz her kursun yarasına

Beni oldur ve acık gözlerime dal

Bir eser olmasın içinde korkudan

Tetiği kininle, garezinle çek

Kursun değil olum çıkmalı namludan

Bırak benim kanım olsun dökülecek

En son kursunun da olsa namluya sur

Nasıl olsa olum var, bari sen oldur

 Ümit Yaşar Oğuzcan

Kayıt Tarihi : 28.8.2000 19:52:00",,,,Belirsiz,80
369,Unutamamak,https://www.antoloji.com/unutamamak-siiri/,"Sen bilemezsin, paslı hançerdir yalnızlık

Gelir, en can alacak yerimden vurur

Sen bilemezsin, gecenin en uzak bir saatinde

Bir böcek nasıl girer beynime, kımıldar durur?
Sen bilemezsin, çaresizlik nasıl bogar insanı?

Yaşamak bir yerde nasıl çekilmez olur?

Tutunacak bir dal aramaktan, koşmaktan, özlemekten

El yorulur, ayak yorulur, yürek yorulur.
Sen bilemezsin bu türlüsünü ölümün

Bilemezsin, bir tek kibritin cılız aleviyle

Benzine bulanmış bir insan nasıl tutuşur?
Bu belki sevmektir bir yerde, belki unutamamak

Bu, kişinin kendi içinde eriyip, yok olmasıdır

Bilmesen de anlamaya çalış biraz, ne olur.

 Ümit Yaşar Oğuzcan

Kayıt Tarihi : 12.8.2000 15:52:00",,,,Belirsiz,95
370,Unutamamak,https://www.antoloji.com/unutamamak-siiri/?siralama=p,"Sen bilemezsin, paslı hançerdir yalnızlık

Gelir, en can alacak yerimden vurur

Sen bilemezsin, gecenin en uzak bir saatinde

Bir böcek nasıl girer beynime, kımıldar durur?
Sen bilemezsin, çaresizlik nasıl bogar insanı?

Yaşamak bir yerde nasıl çekilmez olur?

Tutunacak bir dal aramaktan, koşmaktan, özlemekten

El yorulur, ayak yorulur, yürek yorulur.
Sen bilemezsin bu türlüsünü ölümün

Bilemezsin, bir tek kibritin cılız aleviyle

Benzine bulanmış bir insan nasıl tutuşur?
Bu belki sevmektir bir yerde, belki unutamamak

Bu, kişinin kendi içinde eriyip, yok olmasıdır

Bilmesen de anlamaya çalış biraz, ne olur.

 Ümit Yaşar Oğuzcan

Kayıt Tarihi : 12.8.2000 15:52:00",,,,Belirsiz,95
371,Güllerin Ağladığı Saat,https://www.antoloji.com/gullerin-agladigi-saat-siiri/,"Güllerin ağladığı bir saat vardır hani

Büyür o saatte yalnızlığı bahçelerin

Düşer korkusu kalbe yaklaşan gecelerin

Bir dev uzatır gökten o çirkin ellerini

Gullerin ağladığı bir saat vardır hani

Her şey o saatlerde merhametsiz ve soğuk

Gitgide uzaklaşır batan güneşle sesin

Bir bakarım ki benden en uzak çizgidesin

Baslar geceye doğru upuzun bir yolculuk

Her şey o saatlerde merhametsiz ve soğuk

Yüzünü hatırlatır gökyüzünde ne varsa

Gözlerin bu saatte kopkoyu elemlidir

Dudakların kim bilir şimdi nasıl nemlidir

Ellerin öyle yanar ufuk nasıl yanarsa

Yüzünü hatırlatır gökyüzünde ne varsa

Bir çıngırak sesidir uzaklarda kaybolan

Umulmadık bir anda bitiverir şarkılar

Kapanır yüzümüze o mermer kapılar

Özlemler ateş simdi anılar duman duman

Bir çıngırak sesidir uzaklarda kaybolan

Ak köpükler kararır deniz görünmez olur

Çağırır yasamaya bizi tek-tuk ışıklar

Böylece üstümüze çöker de karanlıklar

Camlar, bir kapanır, odalar, evler uyur

Ak köpükler kararır deniz görünmez olur

Gullerin ağladığı bir saat vardır hani

Cıvıl cıvıl bahçelerden el-ayak çekilir

Yapraklar düşünceli, dallar hüzün kesilir

Her aksam uzaklara alır oturur seni

Gullerin ağladığı bir saat vardır hani.

 Ümit Yaşar Oğuzcan

Kayıt Tarihi : 28.8.2000 19:33:00",,,,Belirsiz,178
372,Güllerin Ağladığı Saat,https://www.antoloji.com/gullerin-agladigi-saat-siiri/?siralama=p,"Güllerin ağladığı bir saat vardır hani

Büyür o saatte yalnızlığı bahçelerin

Düşer korkusu kalbe yaklaşan gecelerin

Bir dev uzatır gökten o çirkin ellerini

Gullerin ağladığı bir saat vardır hani

Her şey o saatlerde merhametsiz ve soğuk

Gitgide uzaklaşır batan güneşle sesin

Bir bakarım ki benden en uzak çizgidesin

Baslar geceye doğru upuzun bir yolculuk

Her şey o saatlerde merhametsiz ve soğuk

Yüzünü hatırlatır gökyüzünde ne varsa

Gözlerin bu saatte kopkoyu elemlidir

Dudakların kim bilir şimdi nasıl nemlidir

Ellerin öyle yanar ufuk nasıl yanarsa

Yüzünü hatırlatır gökyüzünde ne varsa

Bir çıngırak sesidir uzaklarda kaybolan

Umulmadık bir anda bitiverir şarkılar

Kapanır yüzümüze o mermer kapılar

Özlemler ateş simdi anılar duman duman

Bir çıngırak sesidir uzaklarda kaybolan

Ak köpükler kararır deniz görünmez olur

Çağırır yasamaya bizi tek-tuk ışıklar

Böylece üstümüze çöker de karanlıklar

Camlar, bir kapanır, odalar, evler uyur

Ak köpükler kararır deniz görünmez olur

Gullerin ağladığı bir saat vardır hani

Cıvıl cıvıl bahçelerden el-ayak çekilir

Yapraklar düşünceli, dallar hüzün kesilir

Her aksam uzaklara alır oturur seni

Gullerin ağladığı bir saat vardır hani.

 Ümit Yaşar Oğuzcan

Kayıt Tarihi : 28.8.2000 19:33:00",,,,Belirsiz,178
373,Sonra,https://www.antoloji.com/sonra-3-siiri/,"Bu düzenli yaşamalar olmasa diyorum

Bu sabah kahvaltıları demli çaylar

Kızarmış ekmek dilimleri

Sonra giyinmek bir şey umarak aynalardan

Sonra düşmek yollara son otobüse yetişmek

Sonra çalışmak akşama kadar

Sigara dumanları beylik konuşmalar

Dört yanın taştan heykellerle dolu

Kime seslenirsen sağır

Ne yana bakarsan bir beyaz duvar

Sonra kulaklarında bu şehrin uğultusu

Alabildiğine bir bezginlik yüreğinde

Sonra o geçmek bilmeyen saatler

Sonra akşam

Sonra paydos

Sonra yalnızlık

Sonra keder

Bir gece başımızı alıp gitsek diyorum

Bir deniz kenarı mı olur

Bir dağ başı mı olur

Kaçsak bu kalabalıktan

Bir yer bulsak kendimize

Düzenli yaşamalardan uzakta

Bir yanımızda şehrin ışıkları

Bir yanımızda kucak dolusu yıldızlar

Orada hiç yemesek hiç uyumasa

Hiç düşünmesek yarını

Sonra unutsak sıkıntısını günlerin

Gecenin karanlığını

Sonra bıraksak kendimizi sevgiye erdemliğe mutluluğa

Her nefes alışta duysak yaşadığımızı

Sonra kaybolsak bu özgürlükte

Bu hazda

Bu derin aydınlıkta

Sonra sabah

Sonra paydos

Sonra kurtuluş

Sonra ölüm

 Ümit Yaşar Oğuzcan

Kayıt Tarihi : 9.7.2001 15:21:00",,Önce Sen Sonra Sen,1971.0,Olgunluk Dönemi (1963–1972),154
374,Sonra,https://www.antoloji.com/sonra-3-siiri/?siralama=p,"Bu düzenli yaşamalar olmasa diyorum

Bu sabah kahvaltıları demli çaylar

Kızarmış ekmek dilimleri

Sonra giyinmek bir şey umarak aynalardan

Sonra düşmek yollara son otobüse yetişmek

Sonra çalışmak akşama kadar

Sigara dumanları beylik konuşmalar

Dört yanın taştan heykellerle dolu

Kime seslenirsen sağır

Ne yana bakarsan bir beyaz duvar

Sonra kulaklarında bu şehrin uğultusu

Alabildiğine bir bezginlik yüreğinde

Sonra o geçmek bilmeyen saatler

Sonra akşam

Sonra paydos

Sonra yalnızlık

Sonra keder

Bir gece başımızı alıp gitsek diyorum

Bir deniz kenarı mı olur

Bir dağ başı mı olur

Kaçsak bu kalabalıktan

Bir yer bulsak kendimize

Düzenli yaşamalardan uzakta

Bir yanımızda şehrin ışıkları

Bir yanımızda kucak dolusu yıldızlar

Orada hiç yemesek hiç uyumasa

Hiç düşünmesek yarını

Sonra unutsak sıkıntısını günlerin

Gecenin karanlığını

Sonra bıraksak kendimizi sevgiye erdemliğe mutluluğa

Her nefes alışta duysak yaşadığımızı

Sonra kaybolsak bu özgürlükte

Bu hazda

Bu derin aydınlıkta

Sonra sabah

Sonra paydos

Sonra kurtuluş

Sonra ölüm

 Ümit Yaşar Oğuzcan

Kayıt Tarihi : 9.7.2001 15:21:00",,Önce Sen Sonra Sen,1971.0,Olgunluk Dönemi (1963–1972),154
375,İlk,https://www.antoloji.com/ilk-5-siiri/,"Bir gün sokakta yürürken

Kalbim duruverecek ansızın

Boylu boyunca düşeceğim kaldırımlara

Meraklı insanlar saracak dört yanımı

Çocuklar, askerler, kadınlar...
Sen o anda evde olacaksın

Yaşamanın bütün güzelliği dudaklarında

Bir yandan gömleğimi ütüleyeceksin

Bir yandan şarkı söyleyeceksin
Derken akşam olacak

Bir şiirim gelecek aklına

Senin için yazdığım

Gözlerin yollarda

Kulağın zil sesinde

Boş yere bekleyeceksin beni
Saatler geçecek, gelmeyeceğim

İlk defa olarak yemeğini yalnız yiyeceksin

Ve ben ilk defa olarak yalnız yatacağım

Bir hastanenin ölüler odasında

 Ümit Yaşar Oğuzcan

Kayıt Tarihi : 7.2.2002 05:25:00",,,,Belirsiz,83
376,İlk,https://www.antoloji.com/ilk-5-siiri/?siralama=p,"Bir gün sokakta yürürken

Kalbim duruverecek ansızın

Boylu boyunca düşeceğim kaldırımlara

Meraklı insanlar saracak dört yanımı

Çocuklar, askerler, kadınlar...
Sen o anda evde olacaksın

Yaşamanın bütün güzelliği dudaklarında

Bir yandan gömleğimi ütüleyeceksin

Bir yandan şarkı söyleyeceksin
Derken akşam olacak

Bir şiirim gelecek aklına

Senin için yazdığım

Gözlerin yollarda

Kulağın zil sesinde

Boş yere bekleyeceksin beni
Saatler geçecek, gelmeyeceğim

İlk defa olarak yemeğini yalnız yiyeceksin

Ve ben ilk defa olarak yalnız yatacağım

Bir hastanenin ölüler odasında

 Ümit Yaşar Oğuzcan

Kayıt Tarihi : 7.2.2002 05:25:00",,,,Belirsiz,83
377,Neden Sonra,https://www.antoloji.com/neden-sonra-siiri/,"Bir gün demek ne kadar hazin

Anılarla dolu gecen yıllara! ...

Bakıp da ardında kalan yollara; 

Geri dönememek tek bir an için! 
Büyüttüğün artık umutlar değil, 

Simdi tek gerçek var; çaresizliğin.

Bak! Fırçan kirilmiş, bomboş tuvalin

Ne biraz renk kalmış, ne de bir sekil
Silinmiş o portre, göremezsin ki! 

Daha yakından bak dilersen, eğil; 

Hani o maviler? Hani o sekil? 

Uçup gitmiş mi ne? Hani o sevgi? 
Nerde o dostluklar? Güzel yalanlar? 

Bu kalp neden değil eskisi gibi? 

Bir başka dünyada bulursun belki, 

Geçer de aradan nice zamanlar...
O yer umutların söndüğü yerdir, 

O yerde zavallı butun insanlar! 

Sairler, bilginler ve kahramanlar

O yerden hüzünle geçtiler bir bir
Arındılar sahte, yalan ne varsa

Sonunda denize ulaştı nehir; 

Ne bir beste kaldı, artık ne şiir! 

Bitti aldanışlar, bitti her tasa...
Nice sevenleri aldı o deniz; 

Yine uygulandı en eski yasa; 

Uzak bir sevgimden her ne kalmışsa; 

Unutuldu. Ve duruldu kalbimiz.
Yıllar geçti... Neden sonra anladık:

Yüce olan, bağışlayan tek biziz! 

Her kadehte kalan tortu sevgimiz, 

Her yerde o güneş, hep o aydınlık...

 Ümit Yaşar Oğuzcan

Kayıt Tarihi : 28.8.2000 20:02:00",,,,Belirsiz,179
378,Neden Sonra,https://www.antoloji.com/neden-sonra-siiri/?siralama=p,"Bir gün demek ne kadar hazin

Anılarla dolu gecen yıllara! ...

Bakıp da ardında kalan yollara; 

Geri dönememek tek bir an için! 
Büyüttüğün artık umutlar değil, 

Simdi tek gerçek var; çaresizliğin.

Bak! Fırçan kirilmiş, bomboş tuvalin

Ne biraz renk kalmış, ne de bir sekil
Silinmiş o portre, göremezsin ki! 

Daha yakından bak dilersen, eğil; 

Hani o maviler? Hani o sekil? 

Uçup gitmiş mi ne? Hani o sevgi? 
Nerde o dostluklar? Güzel yalanlar? 

Bu kalp neden değil eskisi gibi? 

Bir başka dünyada bulursun belki, 

Geçer de aradan nice zamanlar...
O yer umutların söndüğü yerdir, 

O yerde zavallı butun insanlar! 

Sairler, bilginler ve kahramanlar

O yerden hüzünle geçtiler bir bir
Arındılar sahte, yalan ne varsa

Sonunda denize ulaştı nehir; 

Ne bir beste kaldı, artık ne şiir! 

Bitti aldanışlar, bitti her tasa...
Nice sevenleri aldı o deniz; 

Yine uygulandı en eski yasa; 

Uzak bir sevgimden her ne kalmışsa; 

Unutuldu. Ve duruldu kalbimiz.
Yıllar geçti... Neden sonra anladık:

Yüce olan, bağışlayan tek biziz! 

Her kadehte kalan tortu sevgimiz, 

Her yerde o güneş, hep o aydınlık...

 Ümit Yaşar Oğuzcan

Kayıt Tarihi : 28.8.2000 20:02:00",,,,Belirsiz,179
379,Ümit,https://www.antoloji.com/umit-125-siiri/,"Evet de

Butun marifetlerimi gostereyim sana

Gor, bir kilo raki nasil icilirmis

Nasil siir yazilirmis ac karnina

Nasil yasanirmis

Nasil sevisilirmis

Ogren

Sana bin yil yasatayim bir gunde

Once evet de umitleneyim

Istersen sonra hayir de.

 Ümit Yaşar Oğuzcan

Kayıt Tarihi : 13.7.2000 17:57:00",,,,Belirsiz,44
380,Ümit,https://www.antoloji.com/umit-125-siiri/?siralama=p,"Evet de

Butun marifetlerimi gostereyim sana

Gor, bir kilo raki nasil icilirmis

Nasil siir yazilirmis ac karnina

Nasil yasanirmis

Nasil sevisilirmis

Ogren

Sana bin yil yasatayim bir gunde

Once evet de umitleneyim

Istersen sonra hayir de.

 Ümit Yaşar Oğuzcan

Kayıt Tarihi : 13.7.2000 17:57:00",,,,Belirsiz,44
381,Bir Çıkmaz Sokakta,https://www.antoloji.com/bir-cikmaz-sokakta-siiri/,"Ne kadar donup dolaşsam, yine de

Hep o çıkmaz sokaktayım çaresiz

Bir umut kırıntısı gözlerimde

Yürüyorum durmadan, dalgın, sesiz
Sokak o sokak, bense ben değilim

Sanki bin yıllar geçmiş aradan

Boşlukta bir şeyler arıyor elim

Belki de mahşere dek bulunmayan
Yitirdiğim neydi, aradığım ne

Çöken ne yüreğime kurşun gibi

Tanrım! ben mi değiştim söylesene

Yoksa bende zamanlar mı eskidi
Bir yerlere varmadan, nasıl böyle

Hiç durmadan akıp gidiyor günler

Yaşam diye verdiğin bu mu söyle

O mu sırtıma sapladığın hançer
Bir çıkmaz sokağın sonunda, işte

Suskun ve tek başına seninleyim

Fanilikten ölmezliğe geçişte

Bilmiyorum, söyle bana, ben neyim
Sevdimse; verdiğin yürekle sevdim

Sen açtın bu ufku karşımda sonsuz

Yürüdüm bir yolun sonuna geldim

Yıkık, üzgün ve paramparça onsuz
Ölüm buysa, Tanrım buysa yaşamak

Sil alnımdan yazdığın bu yazgıyı

Ya bir yere çıksın artık bu sokak

Ya da oldur içimdeki Tanrıyı!...

 Ümit Yaşar Oğuzcan

Kayıt Tarihi : 28.8.2000 18:17:00",,,,Belirsiz,148
382,Bir Çıkmaz Sokakta,https://www.antoloji.com/bir-cikmaz-sokakta-siiri/?siralama=p,"Ne kadar donup dolaşsam, yine de

Hep o çıkmaz sokaktayım çaresiz

Bir umut kırıntısı gözlerimde

Yürüyorum durmadan, dalgın, sesiz
Sokak o sokak, bense ben değilim

Sanki bin yıllar geçmiş aradan

Boşlukta bir şeyler arıyor elim

Belki de mahşere dek bulunmayan
Yitirdiğim neydi, aradığım ne

Çöken ne yüreğime kurşun gibi

Tanrım! ben mi değiştim söylesene

Yoksa bende zamanlar mı eskidi
Bir yerlere varmadan, nasıl böyle

Hiç durmadan akıp gidiyor günler

Yaşam diye verdiğin bu mu söyle

O mu sırtıma sapladığın hançer
Bir çıkmaz sokağın sonunda, işte

Suskun ve tek başına seninleyim

Fanilikten ölmezliğe geçişte

Bilmiyorum, söyle bana, ben neyim
Sevdimse; verdiğin yürekle sevdim

Sen açtın bu ufku karşımda sonsuz

Yürüdüm bir yolun sonuna geldim

Yıkık, üzgün ve paramparça onsuz
Ölüm buysa, Tanrım buysa yaşamak

Sil alnımdan yazdığın bu yazgıyı

Ya bir yere çıksın artık bu sokak

Ya da oldur içimdeki Tanrıyı!...

 Ümit Yaşar Oğuzcan

Kayıt Tarihi : 28.8.2000 18:17:00",,,,Belirsiz,148
383,Düşüle Gerçek Arasında,https://www.antoloji.com/dusule-gercek-arasinda-siiri/,"Durup seninle karsılaşıyorum her yerde

Karsıma çıkıyorsun her köşe başında sen

Kimi gün parklarda, kimi gün sokaklarda, caddelerde

Göz göze geliyoruz, saatlerce bir şey söylemeden.
Hiç değişmemiş diyorum içimden, ne güzel

İste yine o! Yine mahzun, yine dalgın, yine ürkek

Hadi gel diyor dudakları.----Özledim, hadi gel

Biliyorum oysa; uzatsam ellerimi, gidecek.
Bu bir aldanış mi? Yoksa var oluş mu yeniden

Söyle bir son mu? Bir başlangıç mi? Bir donuş mu?

Ne oldu o güzelim zamanlara ansızın uçup giden?
Hadi uyandır beni, söyle; gördüğüm zamansız bir duş mu?

Hadi git, uzaklaş, yokluğuna inandır beni gerçekten

Yoruldum, her bulduğum yerde seni kaybetmekten
UMIT YASAR

En Eski Yalnızlığımdır Aşk Benim
En eski yalnızlığımdır aşk benim

Gitgide büyüyen karanlıklarla

Ne zaman sevdiysem kavruldu tenim

Bir ateşin açtığı yanıklarla
Sabahı olmazdı çok gecelerin 

Alır, götürürlerdi beni onlar

Öptüğüm elleriyle, korkunç derin 

Bir uçurumun kenarına kadar.
Sonra bırakır giderlerdi, üzgün

Bakardım sessizce arkalarından 

Sonra umutsuzluk, gözyaşı ve kan.
Bütün umutlarım biterdi bir gün 

Bir gecenin orsacında kalırdım 

Tek başıma ben, ben ve yalnızlığım.

 Ümit Yaşar Oğuzcan

Kayıt Tarihi : 28.8.2000 19:23:00",,,,Belirsiz,175
384,Düşüle Gerçek Arasında,https://www.antoloji.com/dusule-gercek-arasinda-siiri/?siralama=p,"Durup seninle karsılaşıyorum her yerde

Karsıma çıkıyorsun her köşe başında sen

Kimi gün parklarda, kimi gün sokaklarda, caddelerde

Göz göze geliyoruz, saatlerce bir şey söylemeden.
Hiç değişmemiş diyorum içimden, ne güzel

İste yine o! Yine mahzun, yine dalgın, yine ürkek

Hadi gel diyor dudakları.----Özledim, hadi gel

Biliyorum oysa; uzatsam ellerimi, gidecek.
Bu bir aldanış mi? Yoksa var oluş mu yeniden

Söyle bir son mu? Bir başlangıç mi? Bir donuş mu?

Ne oldu o güzelim zamanlara ansızın uçup giden?
Hadi uyandır beni, söyle; gördüğüm zamansız bir duş mu?

Hadi git, uzaklaş, yokluğuna inandır beni gerçekten

Yoruldum, her bulduğum yerde seni kaybetmekten
UMIT YASAR

En Eski Yalnızlığımdır Aşk Benim
En eski yalnızlığımdır aşk benim

Gitgide büyüyen karanlıklarla

Ne zaman sevdiysem kavruldu tenim

Bir ateşin açtığı yanıklarla
Sabahı olmazdı çok gecelerin 

Alır, götürürlerdi beni onlar

Öptüğüm elleriyle, korkunç derin 

Bir uçurumun kenarına kadar.
Sonra bırakır giderlerdi, üzgün

Bakardım sessizce arkalarından 

Sonra umutsuzluk, gözyaşı ve kan.
Bütün umutlarım biterdi bir gün 

Bir gecenin orsacında kalırdım 

Tek başıma ben, ben ve yalnızlığım.

 Ümit Yaşar Oğuzcan

Kayıt Tarihi : 28.8.2000 19:23:00",,,,Belirsiz,175
385,Çigan Gözler,https://www.antoloji.com/cigan-gozler-siiri/,"Şarkısız ve sensiz kaldığım nice akşamlar

Gözlerin geçer aklımdan özlemler içinde

Gözlerin bir çigan müziği güzelliğinde

Kirpiklerinde keman, bebeklerinde gitar...
İç ürperten sesin her gece odama dolar

Bir buğu yükselircesine göğe kadehten

Nasıl başım döner nasıl mest olurum bilsen

Ağlarım, saçlarında gün doğuncaya kadar...
Mutluluk bir ateştir uzaklarda yaktığın

Ki binlerce 'yay' çekilircesine derinden

En hazin şarkıları dinlerim gözlerinden
Büyür gitgide hüznü içimde yanlızlığın

Dinlerim o hiç susmak bilmeyen çiganları

Ve bir musiki halinde geçen zamanları...

 Ümit Yaşar Oğuzcan

Kayıt Tarihi : 1.8.2001 21:57:00",,Çigan Gözler,1962.0,Erken Dönem (1947–1962),84
386,Çigan Gözler,https://www.antoloji.com/cigan-gozler-siiri/?siralama=p,"Şarkısız ve sensiz kaldığım nice akşamlar

Gözlerin geçer aklımdan özlemler içinde

Gözlerin bir çigan müziği güzelliğinde

Kirpiklerinde keman, bebeklerinde gitar...
İç ürperten sesin her gece odama dolar

Bir buğu yükselircesine göğe kadehten

Nasıl başım döner nasıl mest olurum bilsen

Ağlarım, saçlarında gün doğuncaya kadar...
Mutluluk bir ateştir uzaklarda yaktığın

Ki binlerce 'yay' çekilircesine derinden

En hazin şarkıları dinlerim gözlerinden
Büyür gitgide hüznü içimde yanlızlığın

Dinlerim o hiç susmak bilmeyen çiganları

Ve bir musiki halinde geçen zamanları...

 Ümit Yaşar Oğuzcan

Kayıt Tarihi : 1.8.2001 21:57:00",,Çigan Gözler,1962.0,Erken Dönem (1947–1962),84
387,Serseri Kurşun,https://www.antoloji.com/serseri-kursun-siiri/,"nedir bu çektiklerimiz

alın yazısı 

kim yazmış bu yazıyı

tanrı

tanrı nerde

gökte 

çektim tabancamı

üç el ateş ettim gökyüzüne

bir yıldız vurulup düştü

kanlar içinde...

 Ümit Yaşar Oğuzcan

Kayıt Tarihi : 17.2.2001 01:12:00",,,,Belirsiz,34
388,Serseri Kurşun,https://www.antoloji.com/serseri-kursun-siiri/?siralama=p,"nedir bu çektiklerimiz

alın yazısı 

kim yazmış bu yazıyı

tanrı

tanrı nerde

gökte 

çektim tabancamı

üç el ateş ettim gökyüzüne

bir yıldız vurulup düştü

kanlar içinde...

 Ümit Yaşar Oğuzcan

Kayıt Tarihi : 17.2.2001 01:12:00",,,,Belirsiz,34
389,İnsanoğlu,https://www.antoloji.com/insanoglu-2-siiri/,"-1-
Ne tuhaftır şu insanlar

Kimi zincirleri içinde hür

Kimi esir olmaktan bahtiyar

Kimi de benim gibi binbir şeyi düşünür
Ne tuhaftır şu insanlar

Kimini yel alır, su götürür

Kiminin çilesi sürer mezara kadar

Kimi de gününü gün etmeyi düşünür
-2-
İnsan insanın kadrini bilmezmiş meğer

Anlaşılmadı gitti mısralarım

Çünkü insanlar benim halime güler

Bense onlar için ağlarım
İnsan insanın kadrini bilmezmiş meğer

Birimiz gülsek, ağlıyor onumuz

Bizden kara değilmiş geceler

Bari karanlık olmasaydı sonumuz
-3-
Nice insanlar gördüm ki ben

Dudaklarında en ateşli türküler

Barış içinde yaşamayı bilmeden

Bir savaş meydanında öldüler
Nice insanlar gördüm ki ben

Dudaklarında en bayağı şarkılar

Ve gözlerinde ihtiras ışığı eksilmeden

Birer ilah gibi yaşadılar
-4-
Yarabbi, adaletin bu mu? 

Kuş uçar, yılan sürünür

Düşünmek istemem fani olduğumu

Verdiğin nimetlere şükür
Yarabbi, adaletin bu mu? 

Yaşayan yaşar, ölen toprağa gömülür

Ve hayat sadece bir arzu mu

Bizi korkutan ölüm müdür? 
-5-
Söyleyin ey çizgiden hayaletler

Artık ihtiyar olduğumuz gerçek mi? 

Kaybolan o gamsız saatler

Hiç geri gelmeyecek mi? 
Söyleyin ey çizgiden hayaletler

İn misiniz, cin misiniz? 

Ya siz, ey eşsiz faziletler

Fazilet olduğunuza emin misiniz? 
-6-
Beni kendimden ayırma ya rabbim

Verdiğin her dert benim içindir

Bu saatte içimde seslenen kim

Bu ürpertici ses kimindir? 
Beni kendimden ayırma ya rabbim

İçimdeki şeytanı sustur

Çünkü başım, vücudum, kalbim

Yalnız bana mahsustur

 Ümit Yaşar Oğuzcan

Kayıt Tarihi : 7.2.2002 05:23:00",,İnsanoğlu,1947.0,Erken Dönem (1947–1962),224
390,İnsanoğlu,https://www.antoloji.com/insanoglu-2-siiri/?siralama=p,"-1-
Ne tuhaftır şu insanlar

Kimi zincirleri içinde hür

Kimi esir olmaktan bahtiyar

Kimi de benim gibi binbir şeyi düşünür
Ne tuhaftır şu insanlar

Kimini yel alır, su götürür

Kiminin çilesi sürer mezara kadar

Kimi de gününü gün etmeyi düşünür
-2-
İnsan insanın kadrini bilmezmiş meğer

Anlaşılmadı gitti mısralarım

Çünkü insanlar benim halime güler

Bense onlar için ağlarım
İnsan insanın kadrini bilmezmiş meğer

Birimiz gülsek, ağlıyor onumuz

Bizden kara değilmiş geceler

Bari karanlık olmasaydı sonumuz
-3-
Nice insanlar gördüm ki ben

Dudaklarında en ateşli türküler

Barış içinde yaşamayı bilmeden

Bir savaş meydanında öldüler
Nice insanlar gördüm ki ben

Dudaklarında en bayağı şarkılar

Ve gözlerinde ihtiras ışığı eksilmeden

Birer ilah gibi yaşadılar
-4-
Yarabbi, adaletin bu mu? 

Kuş uçar, yılan sürünür

Düşünmek istemem fani olduğumu

Verdiğin nimetlere şükür
Yarabbi, adaletin bu mu? 

Yaşayan yaşar, ölen toprağa gömülür

Ve hayat sadece bir arzu mu

Bizi korkutan ölüm müdür? 
-5-
Söyleyin ey çizgiden hayaletler

Artık ihtiyar olduğumuz gerçek mi? 

Kaybolan o gamsız saatler

Hiç geri gelmeyecek mi? 
Söyleyin ey çizgiden hayaletler

İn misiniz, cin misiniz? 

Ya siz, ey eşsiz faziletler

Fazilet olduğunuza emin misiniz? 
-6-
Beni kendimden ayırma ya rabbim

Verdiğin her dert benim içindir

Bu saatte içimde seslenen kim

Bu ürpertici ses kimindir? 
Beni kendimden ayırma ya rabbim

İçimdeki şeytanı sustur

Çünkü başım, vücudum, kalbim

Yalnız bana mahsustur

 Ümit Yaşar Oğuzcan

Kayıt Tarihi : 7.2.2002 05:23:00",,İnsanoğlu,1947.0,Erken Dönem (1947–1962),224
391,Takvimli Saat,https://www.antoloji.com/takvimli-saat-siiri/,"Tanrım paran yoksa biz verelim

Kendine bir saat al,

En iyisinden.

Bir daha zamanı şaşırma,

Vakitli vakitsiz öldürme bizi.

 Ümit Yaşar Oğuzcan

Kayıt Tarihi : 10.4.2001 00:24:00",,,,Belirsiz,27
392,Takvimli Saat,https://www.antoloji.com/takvimli-saat-siiri/?siralama=p,"Tanrım paran yoksa biz verelim

Kendine bir saat al,

En iyisinden.

Bir daha zamanı şaşırma,

Vakitli vakitsiz öldürme bizi.

 Ümit Yaşar Oğuzcan

Kayıt Tarihi : 10.4.2001 00:24:00",,,,Belirsiz,27
393,Sevmek,https://www.antoloji.com/sevmek-4-siiri/,"Erimek tadılmamış hazların ortasında

Sevgiden kanatlarla bir boşluğa yükselmek

Yasamak dolu dizgin ve her gün biraz ölmek

Zevklerin sonsuzluğa acılan sofrasında

Akar ta, içimize çeşmelerinden sükun

Dopdolu gollerinde gezer beyaz bir kuğu

Huzur; o sevilmeyen kalplerin unuttuğu

En eski bir seraptır ellerinle sunduğun

Büyük bir yangın gibi ateşin dudaklarda

Duyardan özlemini en uzak bir yıldızın

Sırrına eremeyiz nasıl yandığımızın

Bir gün o ateş bizi alev alev sarar da.

Ne kadar tutuşsak boş, hala yanmak isteriz

Ellerindeki bir şey çeker bizi derine

Bir buyu varmış gibi dalarız gözlerine

Biliriz kanılmasın, yine kanmak isteriz

Bir rüyadan silkinip görürüz tek gerçeği

Çeker bizi o tutku eşiğinden ölümün

Anlarız hayallerin bizi terk ettiği gün

Dünyada tek gerçek var, SENI SEVMEK GERCEGI.

 Ümit Yaşar Oğuzcan

Kayıt Tarihi : 28.8.2000 20:40:00",,Seni Sevmek,1966.0,Olgunluk Dönemi (1963–1972),125
394,Sevmek,https://www.antoloji.com/sevmek-4-siiri/?siralama=p,"Erimek tadılmamış hazların ortasında

Sevgiden kanatlarla bir boşluğa yükselmek

Yasamak dolu dizgin ve her gün biraz ölmek

Zevklerin sonsuzluğa acılan sofrasında

Akar ta, içimize çeşmelerinden sükun

Dopdolu gollerinde gezer beyaz bir kuğu

Huzur; o sevilmeyen kalplerin unuttuğu

En eski bir seraptır ellerinle sunduğun

Büyük bir yangın gibi ateşin dudaklarda

Duyardan özlemini en uzak bir yıldızın

Sırrına eremeyiz nasıl yandığımızın

Bir gün o ateş bizi alev alev sarar da.

Ne kadar tutuşsak boş, hala yanmak isteriz

Ellerindeki bir şey çeker bizi derine

Bir buyu varmış gibi dalarız gözlerine

Biliriz kanılmasın, yine kanmak isteriz

Bir rüyadan silkinip görürüz tek gerçeği

Çeker bizi o tutku eşiğinden ölümün

Anlarız hayallerin bizi terk ettiği gün

Dünyada tek gerçek var, SENI SEVMEK GERCEGI.

 Ümit Yaşar Oğuzcan

Kayıt Tarihi : 28.8.2000 20:40:00",,Seni Sevmek,1966.0,Olgunluk Dönemi (1963–1972),125
395,Yokluğunda İçimin Karanlığı Eksilmez,https://www.antoloji.com/yoklugunda-icimin-karanligi-eksilmez-siiri/,"Yokluğunda içimin karanlığı eksilmez

Dakikalar uzar da gece bitmek bilmez

Sadece uzaklarda yanıp söner o ışık

Kutup yıldızı gibi görülür, erişilmez.

 Ümit Yaşar Oğuzcan

Kayıt Tarihi : 28.8.2000 21:02:00",,,,Belirsiz,29
396,Yokluğunda İçimin Karanlığı Eksilmez,https://www.antoloji.com/yoklugunda-icimin-karanligi-eksilmez-siiri/?siralama=p,"Yokluğunda içimin karanlığı eksilmez

Dakikalar uzar da gece bitmek bilmez

Sadece uzaklarda yanıp söner o ışık

Kutup yıldızı gibi görülür, erişilmez.

 Ümit Yaşar Oğuzcan

Kayıt Tarihi : 28.8.2000 21:02:00",,,,Belirsiz,29
397,Derinlerde,https://www.antoloji.com/derinlerde-siiri/,"Ne zaman tutsam ellerini

Gözlerimin önünden mevsimler geçer

Ne zaman gözlerin gözlerime değse

Saman yolundan bir yıldız düşer
Yasanmış, yaşanacak zamanlar içinde

En güzeli aksam saatleri, buluştuğumuz

Göz göze, iki büyük yangın gibi

O yanıp tutuştuğumuz
Baş döndüren o sonsuz heyecan

Çıldırtan arzular kesen nefesi

En güzel buyun korkuların

Bu ateşte bir bir erimesi
Son değil o başlangıç yaklaşan

Tenin bir yerde aşka hazırlığı

Bir buğu halinde gecen zaman

Ve gözlerde sabahın ilk aydınlığı
Yıllarla büyütmek her dakikti

İnmek seninle derinlerine askın

Öpülen bütün nimetler içinde

En güzeli senin dudakların.

 Ümit Yaşar Oğuzcan

Kayıt Tarihi : 28.8.2000 19:11:00",,,,Belirsiz,98
398,Derinlerde,https://www.antoloji.com/derinlerde-siiri/?siralama=p,"Ne zaman tutsam ellerini

Gözlerimin önünden mevsimler geçer

Ne zaman gözlerin gözlerime değse

Saman yolundan bir yıldız düşer
Yasanmış, yaşanacak zamanlar içinde

En güzeli aksam saatleri, buluştuğumuz

Göz göze, iki büyük yangın gibi

O yanıp tutuştuğumuz
Baş döndüren o sonsuz heyecan

Çıldırtan arzular kesen nefesi

En güzel buyun korkuların

Bu ateşte bir bir erimesi
Son değil o başlangıç yaklaşan

Tenin bir yerde aşka hazırlığı

Bir buğu halinde gecen zaman

Ve gözlerde sabahın ilk aydınlığı
Yıllarla büyütmek her dakikti

İnmek seninle derinlerine askın

Öpülen bütün nimetler içinde

En güzeli senin dudakların.

 Ümit Yaşar Oğuzcan

Kayıt Tarihi : 28.8.2000 19:11:00",,,,Belirsiz,98
399,Çok Geç,https://www.antoloji.com/cok-gec-2-siiri/,"Israrına kandım diyemezsin, çok geç. 

Bir anda inandım diyemezsin, çok geç! 

Kor nerde ki? Bir baksana küller soğumuş... 

Ateş gibi yandım diyemezsin, çok geç!

 Ümit Yaşar Oğuzcan

Kayıt Tarihi : 4.1.2001 14:19:00",,,,Belirsiz,32
400,Çok Geç,https://www.antoloji.com/cok-gec-2-siiri/?siralama=p,"Israrına kandım diyemezsin, çok geç. 

Bir anda inandım diyemezsin, çok geç! 

Kor nerde ki? Bir baksana küller soğumuş... 

Ateş gibi yandım diyemezsin, çok geç!

 Ümit Yaşar Oğuzcan

Kayıt Tarihi : 4.1.2001 14:19:00",,,,Belirsiz,32
401,Korku,https://www.antoloji.com/korku-20-siiri/,"Yüreğimde yeryüzünün ağırlığı var

Başımda bütün rüzgarların uğultusu

Dalgalanır içimde en yüce dağlar

Büyük kederlerim denizler dolusu
Ne yana baksam gecedir, karanlıktır

Her köşede beni bekler binbir pusu

Ben zamanları içmişim asır asır

Kadehimde geçmiş çağların tortusu
Anlatır sana özlemini gözlerim

Ben her iki cihanda seni isterim

Ne bir dilim ekmek, ne de bir yudum su
Bu tren nerede duracak kimbilir

Sen ol yeter, gerisi bana vız gelir

İçimde bir korku var, sensiz ölmek korkusu

 Ümit Yaşar Oğuzcan

Kayıt Tarihi : 3.2.2002 05:06:00",,,,Belirsiz,83
402,Korku,https://www.antoloji.com/korku-20-siiri/?siralama=p,"Yüreğimde yeryüzünün ağırlığı var

Başımda bütün rüzgarların uğultusu

Dalgalanır içimde en yüce dağlar

Büyük kederlerim denizler dolusu
Ne yana baksam gecedir, karanlıktır

Her köşede beni bekler binbir pusu

Ben zamanları içmişim asır asır

Kadehimde geçmiş çağların tortusu
Anlatır sana özlemini gözlerim

Ben her iki cihanda seni isterim

Ne bir dilim ekmek, ne de bir yudum su
Bu tren nerede duracak kimbilir

Sen ol yeter, gerisi bana vız gelir

İçimde bir korku var, sensiz ölmek korkusu

 Ümit Yaşar Oğuzcan

Kayıt Tarihi : 3.2.2002 05:06:00",,,,Belirsiz,83
403,Bitmeyen Sarhoşluk,https://www.antoloji.com/bitmeyen-sarhosluk-siiri/,"Bütün kadehlerimi hep sana adıyorum

Hep senin için bu bir bir boşalan şişeler

Umutsuzluğum, sarhoşluğum senin eserin

Senin yüzünden bu delicesine içmeler
Dayanmak zor yalnızlığına akşamların

Unutmak mümkün değil seni bir şarkı gibi

Ağır ağır ilerleyen bu zaman içinde

Her an bir sarhoşluktur sensizliğin verdiği
Odur bu boy boy şişeler, bu renk renk kadehler

Yoksa bu çirkin yalnızlık, bu keder o değil

Bütün içkilerden sert yokluğundur, anladım

Yokluğundur yakan kanımı, ispirto değil

 Ümit Yaşar Oğuzcan

Kayıt Tarihi : 2.9.2002 05:04:00",,,,Belirsiz,80
404,Bitmeyen Sarhoşluk,https://www.antoloji.com/bitmeyen-sarhosluk-siiri/?siralama=p,"Bütün kadehlerimi hep sana adıyorum

Hep senin için bu bir bir boşalan şişeler

Umutsuzluğum, sarhoşluğum senin eserin

Senin yüzünden bu delicesine içmeler
Dayanmak zor yalnızlığına akşamların

Unutmak mümkün değil seni bir şarkı gibi

Ağır ağır ilerleyen bu zaman içinde

Her an bir sarhoşluktur sensizliğin verdiği
Odur bu boy boy şişeler, bu renk renk kadehler

Yoksa bu çirkin yalnızlık, bu keder o değil

Bütün içkilerden sert yokluğundur, anladım

Yokluğundur yakan kanımı, ispirto değil

 Ümit Yaşar Oğuzcan

Kayıt Tarihi : 2.9.2002 05:04:00",,,,Belirsiz,80
405,Umutların Bittiği Yerde,https://www.antoloji.com/umutlarin-bittigi-yerde-siiri/,"Bir düş gibi başladı her şey, o sonsuz

Ve el degmemiş güzelliginde aşkın

Uzaklarda arayıp da buldugumuz

Belki de bizdik, sesiz ve dalgın
Her yer yeşile kesmişti yaprak yaprak

Büyülü sesizliginde ormanların

Elele, daglar ve denizler aşarak

Bir yere vardık, mutluluga en yakın
Öyle yükseldik, göge degdi başımız

Tüm mesafelerini aştık dünyanın

Öylesine hür ve öyle yapayalnız
Ve sonra bir yere geldik ki ıpıssız

Çaresizlik bir tek hançer gibi yalın

Saplandı bagrına bütün umutların

 Ümit Yaşar Oğuzcan

Kayıt Tarihi : 12.8.2000 15:51:00",,,,Belirsiz,82
406,Umutların Bittiği Yerde,https://www.antoloji.com/umutlarin-bittigi-yerde-siiri/?siralama=p,"Bir düş gibi başladı her şey, o sonsuz

Ve el degmemiş güzelliginde aşkın

Uzaklarda arayıp da buldugumuz

Belki de bizdik, sesiz ve dalgın
Her yer yeşile kesmişti yaprak yaprak

Büyülü sesizliginde ormanların

Elele, daglar ve denizler aşarak

Bir yere vardık, mutluluga en yakın
Öyle yükseldik, göge degdi başımız

Tüm mesafelerini aştık dünyanın

Öylesine hür ve öyle yapayalnız
Ve sonra bir yere geldik ki ıpıssız

Çaresizlik bir tek hançer gibi yalın

Saplandı bagrına bütün umutların

 Ümit Yaşar Oğuzcan

Kayıt Tarihi : 12.8.2000 15:51:00",,,,Belirsiz,82
407,Yorgun Savaşçının,https://www.antoloji.com/yorgun-savascinin-siiri-siiri/,"İnsan bir açmaza düşmeye görsün

Başlamasın bir çöküntü yürekte

Ölümdür o yerde düşündügün

Sevilmek de boştur artık sevmek de
Gün ortası karanlık diz boyudur

Acıdır hep geçmişten ne kalmışsa

Yaşamak! O yanıtsız bir sorudur

Huzur bitmiş, hayaller dagılmışsa
Nefes almak yitirir anlamını

Bogazına dizilirken lokmalar

Bir çaresizlik sarar dört yanını

Sesler uzaklaşır, söner lambalar
İsyanın yüregine sıgmaz olur

Hep kader gelmişse sevinç yerine

Ölümün kara gölgesini bulur

Şimdi bakanlar yorgun gözlerine
Bir bozgun başlamıştır ki amansız

Düşmüştür kalelerin birer birer

Bak! Savaşcıların yatıyor cansız

Onlar ki hep sevdiler, hep verdiler
Yitirdin neyin varsa, anla artık

Tek başına kalan sensin ortada

Düşlerin toz duman, umutlar kırık

Dün anlamsız, yarınlar paramparça
Yapayalnızsın koca bir evrende

Uzakta, taparcasına sevdigin

Gelmiyecek, ne kadar gel desen de

Ondan böyle bir yangın yeri için
Ondan böyle yıkılan bir dünyanın

Altında bak tek başına kalmışsın

Uzagında özledinin bir anın

Çökmüşsün, devrilmişsin, yıkılmışsın
Sarmış kollarını boynuna ölüm

Ne yapsan boş, kurtulamazıin artık

De ki:-- Hep yalanmış, bitiyor öyküm--

Bak! Can kuşun havalarda çıglık çıglık...

 Ümit Yaşar Oğuzcan

Kayıt Tarihi : 11.8.2000 15:56:00",,,,Belirsiz,174
408,Yorgun Savaşçının,https://www.antoloji.com/yorgun-savascinin-siiri-siiri/?siralama=p,"İnsan bir açmaza düşmeye görsün

Başlamasın bir çöküntü yürekte

Ölümdür o yerde düşündügün

Sevilmek de boştur artık sevmek de
Gün ortası karanlık diz boyudur

Acıdır hep geçmişten ne kalmışsa

Yaşamak! O yanıtsız bir sorudur

Huzur bitmiş, hayaller dagılmışsa
Nefes almak yitirir anlamını

Bogazına dizilirken lokmalar

Bir çaresizlik sarar dört yanını

Sesler uzaklaşır, söner lambalar
İsyanın yüregine sıgmaz olur

Hep kader gelmişse sevinç yerine

Ölümün kara gölgesini bulur

Şimdi bakanlar yorgun gözlerine
Bir bozgun başlamıştır ki amansız

Düşmüştür kalelerin birer birer

Bak! Savaşcıların yatıyor cansız

Onlar ki hep sevdiler, hep verdiler
Yitirdin neyin varsa, anla artık

Tek başına kalan sensin ortada

Düşlerin toz duman, umutlar kırık

Dün anlamsız, yarınlar paramparça
Yapayalnızsın koca bir evrende

Uzakta, taparcasına sevdigin

Gelmiyecek, ne kadar gel desen de

Ondan böyle bir yangın yeri için
Ondan böyle yıkılan bir dünyanın

Altında bak tek başına kalmışsın

Uzagında özledinin bir anın

Çökmüşsün, devrilmişsin, yıkılmışsın
Sarmış kollarını boynuna ölüm

Ne yapsan boş, kurtulamazıin artık

De ki:-- Hep yalanmış, bitiyor öyküm--

Bak! Can kuşun havalarda çıglık çıglık...

 Ümit Yaşar Oğuzcan

Kayıt Tarihi : 11.8.2000 15:56:00",,,,Belirsiz,174
409,Yabancı,https://www.antoloji.com/yabanci-4-siiri/,"Hangi cennetten geldim bu cehenneme

Ki her yokluk bendedir, her acı benim

Baltalar kıyasıya inmiş govdeme

Bak! Şu devrilen hayat agacı benim
Bir gün beni de unut her yalan gibi

Adımı sokaklara tükür kan gibi

Oysaki yaşadıkça bir çıban gibi

İçinde sızlayacak o sancı benim
Terkedilmiş eski bir şehircesine

Sensiz yaşıyor o can verircesine

Tutuşmuş özleminle erircesine

Bir zaman sevdigin bu yabancı benim

 Ümit Yaşar Oğuzcan

Kayıt Tarihi : 12.8.2000 15:50:00",,,,Belirsiz,71
410,Yabancı,https://www.antoloji.com/yabanci-4-siiri/?siralama=p,"Hangi cennetten geldim bu cehenneme

Ki her yokluk bendedir, her acı benim

Baltalar kıyasıya inmiş govdeme

Bak! Şu devrilen hayat agacı benim
Bir gün beni de unut her yalan gibi

Adımı sokaklara tükür kan gibi

Oysaki yaşadıkça bir çıban gibi

İçinde sızlayacak o sancı benim
Terkedilmiş eski bir şehircesine

Sensiz yaşıyor o can verircesine

Tutuşmuş özleminle erircesine

Bir zaman sevdigin bu yabancı benim

 Ümit Yaşar Oğuzcan

Kayıt Tarihi : 12.8.2000 15:50:00",,,,Belirsiz,71
411,Gidişin,https://www.antoloji.com/gidisin-2-siiri/,"Gidişin ölümüydü umutlarımın

Güllerin yüreğimde can verisiydi

Ufkumda her aksam hüzünlü ve dalgın

Seninle batan ömrümün güneşiydi
Ardında bir İstanbul bıraktın öksüz

içimde yokluğun ateşini yaktın

Karanlıklar ortasında güpegündüz

Yıkılmış dağılmış bir adam bıraktın
Gün, Gün yaklaşan bir şey var; ölümü mü ne?

Değilse içimde bu ürperti neden!

Dolasan kim benimle deli divane
Güzel olan herseldi seninle giden

Simdi butun hayallerim yoksul kaldı

gittin, BANA BU REZIL ISTANBUL KALDI

 Ümit Yaşar Oğuzcan

Kayıt Tarihi : 28.8.2000 19:29:00",,,,Belirsiz,77
412,Gidişin,https://www.antoloji.com/gidisin-2-siiri/?siralama=p,"Gidişin ölümüydü umutlarımın

Güllerin yüreğimde can verisiydi

Ufkumda her aksam hüzünlü ve dalgın

Seninle batan ömrümün güneşiydi
Ardında bir İstanbul bıraktın öksüz

içimde yokluğun ateşini yaktın

Karanlıklar ortasında güpegündüz

Yıkılmış dağılmış bir adam bıraktın
Gün, Gün yaklaşan bir şey var; ölümü mü ne?

Değilse içimde bu ürperti neden!

Dolasan kim benimle deli divane
Güzel olan herseldi seninle giden

Simdi butun hayallerim yoksul kaldı

gittin, BANA BU REZIL ISTANBUL KALDI

 Ümit Yaşar Oğuzcan

Kayıt Tarihi : 28.8.2000 19:29:00",,,,Belirsiz,77
413,Yarınlarda,https://www.antoloji.com/yarinlarda-2-siiri/,"Şimdi uzaklarda evinde uyuyor olmalısın

Gördüğün, düşlerin en güzelidir yavrum

Saçların dağılmıştır yastığın üzerine

Göğsün hafifçe açılmıştır, biliyorum
Kimbilir nasıl geçmiştir akşam saatleri, gece

Gözlerin nasıl da koyulaşmıştır hüzünden

Duvarlar üzerine yıkılmıştır birer birer

Bensiz bir gün daha eksilmiştir ömründen
Kitaplar, plaklar, şunlar, bunlar hepsi boş

Severken kolay değil avunmak, baksana

Yine kör karanlığında bir gecenin

Oturmuş özlem şiirleri yazıyorum sana
Dudaklarını anımsıyorum ekmekten sudan aziz

Ellerini anımsıyorum saçlarımda sevecen

Sonra gözlerin, dupduru, yalansız, kuytu

Seni andıkça bir imbat esiyor Ege'den
Yaşanacak yıllarımız olmalı diyorum seninle

Uyuyacaksan kollarımda uyumalısın

Vaktin olursa sevişmekten deli gibi

Başını omuzlarıma koymalısın
En güzel sözcüklerle, öpüşlerle, şiirlerle

Sana sevgimi anlatmalıyım uzun uzun

Pencereden gökyüzü görünmeli, yıldızlar

Tek tanığı olmalı mutluluğumuzun
Uyanmalısın doğan günle birlikte

Yeniden sevişmeye durmalıyız, yeniden

Ve yepyeni bir dünya yaratmalıyız

Her anı aşktan, mutluluktan, sevgiden

 Ümit Yaşar Oğuzcan

Kayıt Tarihi : 12.1.2002 05:12:00",,,,Belirsiz,141
414,Yarınlarda,https://www.antoloji.com/yarinlarda-2-siiri/?siralama=p,"Şimdi uzaklarda evinde uyuyor olmalısın

Gördüğün, düşlerin en güzelidir yavrum

Saçların dağılmıştır yastığın üzerine

Göğsün hafifçe açılmıştır, biliyorum
Kimbilir nasıl geçmiştir akşam saatleri, gece

Gözlerin nasıl da koyulaşmıştır hüzünden

Duvarlar üzerine yıkılmıştır birer birer

Bensiz bir gün daha eksilmiştir ömründen
Kitaplar, plaklar, şunlar, bunlar hepsi boş

Severken kolay değil avunmak, baksana

Yine kör karanlığında bir gecenin

Oturmuş özlem şiirleri yazıyorum sana
Dudaklarını anımsıyorum ekmekten sudan aziz

Ellerini anımsıyorum saçlarımda sevecen

Sonra gözlerin, dupduru, yalansız, kuytu

Seni andıkça bir imbat esiyor Ege'den
Yaşanacak yıllarımız olmalı diyorum seninle

Uyuyacaksan kollarımda uyumalısın

Vaktin olursa sevişmekten deli gibi

Başını omuzlarıma koymalısın
En güzel sözcüklerle, öpüşlerle, şiirlerle

Sana sevgimi anlatmalıyım uzun uzun

Pencereden gökyüzü görünmeli, yıldızlar

Tek tanığı olmalı mutluluğumuzun
Uyanmalısın doğan günle birlikte

Yeniden sevişmeye durmalıyız, yeniden

Ve yepyeni bir dünya yaratmalıyız

Her anı aşktan, mutluluktan, sevgiden

 Ümit Yaşar Oğuzcan

Kayıt Tarihi : 12.1.2002 05:12:00",,,,Belirsiz,141
415,Ötesi Yok,https://www.antoloji.com/otesi-yok-siiri/,"Aşk için yeryüzünde uzaktan ötesi yok 

En uzun gecelere şafaktan ötesi yok 

Yaklaşanlar tanrıya o gerçek aşıkladır 

Nehirlerce denize varmaktan ötesi yok 

Taş bir duvardır her gün dikilen karşımıza 

En ulu ağaçlara yapraktan ötesi yok 

Elverir bunca keder, yeter bunca ayrılık 

Tutuşmuş bir dal için ocaktan ötesi yok 

Ne çıkar bu son ateş isterse hiç sönmesin 

Yanan için çöllerde sıcaktan ötesi yok 

Elbette ömür biter, can gider ey sevgili 

Aşkı sende bulana topraktan ötesi yok

 Ümit Yaşar Oğuzcan

Kayıt Tarihi : 4.1.2001 14:39:00",,Ötesi Yok,1963.0,Olgunluk Dönemi (1963–1972),83
416,Ötesi Yok,https://www.antoloji.com/otesi-yok-siiri/?siralama=p,"Aşk için yeryüzünde uzaktan ötesi yok 

En uzun gecelere şafaktan ötesi yok 

Yaklaşanlar tanrıya o gerçek aşıkladır 

Nehirlerce denize varmaktan ötesi yok 

Taş bir duvardır her gün dikilen karşımıza 

En ulu ağaçlara yapraktan ötesi yok 

Elverir bunca keder, yeter bunca ayrılık 

Tutuşmuş bir dal için ocaktan ötesi yok 

Ne çıkar bu son ateş isterse hiç sönmesin 

Yanan için çöllerde sıcaktan ötesi yok 

Elbette ömür biter, can gider ey sevgili 

Aşkı sende bulana topraktan ötesi yok

 Ümit Yaşar Oğuzcan

Kayıt Tarihi : 4.1.2001 14:39:00",,Ötesi Yok,1963.0,Olgunluk Dönemi (1963–1972),83
417,Serenad II,https://www.antoloji.com/serenad-ii-siiri/,"Ellerimle seni düşünüyorum 

Ellerine karşı 

Ellerin halden anlamaz 

Ellerin zalim 

Ellerin güzel 

Ellerin beyaz 

Benim ellerim kaba 

Benim ellerim çirkin 

Benim ellerim 

Seni düşünmeden yaşayamaz 

Uzat ellerini 

Tut ellerimden 

Ellerim mağrurdur ağlayamaz 
Gözlerimle seni düşünüyorum 

Gözlerine karşı 

Gözlerin denizler gibi 

Gözlerin gökyüzüne benzer 

Gözlerin yıldız yıldız 

Gözlerin masmavi 

Benim gözlerim yorgun 

Benim gözlerim perişan 

Beni gözlerim seni düşünüyor 

Bakma gözlerime 

Yeter artık 

Başım dönüyor 
Dudaklarımla seni düşünüyorum 

Dudaklarına karşı 

Dudaklarına merhametsiz 

Ellerin gibi beyaz değil 

Gözlerin gibi mavi değil 

Kıpkırmızı dudakların 

Benim dudaklarım anlaşılmamış 

Benim dudaklarım kahrolmuş zamanla 

Tutma ellerimden 

Bakma gözlerime 

Dudaklarımı anla

 Ümit Yaşar Oğuzcan

Kayıt Tarihi : 17.11.2001 18:58:00",,,,Belirsiz,102
418,Serenad II,https://www.antoloji.com/serenad-ii-siiri/?siralama=p,"Ellerimle seni düşünüyorum 

Ellerine karşı 

Ellerin halden anlamaz 

Ellerin zalim 

Ellerin güzel 

Ellerin beyaz 

Benim ellerim kaba 

Benim ellerim çirkin 

Benim ellerim 

Seni düşünmeden yaşayamaz 

Uzat ellerini 

Tut ellerimden 

Ellerim mağrurdur ağlayamaz 
Gözlerimle seni düşünüyorum 

Gözlerine karşı 

Gözlerin denizler gibi 

Gözlerin gökyüzüne benzer 

Gözlerin yıldız yıldız 

Gözlerin masmavi 

Benim gözlerim yorgun 

Benim gözlerim perişan 

Beni gözlerim seni düşünüyor 

Bakma gözlerime 

Yeter artık 

Başım dönüyor 
Dudaklarımla seni düşünüyorum 

Dudaklarına karşı 

Dudaklarına merhametsiz 

Ellerin gibi beyaz değil 

Gözlerin gibi mavi değil 

Kıpkırmızı dudakların 

Benim dudaklarım anlaşılmamış 

Benim dudaklarım kahrolmuş zamanla 

Tutma ellerimden 

Bakma gözlerime 

Dudaklarımı anla

 Ümit Yaşar Oğuzcan

Kayıt Tarihi : 17.11.2001 18:58:00",,,,Belirsiz,102
419,Ben Yine Geleceğim,https://www.antoloji.com/ben-yine-gelecegim-siiri/,"Kucağımda bir yığın

Meyvası ayrılığın, 

Ben yine geleceğim

Benim küçük meleğim.

O ela gözlerinde

Parlıyacak bir inci, 

Ve bütün sözlerinde

Kavuşmanın sevinci.
Gönle hasret sinecek, 

Islanacak mendilim.

Fakat bir gün dinecek

Kalbimizin özlemi, 

Ve bu küçücük gemi, 

Açılacak engine

Geleceğim ben yine, 

Sen üzülme sevgilim.
Çekip bütün günleri

Bir uzun sicim gibi.

İnan temiz meleğim

Böyle gittiğim gibi

Ben yine geleceğim.

Yalnız güzel çocuğum; 

Dua et ki çok uzun

Sürmesin yolculuğum.

 Ümit Yaşar Oğuzcan

Kayıt Tarihi : 28.7.2001 19:39:00",,,,Belirsiz,79
420,Ben Yine Geleceğim,https://www.antoloji.com/ben-yine-gelecegim-siiri/?siralama=p,"Kucağımda bir yığın

Meyvası ayrılığın, 

Ben yine geleceğim

Benim küçük meleğim.

O ela gözlerinde

Parlıyacak bir inci, 

Ve bütün sözlerinde

Kavuşmanın sevinci.
Gönle hasret sinecek, 

Islanacak mendilim.

Fakat bir gün dinecek

Kalbimizin özlemi, 

Ve bu küçücük gemi, 

Açılacak engine

Geleceğim ben yine, 

Sen üzülme sevgilim.
Çekip bütün günleri

Bir uzun sicim gibi.

İnan temiz meleğim

Böyle gittiğim gibi

Ben yine geleceğim.

Yalnız güzel çocuğum; 

Dua et ki çok uzun

Sürmesin yolculuğum.

 Ümit Yaşar Oğuzcan

Kayıt Tarihi : 28.7.2001 19:39:00",,,,Belirsiz,79
421,Ümit Dünyası,https://www.antoloji.com/umit-dunyasi-siiri/,"Beni seviyorsun değil mi? 

Çocuklarımız olacak değil mi? 

Bu fakirlikten kurtulacağız değil mi? 

Çektiğimiz sıkıntıları unutacağız değil mi? 
Altı toprak, üstü toprak

Kutu gibi bir evimiz olacak

Öldüğümüzü kim bilecek

Değil mi?

 Ümit Yaşar Oğuzcan

Kayıt Tarihi : 7.2.2002 05:06:00",,,,Belirsiz,40
422,Ümit Dünyası,https://www.antoloji.com/umit-dunyasi-siiri/?siralama=p,"Beni seviyorsun değil mi? 

Çocuklarımız olacak değil mi? 

Bu fakirlikten kurtulacağız değil mi? 

Çektiğimiz sıkıntıları unutacağız değil mi? 
Altı toprak, üstü toprak

Kutu gibi bir evimiz olacak

Öldüğümüzü kim bilecek

Değil mi?

 Ümit Yaşar Oğuzcan

Kayıt Tarihi : 7.2.2002 05:06:00",,,,Belirsiz,40
423,Ölümlü Dünya,https://www.antoloji.com/olumlu-dunya-siiri/,"Ben yaşamak istiyorum

Gencim daha

Söyleyecek çok şeylerim var

İnsanlara ve Allaha
Ben yaşamak istiyorum

Hayata doymadım henüz

Bir gün yarıda kalmış bir film gibi

Bitecek mi ömrümüz? 
Ben yaşamak istiyorum

Şu ölümlü dünyada

Ölüm güzel olsa da
Ben yaşamak istiyorum

Hayat dolu ellerim, kalbim, başım

Yaşamak için yaratılmışım

 Ümit Yaşar Oğuzcan

Kayıt Tarihi : 7.2.2002 05:14:00",,,,Belirsiz,57
424,Ölümlü Dünya,https://www.antoloji.com/olumlu-dunya-siiri/?siralama=p,"Ben yaşamak istiyorum

Gencim daha

Söyleyecek çok şeylerim var

İnsanlara ve Allaha
Ben yaşamak istiyorum

Hayata doymadım henüz

Bir gün yarıda kalmış bir film gibi

Bitecek mi ömrümüz? 
Ben yaşamak istiyorum

Şu ölümlü dünyada

Ölüm güzel olsa da
Ben yaşamak istiyorum

Hayat dolu ellerim, kalbim, başım

Yaşamak için yaratılmışım

 Ümit Yaşar Oğuzcan

Kayıt Tarihi : 7.2.2002 05:14:00",,,,Belirsiz,57
425,Tesbih,https://www.antoloji.com/tesbih-siiri/,"Sen giderken gozlerim dop doluydu

Ve yagan yagmurla caddeler ıslak

Yoklugundan bir ruzgar esti hazin

Teselliler dokuldu yaprak yaprak
Gokyuzunde bir bir sondu yıldızlar

Bir karanlık geldi gittigin yerden

Umitlerim vardı tesbih misali

Sen giderken dagılıverdiler birden

 Ümit Yaşar Oğuzcan

Kayıt Tarihi : 14.11.2000 00:48:00",,,,Belirsiz,45
426,Tesbih,https://www.antoloji.com/tesbih-siiri/?siralama=p,"Sen giderken gozlerim dop doluydu

Ve yagan yagmurla caddeler ıslak

Yoklugundan bir ruzgar esti hazin

Teselliler dokuldu yaprak yaprak
Gokyuzunde bir bir sondu yıldızlar

Bir karanlık geldi gittigin yerden

Umitlerim vardı tesbih misali

Sen giderken dagılıverdiler birden

 Ümit Yaşar Oğuzcan

Kayıt Tarihi : 14.11.2000 00:48:00",,,,Belirsiz,45
427,Sevenler İçin,https://www.antoloji.com/sevenler-icin-siiri/,"Perdeleri kapat, sevgime tanık istemem

Işığı sondur, gel otur yanıma konuş

Er geç anlaşacağız başka çaremiz yok

Sonra sevişeceğiz, bu düzen böyle kurulmuş
İstersen yine hep hayır de, olmaz de, ne çıkar

Her şey olacağına varıyor çaresiz

Yasamak zorundayız, sen de biliyorsun

Öyleyse gel otur yanıma sevişmeliyiz
Durmadan sevişmeliyiz aslında gece gündüz

Daima istekli aç, doymak bilmez, vahşi çılgın

Sabaha karşı koşu atları gibi yorgun argın
Yine de usanmış değil, pişman değil, bıkkın değil

Belki biraz sarhoş, biraz durgun, biraz uykulu

Ama her zaman ateşli, sabırsız, her zaman dolu

 Ümit Yaşar Oğuzcan

Kayıt Tarihi : 28.8.2000 20:36:00",,,,Belirsiz,97
428,Sevenler İçin,https://www.antoloji.com/sevenler-icin-siiri/?siralama=p,"Perdeleri kapat, sevgime tanık istemem

Işığı sondur, gel otur yanıma konuş

Er geç anlaşacağız başka çaremiz yok

Sonra sevişeceğiz, bu düzen böyle kurulmuş
İstersen yine hep hayır de, olmaz de, ne çıkar

Her şey olacağına varıyor çaresiz

Yasamak zorundayız, sen de biliyorsun

Öyleyse gel otur yanıma sevişmeliyiz
Durmadan sevişmeliyiz aslında gece gündüz

Daima istekli aç, doymak bilmez, vahşi çılgın

Sabaha karşı koşu atları gibi yorgun argın
Yine de usanmış değil, pişman değil, bıkkın değil

Belki biraz sarhoş, biraz durgun, biraz uykulu

Ama her zaman ateşli, sabırsız, her zaman dolu

 Ümit Yaşar Oğuzcan

Kayıt Tarihi : 28.8.2000 20:36:00",,,,Belirsiz,97
429,Mersin'de,https://www.antoloji.com/mersin-de-siiri/,"Günlerim ne iyi geçti Mersin'de

Alabildiğine deniz, sonra sen

Karanlık gecelerin ötesinde

Tek sevgili, yine tek hatıra sen
Unutulur mu derin şafaklarda

Seninle geçen mesut dakikalar

Birer şarkı gibiydi dudaklarda

Güneşler, yıldızlar ve şahikalar
Böyle de olsa, gönlümce de olsa

Seninle geçen her an dünyaya değer

Sabah da, akşam da, gece de olsa
Bir daha dünyaya gelirsem eğer

İsterim ömrümün her senesinde

Günlerim hep böyle geçsin Mersin'de

 Ümit Yaşar Oğuzcan

Kayıt Tarihi : 3.2.2002 05:20:00",,,,Belirsiz,75
430,Mersin'de,https://www.antoloji.com/mersin-de-siiri/?siralama=p,"Günlerim ne iyi geçti Mersin'de

Alabildiğine deniz, sonra sen

Karanlık gecelerin ötesinde

Tek sevgili, yine tek hatıra sen
Unutulur mu derin şafaklarda

Seninle geçen mesut dakikalar

Birer şarkı gibiydi dudaklarda

Güneşler, yıldızlar ve şahikalar
Böyle de olsa, gönlümce de olsa

Seninle geçen her an dünyaya değer

Sabah da, akşam da, gece de olsa
Bir daha dünyaya gelirsem eğer

İsterim ömrümün her senesinde

Günlerim hep böyle geçsin Mersin'de

 Ümit Yaşar Oğuzcan

Kayıt Tarihi : 3.2.2002 05:20:00",,,,Belirsiz,75
431,Birinci Mektup,https://www.antoloji.com/birinci-mektup-siiri/,"geceydi...

bütün insanların çırılçıplak olduğu bir zamandı.

onları düşünüyordum; gümüş tepsilerdeki kristal kadehlerden

zamanı yudumlayan insanları düşünüyordum.

irili ufaklı aynaların karşısında

enseleri bembeyaz kadınlar boyanıyordu.

uzun uzun parmakları  vardı kadınların.

öpülmeye alışmış dolgun dudakları vardı.

kocaman kocamandı kalçaları.

o kadınları düşünüyordum.
bir kurt bir geyiği kovalıyordu yüreğimde.

geyik soluk soluğaydı, yorgundu, bitkindi.

karların üzerinde akıp giden bir yıldız gibiydi.

koşuyordu.

koşmak kurtuluş değildi belki, 

ama bir ümitti.

koşmalıydı.
oysa birer namlu ağzıydı kurdun gözleri.

avına güvenle, şehvetle yaklaşıyordu.

yeni bilenmiş, sedef saplı bıçaklara benziyordu dişleri.

bütün dileği et ve kandı.

istese geyiğe hemen yetişebilirdi

ama uzasın istiyordu bu şehvetli koşu

bu bütün damarlarına yayılan sarhoşluk

bitmesin istiyordu.
ben seni düşünüyordum.

çünkü geceydi.

sevişme zamanıydı insanların.

yalnızdım.

beni kuşatan duvarlar birer beyaz çarşaftı bu saatte.

kapılar tüylü, yumuşak battaniyelere benziyordu.
ben seni düşünüyordum.

kimbilir ne güzeldin soyunduğun zaman? 

nasıl kadındın? 

nasıl öpüşürdün kimbilir? 

nasıl kadın kadın kokardı her yerin? 

tutup avuçlarıma sığdırıyodum seni, 

gözlerime, dudaklarıma sığdırıyordum.
sensiz kahrolmak vardı.

seninle yaşamak vardı dolu dizgin.

seninle her gece birbirimizi yenilemek vardı odalarda.

odalara sığmamak vardı.

bir sel gibi taşmak vardı gecelerden.
elimi uzatsam tutabilirdim seni, 

öyle yakındın.

zamana kokun sinmişti.

belki de uzaktan günlerce koşsam

yetişemezdim sana.

zamana kokun sinmişti.
tuttum resmini indirdim duvardan.

duvar ağlamaya başladı.

 Ümit Yaşar Oğuzcan

Kayıt Tarihi : 9.9.2001 23:57:00",,,,Belirsiz,213
432,Birinci Mektup,https://www.antoloji.com/birinci-mektup-siiri/?siralama=p,"geceydi...

bütün insanların çırılçıplak olduğu bir zamandı.

onları düşünüyordum; gümüş tepsilerdeki kristal kadehlerden

zamanı yudumlayan insanları düşünüyordum.

irili ufaklı aynaların karşısında

enseleri bembeyaz kadınlar boyanıyordu.

uzun uzun parmakları  vardı kadınların.

öpülmeye alışmış dolgun dudakları vardı.

kocaman kocamandı kalçaları.

o kadınları düşünüyordum.
bir kurt bir geyiği kovalıyordu yüreğimde.

geyik soluk soluğaydı, yorgundu, bitkindi.

karların üzerinde akıp giden bir yıldız gibiydi.

koşuyordu.

koşmak kurtuluş değildi belki, 

ama bir ümitti.

koşmalıydı.
oysa birer namlu ağzıydı kurdun gözleri.

avına güvenle, şehvetle yaklaşıyordu.

yeni bilenmiş, sedef saplı bıçaklara benziyordu dişleri.

bütün dileği et ve kandı.

istese geyiğe hemen yetişebilirdi

ama uzasın istiyordu bu şehvetli koşu

bu bütün damarlarına yayılan sarhoşluk

bitmesin istiyordu.
ben seni düşünüyordum.

çünkü geceydi.

sevişme zamanıydı insanların.

yalnızdım.

beni kuşatan duvarlar birer beyaz çarşaftı bu saatte.

kapılar tüylü, yumuşak battaniyelere benziyordu.
ben seni düşünüyordum.

kimbilir ne güzeldin soyunduğun zaman? 

nasıl kadındın? 

nasıl öpüşürdün kimbilir? 

nasıl kadın kadın kokardı her yerin? 

tutup avuçlarıma sığdırıyodum seni, 

gözlerime, dudaklarıma sığdırıyordum.
sensiz kahrolmak vardı.

seninle yaşamak vardı dolu dizgin.

seninle her gece birbirimizi yenilemek vardı odalarda.

odalara sığmamak vardı.

bir sel gibi taşmak vardı gecelerden.
elimi uzatsam tutabilirdim seni, 

öyle yakındın.

zamana kokun sinmişti.

belki de uzaktan günlerce koşsam

yetişemezdim sana.

zamana kokun sinmişti.
tuttum resmini indirdim duvardan.

duvar ağlamaya başladı.

 Ümit Yaşar Oğuzcan

Kayıt Tarihi : 9.9.2001 23:57:00",,,,Belirsiz,213
433,Uzuyor Yıllar Gibi Dakikalar Sen Yoksan,https://www.antoloji.com/uzuyor-yillar-gibi-dakikalar-sen-yoksan-siiri/,"Uzuyor yıllar gibi dakikalar sen yoksan

Teselliler, ümitler neye yarar sen yoksan

Alev alev yanarken bilsen nasıl her gece

Bin defa oluyorum ferce kadar sen yoksan.

 Ümit Yaşar Oğuzcan

Kayıt Tarihi : 28.8.2000 20:53:00",,,,Belirsiz,34
434,Uzuyor Yıllar Gibi Dakikalar Sen Yoksan,https://www.antoloji.com/uzuyor-yillar-gibi-dakikalar-sen-yoksan-siiri/?siralama=p,"Uzuyor yıllar gibi dakikalar sen yoksan

Teselliler, ümitler neye yarar sen yoksan

Alev alev yanarken bilsen nasıl her gece

Bin defa oluyorum ferce kadar sen yoksan.

 Ümit Yaşar Oğuzcan

Kayıt Tarihi : 28.8.2000 20:53:00",,,,Belirsiz,34
435,Hatırlar Mısın,https://www.antoloji.com/hatirlar-misin-siiri/,"Hatırlar mısın

Göz göze gelişimizi ilk defa

Bakışlarımızın çakmaklaşışını

Bir aksam vakti, yakınlarda

Bir yerlerde bir şeylerin yanışını

Hatırlar misin
Hatırlar misin

İlk öptüğüm günü dudaklarından

Başımın dönmesini, tenimin tutuşmasını

Yıllar yılı kendi yatağında kaybolan

Nehrimin, denizine kavuşmasını

Hatırlar misin
Hatırlar misin

Ayrı yaşadığımız binlerce geceden ayrı

Bir geceyi, sabahsız, çılgın, dopdolu

Ve senin özleminle sımsıkı saran kolu

Hatırlar misin
Hatırlar misin

Ormanda dibe vurusunu gün ışığının

Ağaçların ürperişini derinden

Basını omsuzuma koyusunu, dalgın

Sonra bir yangının başlayışını ellerinden

Hatırlar misin
Hatırlar misin

Kendimizden geçerek, alabildiğine

Birlikte gittiğimiz o yerleri

O ağaçlı yol, o serin kumsal, o meyhane

Ve güllerin ağlayışını bir aksam üzeri

Hatırlar misin
Hatırlar misin

Nasıl bir koşuydu o doludizgin

Ne kadar yoğu var etmiştik birlikte

O seven gönüllerimiz bir çift güvercin

Gibi nasıl kanat çıkmışlardı mavilikte

Hatırlar misin
Hatırlar misin

Gün boyu seninle cağlar astığımızı

Bir yalan dünyada yalansız severek

Tanrıya yaklaşıp Tanrılaştığımızı

Söyle hatırlar misin bir gün beni

Hatırlar misin ?.........

 Ümit Yaşar Oğuzcan

Kayıt Tarihi : 28.8.2000 19:39:00",,,,Belirsiz,164
436,Hatırlar Mısın,https://www.antoloji.com/hatirlar-misin-siiri/?siralama=p,"Hatırlar mısın

Göz göze gelişimizi ilk defa

Bakışlarımızın çakmaklaşışını

Bir aksam vakti, yakınlarda

Bir yerlerde bir şeylerin yanışını

Hatırlar misin
Hatırlar misin

İlk öptüğüm günü dudaklarından

Başımın dönmesini, tenimin tutuşmasını

Yıllar yılı kendi yatağında kaybolan

Nehrimin, denizine kavuşmasını

Hatırlar misin
Hatırlar misin

Ayrı yaşadığımız binlerce geceden ayrı

Bir geceyi, sabahsız, çılgın, dopdolu

Ve senin özleminle sımsıkı saran kolu

Hatırlar misin
Hatırlar misin

Ormanda dibe vurusunu gün ışığının

Ağaçların ürperişini derinden

Basını omsuzuma koyusunu, dalgın

Sonra bir yangının başlayışını ellerinden

Hatırlar misin
Hatırlar misin

Kendimizden geçerek, alabildiğine

Birlikte gittiğimiz o yerleri

O ağaçlı yol, o serin kumsal, o meyhane

Ve güllerin ağlayışını bir aksam üzeri

Hatırlar misin
Hatırlar misin

Nasıl bir koşuydu o doludizgin

Ne kadar yoğu var etmiştik birlikte

O seven gönüllerimiz bir çift güvercin

Gibi nasıl kanat çıkmışlardı mavilikte

Hatırlar misin
Hatırlar misin

Gün boyu seninle cağlar astığımızı

Bir yalan dünyada yalansız severek

Tanrıya yaklaşıp Tanrılaştığımızı

Söyle hatırlar misin bir gün beni

Hatırlar misin ?.........

 Ümit Yaşar Oğuzcan

Kayıt Tarihi : 28.8.2000 19:39:00",,,,Belirsiz,164
437,Giden Gençliğe,https://www.antoloji.com/giden-genclige-siiri/,"Umudum, heyecanım bitmez pınardı bitti

Gençliğim deli dolu esen rüzgardı, gitti

Neydi o sarhoşluklar, dünyaya bos vermeler

O bir başka mevsimdi, bir ilkbahardı gitti

Tadı, rengi değişti birer birer her şeyin

En mutlu, en doyulmaz yaşantılardı, gitti

Çektiler ellerini elimden sevgililer

Bir zaman bu gönülde kimler yaşardı, gitti

Hani hiç bitmeyecek sandığım güzellikler

Ne sevinçler, gülüşler ve neler vardı, gitti

Kalakaldım böyle ben ortada paramparça

Her gelen yüreğimden bir şey kopardı, gitti

Hey benim doyamadığım deli fişek gençliğim

İçimde bir zamanlar bir kor yanardı, bitti

 Ümit Yaşar Oğuzcan

Kayıt Tarihi : 28.8.2000 19:27:00",,,,Belirsiz,93
438,Giden Gençliğe,https://www.antoloji.com/giden-genclige-siiri/?siralama=p,"Umudum, heyecanım bitmez pınardı bitti

Gençliğim deli dolu esen rüzgardı, gitti

Neydi o sarhoşluklar, dünyaya bos vermeler

O bir başka mevsimdi, bir ilkbahardı gitti

Tadı, rengi değişti birer birer her şeyin

En mutlu, en doyulmaz yaşantılardı, gitti

Çektiler ellerini elimden sevgililer

Bir zaman bu gönülde kimler yaşardı, gitti

Hani hiç bitmeyecek sandığım güzellikler

Ne sevinçler, gülüşler ve neler vardı, gitti

Kalakaldım böyle ben ortada paramparça

Her gelen yüreğimden bir şey kopardı, gitti

Hey benim doyamadığım deli fişek gençliğim

İçimde bir zamanlar bir kor yanardı, bitti

 Ümit Yaşar Oğuzcan

Kayıt Tarihi : 28.8.2000 19:27:00",,,,Belirsiz,93
439,Zaman,https://www.antoloji.com/zaman-24-siiri/,"Bütün duvarlara çizdiğimiz resim

Geçip karşısına ağladığımız

Ey dünya kurulalı çözülmeyen sır

Ey yüzyıllardır kovaladığımız
Bir gölge gibi, bir rüya gibi

Ey sardıkça kollarımızda kaybolan

Ömür boyunca taptığımız kadın ey

Ey en büyük fahişe, ey zaman

 Ümit Yaşar Oğuzcan

Kayıt Tarihi : 8.12.2001 04:18:00",,,,Belirsiz,44
440,Zaman,https://www.antoloji.com/zaman-24-siiri/?siralama=p,"Bütün duvarlara çizdiğimiz resim

Geçip karşısına ağladığımız

Ey dünya kurulalı çözülmeyen sır

Ey yüzyıllardır kovaladığımız
Bir gölge gibi, bir rüya gibi

Ey sardıkça kollarımızda kaybolan

Ömür boyunca taptığımız kadın ey

Ey en büyük fahişe, ey zaman

 Ümit Yaşar Oğuzcan

Kayıt Tarihi : 8.12.2001 04:18:00",,,,Belirsiz,44
441,Değişik Zamanlar,https://www.antoloji.com/degisik-zamanlar-siiri/,"18.45 
En geç yediye çeyrek kala evdeyim 

Ben gelene kadar bütün üzüntülerinden kurtulmalısın 

Borcumuz varmış, derdimiz varmış düşünme 

Ümitsizlik fakirlerin harcı değil 
Saksının yerini değiştir 

Göreceksin daha güzel olacak 

Aç pencereyi odamız havalansın 

Sonra mutlu geceleri düşün sabahları değil 
Gelir gelmez sarıl boynuma, öp beni 

Geçsin bütün yorgunluğum dudaklarında 

Doldursun yatakları aşkımız 

Biz de insanız elbet Tanrı Değil. 
22.30 
Seni bir güzel öpmeliyim önce 

Dudaklarımın nelere kaadir olduğunu anlamalısın 

Sonra sen istemelisin yatağı 

O baygın başdönmesini 

O tatlı yorgunluğu 

O ölüp ölüp yeniden var olmayı 
Yatağımız büyük olmalı büyük 

Bir odayı doldurmalı kucaklaşmamız 

Kırmızı ışığı sevmem 

yeşil bir ampul yanmalı abajurda 

Dışarısı alabildiğine karanlık olmalı 

Senin mutlu aydınlığına inat 

Ve ben sabahın ilk ışıkları altında 

Seni bir kere daha sevmeliyim. 
7.15 
Beni 7.15 de uyandır 

Akşamdan kur saati uyuyup kalmayalım 

Zamanlar içinde en güzel sabah çayı 

Sonra giyinip traş olmalıyım 
Artık ayrılmalıyız, üzülme 

Göreceksin akşam çabuk olacak 

Haydi gülümseyerek uğurla beni 

Son otobüse yetişmeliyim.

 Ümit Yaşar Oğuzcan

Kayıt Tarihi : 26.11.2000 10:10:00",,,,Belirsiz,162
442,Değişik Zamanlar,https://www.antoloji.com/degisik-zamanlar-siiri/?siralama=p,"18.45 
En geç yediye çeyrek kala evdeyim 

Ben gelene kadar bütün üzüntülerinden kurtulmalısın 

Borcumuz varmış, derdimiz varmış düşünme 

Ümitsizlik fakirlerin harcı değil 
Saksının yerini değiştir 

Göreceksin daha güzel olacak 

Aç pencereyi odamız havalansın 

Sonra mutlu geceleri düşün sabahları değil 
Gelir gelmez sarıl boynuma, öp beni 

Geçsin bütün yorgunluğum dudaklarında 

Doldursun yatakları aşkımız 

Biz de insanız elbet Tanrı Değil. 
22.30 
Seni bir güzel öpmeliyim önce 

Dudaklarımın nelere kaadir olduğunu anlamalısın 

Sonra sen istemelisin yatağı 

O baygın başdönmesini 

O tatlı yorgunluğu 

O ölüp ölüp yeniden var olmayı 
Yatağımız büyük olmalı büyük 

Bir odayı doldurmalı kucaklaşmamız 

Kırmızı ışığı sevmem 

yeşil bir ampul yanmalı abajurda 

Dışarısı alabildiğine karanlık olmalı 

Senin mutlu aydınlığına inat 

Ve ben sabahın ilk ışıkları altında 

Seni bir kere daha sevmeliyim. 
7.15 
Beni 7.15 de uyandır 

Akşamdan kur saati uyuyup kalmayalım 

Zamanlar içinde en güzel sabah çayı 

Sonra giyinip traş olmalıyım 
Artık ayrılmalıyız, üzülme 

Göreceksin akşam çabuk olacak 

Haydi gülümseyerek uğurla beni 

Son otobüse yetişmeliyim.

 Ümit Yaşar Oğuzcan

Kayıt Tarihi : 26.11.2000 10:10:00",,,,Belirsiz,162
443,Şaşırtmaca,https://www.antoloji.com/sasirtmaca-siiri/,"Önce iki şiir okuyacağım

İkiside birbirinden güzel

Beğenmiyeceksin
Sonra hayallerimden bahsedeceğim

Yepyeni otomobillerden,evlerden bahsedeceğim

İnanmayacaksın
Sokakta bir adam sana laf atacak

Tutup öldüreceğim

Sevinmiyeceksin
Kutuplara gideceğim senin için

Öldü mü kaldı mı diye

Düşünmeyeceksin
Sonunda iskambil kağıtlarından 

Bir köşk yapacağım sana

Şaşırıp kalacaksın

 Ümit Yaşar Oğuzcan

Kayıt Tarihi : 19.9.2000 12:12:00",,,,Belirsiz,51
444,Şaşırtmaca,https://www.antoloji.com/sasirtmaca-siiri/?siralama=p,"Önce iki şiir okuyacağım

İkiside birbirinden güzel

Beğenmiyeceksin
Sonra hayallerimden bahsedeceğim

Yepyeni otomobillerden,evlerden bahsedeceğim

İnanmayacaksın
Sokakta bir adam sana laf atacak

Tutup öldüreceğim

Sevinmiyeceksin
Kutuplara gideceğim senin için

Öldü mü kaldı mı diye

Düşünmeyeceksin
Sonunda iskambil kağıtlarından 

Bir köşk yapacağım sana

Şaşırıp kalacaksın

 Ümit Yaşar Oğuzcan

Kayıt Tarihi : 19.9.2000 12:12:00",,,,Belirsiz,51
445,Doremifa,https://www.antoloji.com/doremifa-siiri/,"İşte uzaklara gittim çok uzaklara 

Kıyısında bu soğuk denizlerin 

Seni düşünüyorum Doremifa 

Ayaklarımın altında kumlar çıtırdıyor 

Başımda büyük dalgaların sarhoşluğu 

Denizin yeşilinde gözlerini görüyorum 

Köpüklerin beyazlığında ellerini 
Senin için balıklar tutuyorum vazolar dolusu 

Kırmızı balıklar yeşil balıklar mor balıklar 

Canım sıkılıyor dudakların aklıma geldikçe 

Tutup denizleri sarıya boyuyorum 

Gökyüzünü siyaha 

Bu bulutlar sana benziyor 

Bu bulutlar senin gibi 

Oysa sen bulutlara benzerdin Doremifa. 
Uzaktan gemiler geçiyor duman gibi hayal gibi 

Büyük kanatlı kuşlar dönüyor başımda 

Dudaklarımda sevdiğin şarkılar 

Elimde bir bıçak var kana bulanmış 

Kumların üstüne adını yazıyorum 

Sana gelme diyorum 

Sana git diyorum 

Elimde bıçak var diyorum sana 

Üstüme gelme 
İşte uzaklara gittim çok uzaklara 

Gözlerimin önünde alabildiğine deniz yemyeşil 

Alabildiğine gökyüzü masmavi 

Alabildiğine bir keder içimde kapkara 

Seni düşünüyorum 

Famiredo 

Famiredo 

Doremifa

 Ümit Yaşar Oğuzcan

Kayıt Tarihi : 4.1.2001 14:20:00",,,,Belirsiz,132
446,Doremifa,https://www.antoloji.com/doremifa-siiri/?siralama=p,"İşte uzaklara gittim çok uzaklara 

Kıyısında bu soğuk denizlerin 

Seni düşünüyorum Doremifa 

Ayaklarımın altında kumlar çıtırdıyor 

Başımda büyük dalgaların sarhoşluğu 

Denizin yeşilinde gözlerini görüyorum 

Köpüklerin beyazlığında ellerini 
Senin için balıklar tutuyorum vazolar dolusu 

Kırmızı balıklar yeşil balıklar mor balıklar 

Canım sıkılıyor dudakların aklıma geldikçe 

Tutup denizleri sarıya boyuyorum 

Gökyüzünü siyaha 

Bu bulutlar sana benziyor 

Bu bulutlar senin gibi 

Oysa sen bulutlara benzerdin Doremifa. 
Uzaktan gemiler geçiyor duman gibi hayal gibi 

Büyük kanatlı kuşlar dönüyor başımda 

Dudaklarımda sevdiğin şarkılar 

Elimde bir bıçak var kana bulanmış 

Kumların üstüne adını yazıyorum 

Sana gelme diyorum 

Sana git diyorum 

Elimde bıçak var diyorum sana 

Üstüme gelme 
İşte uzaklara gittim çok uzaklara 

Gözlerimin önünde alabildiğine deniz yemyeşil 

Alabildiğine gökyüzü masmavi 

Alabildiğine bir keder içimde kapkara 

Seni düşünüyorum 

Famiredo 

Famiredo 

Doremifa

 Ümit Yaşar Oğuzcan

Kayıt Tarihi : 4.1.2001 14:20:00",,,,Belirsiz,132
447,Faruk Nafiz Çamlıbel,https://www.antoloji.com/faruk-nafiz-camlibel-siiri/,"'Bir zaman lale de sendin bize peymane de sen'

Az mı sular içtik o Çoban Çeşmeleri'nden
Bir zaman senden esti şiirin rüzgarları

Hala bir anıt gibi durur Han Duvarları
İşte o kızıl saçlar, işte suda halkalar

Memleket türküleri, yarım kalan mısralar
Dinledik neyden kaç yıl en güzel besteleri

Seyrettik şiirinde o eski bahçeleri
Ali'si Ayşe'siyle sendeydi memleketim

Yaz, ölümsüz şairim, şiirine hasretim

 Ümit Yaşar Oğuzcan

Kayıt Tarihi : 8.2.2002 05:22:00",,,,Belirsiz,70
448,Faruk Nafiz Çamlıbel,https://www.antoloji.com/faruk-nafiz-camlibel-siiri/?siralama=p,"'Bir zaman lale de sendin bize peymane de sen'

Az mı sular içtik o Çoban Çeşmeleri'nden
Bir zaman senden esti şiirin rüzgarları

Hala bir anıt gibi durur Han Duvarları
İşte o kızıl saçlar, işte suda halkalar

Memleket türküleri, yarım kalan mısralar
Dinledik neyden kaç yıl en güzel besteleri

Seyrettik şiirinde o eski bahçeleri
Ali'si Ayşe'siyle sendeydi memleketim

Yaz, ölümsüz şairim, şiirine hasretim

 Ümit Yaşar Oğuzcan

Kayıt Tarihi : 8.2.2002 05:22:00",,,,Belirsiz,70
449,Ölülerin Gözyaşı,https://www.antoloji.com/olulerin-gozyasi-siiri/,"Siz ölüler ne yaparsınız toprağın altında

Canınız sıkılmaz mı? 

Öyle çırılçıplak üşümez misiniz? 

Eviniz, vatanınız hatırınıza gelmez mi? 

Dünyada kalanları düşünmez misiniz? 
Acıkınca canınız neler ister kimbilir

Et mi, ekmek mi, şeker mi, tuz mu? 

Kiminiz karpuzu, kiminiz kavunu severdi

Yoksa acıkmayı unuttunuz mu? 
Güzel bir kadın geçse yakınınızdan

Ayaklarının sesini duymaz mısınız? 

Günleriniz nasıl geçer orada? 

Geceleri uyumaz mısınız? 
Ölüm sizi kör mü etti, sağır mı etti? 

Öpülmek istemez mi dudaklarınız? 

Ya özlediğiniz, acı çektiğiniz zaman

Bizim gibi ağlar mısınız?

 Ümit Yaşar Oğuzcan

Kayıt Tarihi : 7.2.2002 05:16:00",,,,Belirsiz,89
450,Ölülerin Gözyaşı,https://www.antoloji.com/olulerin-gozyasi-siiri/?siralama=p,"Siz ölüler ne yaparsınız toprağın altında

Canınız sıkılmaz mı? 

Öyle çırılçıplak üşümez misiniz? 

Eviniz, vatanınız hatırınıza gelmez mi? 

Dünyada kalanları düşünmez misiniz? 
Acıkınca canınız neler ister kimbilir

Et mi, ekmek mi, şeker mi, tuz mu? 

Kiminiz karpuzu, kiminiz kavunu severdi

Yoksa acıkmayı unuttunuz mu? 
Güzel bir kadın geçse yakınınızdan

Ayaklarının sesini duymaz mısınız? 

Günleriniz nasıl geçer orada? 

Geceleri uyumaz mısınız? 
Ölüm sizi kör mü etti, sağır mı etti? 

Öpülmek istemez mi dudaklarınız? 

Ya özlediğiniz, acı çektiğiniz zaman

Bizim gibi ağlar mısınız?

 Ümit Yaşar Oğuzcan

Kayıt Tarihi : 7.2.2002 05:16:00",,,,Belirsiz,89
451,Güller Ağlar İçimde,https://www.antoloji.com/guller-aglar-icimde-siiri/,"Duysak ayak seslerini akşamın

Ve sokaklardan el ayak çekilse

Bir ürpertiyle duyarım o zaman

Seni çağıran sesi uzaklardan
Ne zaman ayrılık saati gelse

Bir gariplik çöker içime birden

Kalan tek anı gibi bir devirden

Durmadan çalınır o gamlı beste

Sanki bilir de hazin öykümüzü

Bulutlar ağlar, kararır gökyüzü
Ne zaman ayrılık saati gelse

Bir çaresizliği anlatır gibi

Birden değişir gözlerinin rengi

Mavi solar, koyulaşır yeşilse

Sarınca ruhunu eski bir hüzün

Uçar gider pembeliği yüzünün
Ne zaman ayrılık saati gelse

Uzatsan özlemle dudaklarını

Tüm ağaçlar döker yapraklarını

Ne çiçek kalır ortada, ne bahçe

Sadece uğultusu o rüzgarın

Ve bir umut kırıntısı: belki yarın
Ne zaman ayrılık saati gelse

Bir fırtına çıkmışçasına, büyük

İçimizdeki güllerin boynu bükük

Bir zaman kalakalırım öylece

Neden sonra gittiğini anlarım

İçimde güller ağlar, ben ağlarım.

 Ümit Yaşar Oğuzcan

Kayıt Tarihi : 28.8.2000 19:31:00",,,,Belirsiz,136
452,Güller Ağlar İçimde,https://www.antoloji.com/guller-aglar-icimde-siiri/?siralama=p,"Duysak ayak seslerini akşamın

Ve sokaklardan el ayak çekilse

Bir ürpertiyle duyarım o zaman

Seni çağıran sesi uzaklardan
Ne zaman ayrılık saati gelse

Bir gariplik çöker içime birden

Kalan tek anı gibi bir devirden

Durmadan çalınır o gamlı beste

Sanki bilir de hazin öykümüzü

Bulutlar ağlar, kararır gökyüzü
Ne zaman ayrılık saati gelse

Bir çaresizliği anlatır gibi

Birden değişir gözlerinin rengi

Mavi solar, koyulaşır yeşilse

Sarınca ruhunu eski bir hüzün

Uçar gider pembeliği yüzünün
Ne zaman ayrılık saati gelse

Uzatsan özlemle dudaklarını

Tüm ağaçlar döker yapraklarını

Ne çiçek kalır ortada, ne bahçe

Sadece uğultusu o rüzgarın

Ve bir umut kırıntısı: belki yarın
Ne zaman ayrılık saati gelse

Bir fırtına çıkmışçasına, büyük

İçimizdeki güllerin boynu bükük

Bir zaman kalakalırım öylece

Neden sonra gittiğini anlarım

İçimde güller ağlar, ben ağlarım.

 Ümit Yaşar Oğuzcan

Kayıt Tarihi : 28.8.2000 19:31:00",,,,Belirsiz,136
453,Bu Şehrin Sokakları,https://www.antoloji.com/bu-sehrin-sokaklari-siiri/,"Hangi sokaktan geçsem

Pırıl pırıldır parke taşları

Ayağın değsin yeter

Açılır kapısı cümle güzelliklerin

Kaldırımlar taş mıdır, çimen midir, bilinmez

Bu şehirde sokaklar seni düşünür

Bu sokaklarda evler seninle dolu

Bu evlerde huzur bir şarkıdır söylediğin

Sen yürürken bir kilim dokunur kilometreler boyunca

Düşer kaldırımlara nakış nakış güzelliğin

 Ümit Yaşar Oğuzcan

Kayıt Tarihi : 28.1.2002 05:15:00",,,,Belirsiz,56
454,Bu Şehrin Sokakları,https://www.antoloji.com/bu-sehrin-sokaklari-siiri/?siralama=p,"Hangi sokaktan geçsem

Pırıl pırıldır parke taşları

Ayağın değsin yeter

Açılır kapısı cümle güzelliklerin

Kaldırımlar taş mıdır, çimen midir, bilinmez

Bu şehirde sokaklar seni düşünür

Bu sokaklarda evler seninle dolu

Bu evlerde huzur bir şarkıdır söylediğin

Sen yürürken bir kilim dokunur kilometreler boyunca

Düşer kaldırımlara nakış nakış güzelliğin

 Ümit Yaşar Oğuzcan

Kayıt Tarihi : 28.1.2002 05:15:00",,,,Belirsiz,56
455,Ses Duvarı,https://www.antoloji.com/ses-duvari-siiri/,"Hep o tren sesleri, vapur düdükleri

Başımın içinde hep o çıngırak

Bir adam yürür geceleri alnımda

Kocaman elleriyle davul çalarak
Dört nala bir atın sağrısındayım ben

Yüzümde nal izleri korkunç ve derin

Cankurtaranlar geçiyor uzaktan

Keskin çığlığı içimde sirenlerin
Ya bu sesler ne? Hiç durmayan, çelik

Bir bıçakla demirlerin pasını kazıyan kim

Hangi kampana çalıyor böyle düzensiz

Gök gürültüsü mü nedir işittiklerim
Bir kamyon yokuş çıkıyor, dinleyin

Ses duvarını aştı bir jet ansızın

Ve bir ekspres homurtularla giriyor gara

Bütün sesleri beynimde zonkluyor dünyamızın
Durdurun ne olursunuz bu araçları

Pervaneler dönmesin, motorlar sussun

İndirin uçakları gökyüzünden, sıkıldım

Bütün ses duvarlarınız sizin olsun
Alın gidin artık gürültülerinizi

Savaşlarınızı başka bir yerde yapın

Biraz olsun dinlensin yorgun başımız

Ey gürültücü insanları sessiz dünyanın

 Ümit Yaşar Oğuzcan

Kayıt Tarihi : 2.9.2002 05:08:00",,,,Belirsiz,129
456,Ses Duvarı,https://www.antoloji.com/ses-duvari-siiri/?siralama=p,"Hep o tren sesleri, vapur düdükleri

Başımın içinde hep o çıngırak

Bir adam yürür geceleri alnımda

Kocaman elleriyle davul çalarak
Dört nala bir atın sağrısındayım ben

Yüzümde nal izleri korkunç ve derin

Cankurtaranlar geçiyor uzaktan

Keskin çığlığı içimde sirenlerin
Ya bu sesler ne? Hiç durmayan, çelik

Bir bıçakla demirlerin pasını kazıyan kim

Hangi kampana çalıyor böyle düzensiz

Gök gürültüsü mü nedir işittiklerim
Bir kamyon yokuş çıkıyor, dinleyin

Ses duvarını aştı bir jet ansızın

Ve bir ekspres homurtularla giriyor gara

Bütün sesleri beynimde zonkluyor dünyamızın
Durdurun ne olursunuz bu araçları

Pervaneler dönmesin, motorlar sussun

İndirin uçakları gökyüzünden, sıkıldım

Bütün ses duvarlarınız sizin olsun
Alın gidin artık gürültülerinizi

Savaşlarınızı başka bir yerde yapın

Biraz olsun dinlensin yorgun başımız

Ey gürültücü insanları sessiz dünyanın

 Ümit Yaşar Oğuzcan

Kayıt Tarihi : 2.9.2002 05:08:00",,,,Belirsiz,129
457,Musiki,https://www.antoloji.com/musiki-siiri/,"Alev alev yanmadadır 

Ruhumda deniz köpüğü 

Benimle uyanmadadır 

Tanrıların en büyüğü 
Dünyalara sığamıyan 

Sessizlikler içindeyim 

Uyan, siyah ruhum uyan 

Mavilikler içindeyim 
Sür ey masmavi zaman sür 

Bir cihanı dinliyorum 

Bütün genişliğiyle hür 

O ummanı dinliyorum. 
Ömrün sustuğu yerdeyim 

Sorma: Niçin, nasıl, hangi 

Bedenim, ruhum, herşeyim 

Tanrı huzurunda sanki.

 Ümit Yaşar Oğuzcan

Kayıt Tarihi : 4.1.2001 14:39:00",,Deniz Musikisi,1949.0,Erken Dönem (1947–1962),56
458,Musiki,https://www.antoloji.com/musiki-siiri/?siralama=p,"Alev alev yanmadadır 

Ruhumda deniz köpüğü 

Benimle uyanmadadır 

Tanrıların en büyüğü 
Dünyalara sığamıyan 

Sessizlikler içindeyim 

Uyan, siyah ruhum uyan 

Mavilikler içindeyim 
Sür ey masmavi zaman sür 

Bir cihanı dinliyorum 

Bütün genişliğiyle hür 

O ummanı dinliyorum. 
Ömrün sustuğu yerdeyim 

Sorma: Niçin, nasıl, hangi 

Bedenim, ruhum, herşeyim 

Tanrı huzurunda sanki.

 Ümit Yaşar Oğuzcan

Kayıt Tarihi : 4.1.2001 14:39:00",,Deniz Musikisi,1949.0,Erken Dönem (1947–1962),56
459,Yalnız Kadınlar,https://www.antoloji.com/yalniz-kadinlar-siiri/,"Kim bilir yalnızlığı kadınlar kadar 

Karlı dağların en yüksek tepeleri mi 

Terk edilmiş şehirlerin caddeleri mi

Gökyüzünün yıldızsız geceleri mi 
Kadınlar bir ömür boyunca yalnız 

Ta dünya kurulduğundan beri 

Yalnızlık ışığını yakar her gece 

Sonsuz karanlığımızda elleri 
Nasıl yağmur yağarsa yalnızlığına şehrin 

Öyle mahzun ve yalnız kadınlar tanıdım 

Denizler ortasında geniş ve derin 
Bir dünya gördüm kadınların gözlerinde kapkara 

Yalnızlık ne imiş anladım 

Acıdım kadınlara

 Ümit Yaşar Oğuzcan

Kayıt Tarihi : 4.1.2001 14:42:00",,,,Belirsiz,73
460,Yalnız Kadınlar,https://www.antoloji.com/yalniz-kadinlar-siiri/?siralama=p,"Kim bilir yalnızlığı kadınlar kadar 

Karlı dağların en yüksek tepeleri mi 

Terk edilmiş şehirlerin caddeleri mi

Gökyüzünün yıldızsız geceleri mi 
Kadınlar bir ömür boyunca yalnız 

Ta dünya kurulduğundan beri 

Yalnızlık ışığını yakar her gece 

Sonsuz karanlığımızda elleri 
Nasıl yağmur yağarsa yalnızlığına şehrin 

Öyle mahzun ve yalnız kadınlar tanıdım 

Denizler ortasında geniş ve derin 
Bir dünya gördüm kadınların gözlerinde kapkara 

Yalnızlık ne imiş anladım 

Acıdım kadınlara

 Ümit Yaşar Oğuzcan

Kayıt Tarihi : 4.1.2001 14:42:00",,,,Belirsiz,73
461,Ölüme Gazel,https://www.antoloji.com/olume-gazel-siiri/,"Ne kötü bir dünya bu; sevgisiz, acımasız

Yaşarken dolu dizgin, ölüvermek apansız
Sen, en güzel yerinde olsan bile yaşamın

Alırlar, götürürler bir yerlere zamansız
Bütün o sevdiklerin, dostların, yakınların

Koyup giderler seni orada yapayalnız
Çalkalanır gidersin kapkara bir boşlukta

Ne sevinç, ne de keder; artık her şey anlamsız
Hakkin yok üşümeye, ağlamaya, gülmeye

Unutma! ölüsün sen, boş bir kalıpsın cansız
Her şey geride kaldı, ne sandın yalan dünya

Gördüğün gibi iste; bir olum var yalansız.

 Ümit Yaşar Oğuzcan

Kayıt Tarihi : 28.8.2000 20:09:00",,,,Belirsiz,83
462,Ölüme Gazel,https://www.antoloji.com/olume-gazel-siiri/?siralama=p,"Ne kötü bir dünya bu; sevgisiz, acımasız

Yaşarken dolu dizgin, ölüvermek apansız
Sen, en güzel yerinde olsan bile yaşamın

Alırlar, götürürler bir yerlere zamansız
Bütün o sevdiklerin, dostların, yakınların

Koyup giderler seni orada yapayalnız
Çalkalanır gidersin kapkara bir boşlukta

Ne sevinç, ne de keder; artık her şey anlamsız
Hakkin yok üşümeye, ağlamaya, gülmeye

Unutma! ölüsün sen, boş bir kalıpsın cansız
Her şey geride kaldı, ne sandın yalan dünya

Gördüğün gibi iste; bir olum var yalansız.

 Ümit Yaşar Oğuzcan

Kayıt Tarihi : 28.8.2000 20:09:00",,,,Belirsiz,83
463,Teselli,https://www.antoloji.com/teselli-7-siiri/,"Memnunum yaşamaktan

Güzel bir kadın görsem

Gönlüm şenlenir

İki kadeh içsem

Başım dumanlanır

Hele bir de sevebilsem

İnsanları canı yürekten

Dünyalar benim olur

 Ümit Yaşar Oğuzcan

Kayıt Tarihi : 8.2.2002 05:27:00",,,,Belirsiz,31
464,Teselli,https://www.antoloji.com/teselli-7-siiri/?siralama=p,"Memnunum yaşamaktan

Güzel bir kadın görsem

Gönlüm şenlenir

İki kadeh içsem

Başım dumanlanır

Hele bir de sevebilsem

İnsanları canı yürekten

Dünyalar benim olur

 Ümit Yaşar Oğuzcan

Kayıt Tarihi : 8.2.2002 05:27:00",,,,Belirsiz,31
465,Çirkin Kadınlar,https://www.antoloji.com/cirkin-kadinlar-siiri/,"Rüyamda çirkin kadınlar gördüm dün gece 

Yüzlerini elleriyle kapatmışlardı 

Bakışlarında çirkin olmanın utancı 

Kalplerinde Tanrıların merhameti vardı. 
Ölümü hatırlattı bana çirkin kadınlar 

Ölüm daha güzel değildi yaşamaktan 

Bakıp bakıp ağladılar sessizce 

Bütün aynalara uzaktan 
Bir asır kadar uzun dakikalar geçti 

Yalvardılar Tanrıya çirkin kadınlar 

Güzel olmayı dilediler gök gibi, deniz gibi 
Bir an için Tanrı olmadığıma yandım 

Rüyamda çirkin kadınlar gördüm dün gece 

Ve bir ölüm uykusundan uyandım.

 Ümit Yaşar Oğuzcan

Kayıt Tarihi : 4.1.2001 14:18:00",,,,Belirsiz,76
466,Çirkin Kadınlar,https://www.antoloji.com/cirkin-kadinlar-siiri/?siralama=p,"Rüyamda çirkin kadınlar gördüm dün gece 

Yüzlerini elleriyle kapatmışlardı 

Bakışlarında çirkin olmanın utancı 

Kalplerinde Tanrıların merhameti vardı. 
Ölümü hatırlattı bana çirkin kadınlar 

Ölüm daha güzel değildi yaşamaktan 

Bakıp bakıp ağladılar sessizce 

Bütün aynalara uzaktan 
Bir asır kadar uzun dakikalar geçti 

Yalvardılar Tanrıya çirkin kadınlar 

Güzel olmayı dilediler gök gibi, deniz gibi 
Bir an için Tanrı olmadığıma yandım 

Rüyamda çirkin kadınlar gördüm dün gece 

Ve bir ölüm uykusundan uyandım.

 Ümit Yaşar Oğuzcan

Kayıt Tarihi : 4.1.2001 14:18:00",,,,Belirsiz,76
467,İhtiras,https://www.antoloji.com/ihtiras-siiri/,"Bir yağmur mevsimi sevişmeliyiz seninle

O kapkara, o delinmiş gökkubbenin altında

Çılgınlar gibi...

Islak çimenlerin üstünde boylu boyunca...

Yağmur altında saatlerce günlerce

Hep benim olmalısın böyle serin böyle soğuk

Baksana çıplak atlar üşüyor mu

Ne boyunlarında atkı

Ne üstlerinde yağmurluk
Bir yaz elbisesi giy, ipekli

Öyle gel benimle yağmur altına

Ayakların çamurlu, elbisen tenine yapışmış olsun

Hep böyle kadın, hep böyle istekli

Ve gözyaşların...

Yağmura karışmış olsun

 Ümit Yaşar Oğuzcan

Kayıt Tarihi : 16.10.2001 17:40:00",,,,Belirsiz,75
468,İhtiras,https://www.antoloji.com/ihtiras-siiri/?siralama=p,"Bir yağmur mevsimi sevişmeliyiz seninle

O kapkara, o delinmiş gökkubbenin altında

Çılgınlar gibi...

Islak çimenlerin üstünde boylu boyunca...

Yağmur altında saatlerce günlerce

Hep benim olmalısın böyle serin böyle soğuk

Baksana çıplak atlar üşüyor mu

Ne boyunlarında atkı

Ne üstlerinde yağmurluk
Bir yaz elbisesi giy, ipekli

Öyle gel benimle yağmur altına

Ayakların çamurlu, elbisen tenine yapışmış olsun

Hep böyle kadın, hep böyle istekli

Ve gözyaşların...

Yağmura karışmış olsun

 Ümit Yaşar Oğuzcan

Kayıt Tarihi : 16.10.2001 17:40:00",,,,Belirsiz,75
469,Güneyin Ağustosları,https://www.antoloji.com/guneyin-agustoslari-siiri/,"Benim memleketim yanar kavrulur şimdi

Tarlalarda başaklar sararmıştır

Yel esmez, yaprak kımıldamaz ağaçta

İnsanları yağmur diye göğe el açmıştır
Bir bulut görünse uzaklardan, güler yüzleri

Yalınayak çocuklar koşuşur tozlu yollardan

Oysa ne yağmur yağar, ne rüzgar çıkar

Bilmem ki Tanrı ne ister bu garip kullardan
Geceleri gökte binlerce yıldız

Aydınlatır yamalı cibinlikleri

Erkekleri uyur, hayale dalar genç kızları

Giyerler düşlerinde beyaz gelinlikleri
Gönüllerde umutlar hevenk hevenk

Üzümler bağlarda salkım salkımdır

Ellikten çıkar elleri pamuk toplamaktan

Onlar benim memleketlim, benim halkımdır
Alışkındırlar her mihneti çekmeğe

Derileri güneşten kalınlaşmış, kararmıştır

Dururlar güneşin altında bir kara heykel gibi

Yüzlerine bakmayın, sıtmadan sararmıştır
Benim memleketim yanar kavrulur şimdi

Bıçak açmaz ağızları, her gün aynı matemdir

Yağmur değil, alev yağar, ölüm göklerden

Ağustos burda cennet orda cehennemdir

 Ümit Yaşar Oğuzcan

Kayıt Tarihi : 3.2.2002 05:19:00",,,,Belirsiz,130
470,Güneyin Ağustosları,https://www.antoloji.com/guneyin-agustoslari-siiri/?siralama=p,"Benim memleketim yanar kavrulur şimdi

Tarlalarda başaklar sararmıştır

Yel esmez, yaprak kımıldamaz ağaçta

İnsanları yağmur diye göğe el açmıştır
Bir bulut görünse uzaklardan, güler yüzleri

Yalınayak çocuklar koşuşur tozlu yollardan

Oysa ne yağmur yağar, ne rüzgar çıkar

Bilmem ki Tanrı ne ister bu garip kullardan
Geceleri gökte binlerce yıldız

Aydınlatır yamalı cibinlikleri

Erkekleri uyur, hayale dalar genç kızları

Giyerler düşlerinde beyaz gelinlikleri
Gönüllerde umutlar hevenk hevenk

Üzümler bağlarda salkım salkımdır

Ellikten çıkar elleri pamuk toplamaktan

Onlar benim memleketlim, benim halkımdır
Alışkındırlar her mihneti çekmeğe

Derileri güneşten kalınlaşmış, kararmıştır

Dururlar güneşin altında bir kara heykel gibi

Yüzlerine bakmayın, sıtmadan sararmıştır
Benim memleketim yanar kavrulur şimdi

Bıçak açmaz ağızları, her gün aynı matemdir

Yağmur değil, alev yağar, ölüm göklerden

Ağustos burda cennet orda cehennemdir

 Ümit Yaşar Oğuzcan

Kayıt Tarihi : 3.2.2002 05:19:00",,,,Belirsiz,130
471,Yanan Gül,https://www.antoloji.com/yanan-gul-siiri/,"Ne kadar saklasan özlediğin belli

Söndüremezsin içindeki yangını

Başlamışsa zamanların en güzeli

Artık susturamazsın dudaklarını

Anlatır özlemini bana derinden

Yanan alnınla, terleyen avuçların

Alevler taşarken gözbebeklerinden

Yakar degdigi yeri parmak uçların

Çok geç bu sevdadan dönebilmek icin

bak! şimdi seninle dopdolu aynalar

Bu özlemli halinle daha güzelsin

Benimde saçımdan tırnagıma kadar

Tutuşan, yanan bir şey var her yerimde

Sen şimdi alevden bir gülsün ellerimde.

 Ümit Yaşar Oğuzcan

Kayıt Tarihi : 12.8.2000 15:49:00",,,,Belirsiz,72
472,Yanan Gül,https://www.antoloji.com/yanan-gul-siiri/?siralama=p,"Ne kadar saklasan özlediğin belli

Söndüremezsin içindeki yangını

Başlamışsa zamanların en güzeli

Artık susturamazsın dudaklarını

Anlatır özlemini bana derinden

Yanan alnınla, terleyen avuçların

Alevler taşarken gözbebeklerinden

Yakar degdigi yeri parmak uçların

Çok geç bu sevdadan dönebilmek icin

bak! şimdi seninle dopdolu aynalar

Bu özlemli halinle daha güzelsin

Benimde saçımdan tırnagıma kadar

Tutuşan, yanan bir şey var her yerimde

Sen şimdi alevden bir gülsün ellerimde.

 Ümit Yaşar Oğuzcan

Kayıt Tarihi : 12.8.2000 15:49:00",,,,Belirsiz,72
473,Yalnızlığa Sone,https://www.antoloji.com/yalnizliga-sone-siiri/,"Güneşin akşam hüzünle battığı

Karşıdaki karlı dağlar yalnız

Düşe yaprak, esen rüzgar yalnız

İnsanda ölümün yalnızlığı
Yalnız düşünceler paramparça

Yalnız hatıralar kırık dökük

Yalnızlık zor, yalnızlık büyük

İnsanın yalnızlığı bambaşka
Dünyada yalnız olmayan ne var

Yer altında ölüler, gökte yıldız

Denizlerde yelkenliler yalnız
Ve insan yalnız tanrılar kadar

Üzerinde ümitle yaşadığımız

Dünyaya sığmıyor yalnızlığımız

 Ümit Yaşar Oğuzcan

Kayıt Tarihi : 12.1.2002 05:15:00",,,,Belirsiz,62
474,Yalnızlığa Sone,https://www.antoloji.com/yalnizliga-sone-siiri/?siralama=p,"Güneşin akşam hüzünle battığı

Karşıdaki karlı dağlar yalnız

Düşe yaprak, esen rüzgar yalnız

İnsanda ölümün yalnızlığı
Yalnız düşünceler paramparça

Yalnız hatıralar kırık dökük

Yalnızlık zor, yalnızlık büyük

İnsanın yalnızlığı bambaşka
Dünyada yalnız olmayan ne var

Yer altında ölüler, gökte yıldız

Denizlerde yelkenliler yalnız
Ve insan yalnız tanrılar kadar

Üzerinde ümitle yaşadığımız

Dünyaya sığmıyor yalnızlığımız

 Ümit Yaşar Oğuzcan

Kayıt Tarihi : 12.1.2002 05:15:00",,,,Belirsiz,62
475,Üç,https://www.antoloji.com/uc-2-siiri/,"Bir adam üçe bölündü

Ömrün daracık sokaklarında

Üç ışık yandı ansızın

O yorgun gözkapaklarında
Bir adam üç kadın seviyordu

Üçünün ismi dudaklarında

Üç güneş doğuyordu aşk gecelerinin

Paramparça olmuş şafaklarında
Bir adam üç kere öldü

Üç ölüm gezdi ellerinde, ayaklarında

Şimdi üç mezarı var

Yaşadığı şehrin uzaklarında

 Ümit Yaşar Oğuzcan

Kayıt Tarihi : 7.2.2002 05:09:00",,,,Belirsiz,55
476,Üç,https://www.antoloji.com/uc-2-siiri/?siralama=p,"Bir adam üçe bölündü

Ömrün daracık sokaklarında

Üç ışık yandı ansızın

O yorgun gözkapaklarında
Bir adam üç kadın seviyordu

Üçünün ismi dudaklarında

Üç güneş doğuyordu aşk gecelerinin

Paramparça olmuş şafaklarında
Bir adam üç kere öldü

Üç ölüm gezdi ellerinde, ayaklarında

Şimdi üç mezarı var

Yaşadığı şehrin uzaklarında

 Ümit Yaşar Oğuzcan

Kayıt Tarihi : 7.2.2002 05:09:00",,,,Belirsiz,55
477,Karanlıklar Üstüne,https://www.antoloji.com/karanliklar-ustune-siiri/,"Artık hiç sabah olmayacak yavrum 

Çok uzun sürecek bu siyah gece 

Ta zaman durunca, ömür bitince 

Alış karanlığa, gözlerini yum 

Artık hiç sabah olmayacak yavrum 
Bilirim, bu mor sükutu bilirim 

Beyaz olmalı geceler, bembeyaz 

Karanlıklar üstünedir şiirim 

Bilirim, bu mor sükutu bilirim 
Dağlar gibi deryalar gibi sonsuz 

Karanlık, karanlık ölümden beter 

Bir yol ki hayatla beraber biter 

Taştan bir sükut ki hissiz ve ruhsuz 

Dağlar gibi, deryalar gibi sonsuz 
Artık hiç sabah olmayacak yavrum 

Bitkin gözlerime son bir defa bak 

Bir daha o yerden gün doğmayacak 

Bu mor gecelerde kayboldu ruhum 

Artık hiç sabah olmayacak yavrum.

 Ümit Yaşar Oğuzcan

Kayıt Tarihi : 4.1.2001 14:37:00",,,,Belirsiz,104
478,Karanlıklar Üstüne,https://www.antoloji.com/karanliklar-ustune-siiri/?siralama=p,"Artık hiç sabah olmayacak yavrum 

Çok uzun sürecek bu siyah gece 

Ta zaman durunca, ömür bitince 

Alış karanlığa, gözlerini yum 

Artık hiç sabah olmayacak yavrum 
Bilirim, bu mor sükutu bilirim 

Beyaz olmalı geceler, bembeyaz 

Karanlıklar üstünedir şiirim 

Bilirim, bu mor sükutu bilirim 
Dağlar gibi deryalar gibi sonsuz 

Karanlık, karanlık ölümden beter 

Bir yol ki hayatla beraber biter 

Taştan bir sükut ki hissiz ve ruhsuz 

Dağlar gibi, deryalar gibi sonsuz 
Artık hiç sabah olmayacak yavrum 

Bitkin gözlerime son bir defa bak 

Bir daha o yerden gün doğmayacak 

Bu mor gecelerde kayboldu ruhum 

Artık hiç sabah olmayacak yavrum.

 Ümit Yaşar Oğuzcan

Kayıt Tarihi : 4.1.2001 14:37:00",,,,Belirsiz,104
479,Sensizliğe Sone,https://www.antoloji.com/sensizlige-sone-siiri/,"Sensizliğin ölüme benzediği o yerde

Bir el uzanır çeker beni yaşamaktan

O kalır dolu, hüzün dolu gecelerde

Birer kan çanağı gözlerim ağlamaktan
Gitgide yayılır damarlarıma yokluğun

Bir hançer bilenir kalbimde soğuk, sivri

Durup vurur başıma sarhoşluğun

Üst üste içilen dopdolu kadehler gibi
Artık ne yapsam bos, uykular gitti gelmez

Vıcık vıcık bir gecedir ellilerimde kalan

Güneş dogmayı, karanlık bitmeyi bilmez
Saplanır kalbime bir turlu geçmez zaman

İçerim senden uzak günlerin getirdiği

Yavaş yavaş öldüren bu zehir sensizliği.

 Ümit Yaşar Oğuzcan

Kayıt Tarihi : 28.8.2000 20:31:00",,,,Belirsiz,85
480,Sensizliğe Sone,https://www.antoloji.com/sensizlige-sone-siiri/?siralama=p,"Sensizliğin ölüme benzediği o yerde

Bir el uzanır çeker beni yaşamaktan

O kalır dolu, hüzün dolu gecelerde

Birer kan çanağı gözlerim ağlamaktan
Gitgide yayılır damarlarıma yokluğun

Bir hançer bilenir kalbimde soğuk, sivri

Durup vurur başıma sarhoşluğun

Üst üste içilen dopdolu kadehler gibi
Artık ne yapsam bos, uykular gitti gelmez

Vıcık vıcık bir gecedir ellilerimde kalan

Güneş dogmayı, karanlık bitmeyi bilmez
Saplanır kalbime bir turlu geçmez zaman

İçerim senden uzak günlerin getirdiği

Yavaş yavaş öldüren bu zehir sensizliği.

 Ümit Yaşar Oğuzcan

Kayıt Tarihi : 28.8.2000 20:31:00",,,,Belirsiz,85
481,Deli Olmak İşten Değil,https://www.antoloji.com/deli-olmak-isten-degil-siiri/,"Düşüncem var, dağlar kadar

Deli olmak işten değil

Bende kış, alemde bahar

Deli olmak işten değil
İşiten yok, ağla bağır

Tanrı dilsiz, alem sağır

Düşünceler öyle ağır

Deli olmak işten değil
Arzu, o bitmeyen yarış

Kara toprak sona varış

Ömür dediğin bir karış

Deli olmak işten değil
Sonsuzluğa giden gemi

Sürükler de düşüncemi

Vehim sarar her gecemi

Deli olmak işten değil
Karanlık mal oldu bana

Gerçek hayal oldu bana

Dostlar! bir hal oldu bana

Deli olmak işten değil

 Ümit Yaşar Oğuzcan

Kayıt Tarihi : 2.9.2002 05:06:00",,,,Belirsiz,86
482,Deli Olmak İşten Değil,https://www.antoloji.com/deli-olmak-isten-degil-siiri/?siralama=p,"Düşüncem var, dağlar kadar

Deli olmak işten değil

Bende kış, alemde bahar

Deli olmak işten değil
İşiten yok, ağla bağır

Tanrı dilsiz, alem sağır

Düşünceler öyle ağır

Deli olmak işten değil
Arzu, o bitmeyen yarış

Kara toprak sona varış

Ömür dediğin bir karış

Deli olmak işten değil
Sonsuzluğa giden gemi

Sürükler de düşüncemi

Vehim sarar her gecemi

Deli olmak işten değil
Karanlık mal oldu bana

Gerçek hayal oldu bana

Dostlar! bir hal oldu bana

Deli olmak işten değil

 Ümit Yaşar Oğuzcan

Kayıt Tarihi : 2.9.2002 05:06:00",,,,Belirsiz,86
483,Orası,https://www.antoloji.com/orasi-siiri/,"Aldım oraya çıkardım seni

Ta oraya

Yetişemeyeceğim kadar yüksek

Varamayacağım kadar uzak

Ve şimdi

Sen bana oradan bakıyorsun.

 Ümit Yaşar Oğuzcan

Kayıt Tarihi : 9.9.2001 10:11:00",,,,Belirsiz,26
484,Orası,https://www.antoloji.com/orasi-siiri/?siralama=p,"Aldım oraya çıkardım seni

Ta oraya

Yetişemeyeceğim kadar yüksek

Varamayacağım kadar uzak

Ve şimdi

Sen bana oradan bakıyorsun.

 Ümit Yaşar Oğuzcan

Kayıt Tarihi : 9.9.2001 10:11:00",,,,Belirsiz,26
485,Niğde'den,https://www.antoloji.com/nigde-den-siiri/,"Evimden karlı dağlar görünür Niğde'de

Baktıkça hüzünlenir, efkarlanırım

Sığmaz bu dağlara kaderim, sığmaz

Dayanılır dert değil bu Tanrım
Niğde bir taş yığını, toprak yığını

Bir gök var burada denize benzer

Ben denizlerin aşığı adam

Bana uzak denizler
Evimizin önünde pazar kurulur her hafta

Ben ecelle can pazarlığındayım

Günlerimi aydınlatan güneş değil

Karanlık gecelerin en karanlığındayım
Gönlümde eser rüzgarları Niğde'nin

Bir gariplik çöker üstüme her akşam

Düşündükçe ağlamak gelir içimden

Ağlayamam
Penceremden kimsesiz mezarlar görünür

Ve karşıda ağaçlar içinden tren yolu geçer

Sahillere, sahillere doğru trenler

Dolu dopdolu geçer
Velhasıl bir garip adamım ki Niğde'de

Ömrümüm otuzuncu, evimin beşinci katındayım

Sormayın günlerimin nasıl geçtiğini

Başka sefere anlatayım

 Ümit Yaşar Oğuzcan

Kayıt Tarihi : 12.1.2002 05:07:00",,,,Belirsiz,114
486,Niğde'den,https://www.antoloji.com/nigde-den-siiri/?siralama=p,"Evimden karlı dağlar görünür Niğde'de

Baktıkça hüzünlenir, efkarlanırım

Sığmaz bu dağlara kaderim, sığmaz

Dayanılır dert değil bu Tanrım
Niğde bir taş yığını, toprak yığını

Bir gök var burada denize benzer

Ben denizlerin aşığı adam

Bana uzak denizler
Evimizin önünde pazar kurulur her hafta

Ben ecelle can pazarlığındayım

Günlerimi aydınlatan güneş değil

Karanlık gecelerin en karanlığındayım
Gönlümde eser rüzgarları Niğde'nin

Bir gariplik çöker üstüme her akşam

Düşündükçe ağlamak gelir içimden

Ağlayamam
Penceremden kimsesiz mezarlar görünür

Ve karşıda ağaçlar içinden tren yolu geçer

Sahillere, sahillere doğru trenler

Dolu dopdolu geçer
Velhasıl bir garip adamım ki Niğde'de

Ömrümüm otuzuncu, evimin beşinci katındayım

Sormayın günlerimin nasıl geçtiğini

Başka sefere anlatayım

 Ümit Yaşar Oğuzcan

Kayıt Tarihi : 12.1.2002 05:07:00",,,,Belirsiz,114
487,Yarınlara Açılan Pencere,https://www.antoloji.com/yarinlara-acilan-pencere-siiri/,"Nerden geldik, nerdeyiz biliyor musun

Yüzyılar öncesi mi seviştik seninle

İlk tanıştıgımızdan bu yana çaglar mi geçti

Nasıl şimdi bir yerlere gidiyoruz elele
Anımsıyorum gözlerini, Babilde belki

Belkisin dillere destan asma bahcelerinde

Belki de yitik bir Ege Uygarlıgının

O Akdeniz mavisi sonsuz gecelerinde
Sen! En yakın olan bana, kanım gibi

Beni her gün bir kez daha doguran kadınım

Gül behçem, ormanım, suyum, topragım, gögüm

Sen! Dünya kurulalı beri aradıgım
Yeni dogmuş bir çocuk kadar tenhayım seninle

Enginlerde kanat çırpan bir martı gibi hürüm

Durmadan bir agaç büyüyor sevgimizden

Ta sonsuzlara dek uzuyor ömrüm
Seninle çaglar yaşadık biz, dünde degil

Zamanın ölümsüzlükle birleştigi yerdeyiz

Su gibi avuçlarımızdan akıp gidiyor günler

Doruklarında kar eksilmeyen tepelerdeyiz
Seni andıkça bir ışık vuruyor yüzüme

Yosunların yeşilinden, dalgaların köpügünden

Denizler çekiliyor, daglar egiliyor ve yollar

Kısalıyor, yaşadıgımız aşkın büyüklügünden
Bu coşkun umutlar boşuna degil sevdigim

Boşuna degil solan yaprakların bir bir yeşermesi

Bak! Bütün aydınlıgıyla duruyor karşımızda

Bu günün yarınlara açılan penceresi.

 Ümit Yaşar Oğuzcan

Kayıt Tarihi : 12.8.2000 15:48:00",,,,Belirsiz,164
488,Yarınlara Açılan Pencere,https://www.antoloji.com/yarinlara-acilan-pencere-siiri/?siralama=p,"Nerden geldik, nerdeyiz biliyor musun

Yüzyılar öncesi mi seviştik seninle

İlk tanıştıgımızdan bu yana çaglar mi geçti

Nasıl şimdi bir yerlere gidiyoruz elele
Anımsıyorum gözlerini, Babilde belki

Belkisin dillere destan asma bahcelerinde

Belki de yitik bir Ege Uygarlıgının

O Akdeniz mavisi sonsuz gecelerinde
Sen! En yakın olan bana, kanım gibi

Beni her gün bir kez daha doguran kadınım

Gül behçem, ormanım, suyum, topragım, gögüm

Sen! Dünya kurulalı beri aradıgım
Yeni dogmuş bir çocuk kadar tenhayım seninle

Enginlerde kanat çırpan bir martı gibi hürüm

Durmadan bir agaç büyüyor sevgimizden

Ta sonsuzlara dek uzuyor ömrüm
Seninle çaglar yaşadık biz, dünde degil

Zamanın ölümsüzlükle birleştigi yerdeyiz

Su gibi avuçlarımızdan akıp gidiyor günler

Doruklarında kar eksilmeyen tepelerdeyiz
Seni andıkça bir ışık vuruyor yüzüme

Yosunların yeşilinden, dalgaların köpügünden

Denizler çekiliyor, daglar egiliyor ve yollar

Kısalıyor, yaşadıgımız aşkın büyüklügünden
Bu coşkun umutlar boşuna degil sevdigim

Boşuna degil solan yaprakların bir bir yeşermesi

Bak! Bütün aydınlıgıyla duruyor karşımızda

Bu günün yarınlara açılan penceresi.

 Ümit Yaşar Oğuzcan

Kayıt Tarihi : 12.8.2000 15:48:00",,,,Belirsiz,164
489,Kıskanç,https://www.antoloji.com/kiskanc-siiri/,"İyi ki aynacı değilim

Her gün ayna kırardım

Sana baktığı için 

Sen baktığın için.

 Ümit Yaşar Oğuzcan

Kayıt Tarihi : 12.6.2000 17:18:00",,,,Belirsiz,22
490,Kıskanç,https://www.antoloji.com/kiskanc-siiri/?siralama=p,"İyi ki aynacı değilim

Her gün ayna kırardım

Sana baktığı için 

Sen baktığın için.

 Ümit Yaşar Oğuzcan

Kayıt Tarihi : 12.6.2000 17:18:00",,,,Belirsiz,22
491,Yalnızlığı Kadınların,https://www.antoloji.com/yalnizligi-kadinlarin-siiri/,"Yalnızlığı kadınların, üşümüş, yorgun

Bir elin sallanışı açık pencerelerden

Anlatır aşkın güzelliğini uzun uzun

Kalan hatıralarla geçmiş gecelerden
Hep o eller ağlayan karşısında aynaların

Hep o çileli yüz, o bekleyen dudaklar

Bir ses kulaklarında: Belki yarın, belki yarın

Sonra yeni bir sabah, yine bomboş sokaklar
Beklemek... Yalnızlığı kadınların büyük

Pencerelerde, kapılarda, evlerde, odalarda

Ve soğuk yataklarda mahzun, kırık dökük
Bazen mağrur gözleri bir noktaya dalar da

Ansızın bir ateş basar solgun yanaklarını

Batırırlar kalplerine ince, uzun parmaklarını

 Ümit Yaşar Oğuzcan

Kayıt Tarihi : 12.1.2002 05:14:00",,,,Belirsiz,85
492,Yalnızlığı Kadınların,https://www.antoloji.com/yalnizligi-kadinlarin-siiri/?siralama=p,"Yalnızlığı kadınların, üşümüş, yorgun

Bir elin sallanışı açık pencerelerden

Anlatır aşkın güzelliğini uzun uzun

Kalan hatıralarla geçmiş gecelerden
Hep o eller ağlayan karşısında aynaların

Hep o çileli yüz, o bekleyen dudaklar

Bir ses kulaklarında: Belki yarın, belki yarın

Sonra yeni bir sabah, yine bomboş sokaklar
Beklemek... Yalnızlığı kadınların büyük

Pencerelerde, kapılarda, evlerde, odalarda

Ve soğuk yataklarda mahzun, kırık dökük
Bazen mağrur gözleri bir noktaya dalar da

Ansızın bir ateş basar solgun yanaklarını

Batırırlar kalplerine ince, uzun parmaklarını

 Ümit Yaşar Oğuzcan

Kayıt Tarihi : 12.1.2002 05:14:00",,,,Belirsiz,85
493,Yeniden Geliş,https://www.antoloji.com/yeniden-gelis-siiri/,"Tutup saçlarımdan sürükleyen kim? 

Çeken ne denizlere doğru beni? 

Varlığını yaşamak bildiğim

Alevden eller mi, o kor gözler mi? 
Bir dudak mı tutuşturan kanımı

O çılgın geceler boyunca? 

O ateş yığını saçlar mı

Yakan avuçlarımı, tutunca? 
Bu dalıp dalıp gitmeler neden? 

Neden bir alev tasta kaynayıp

Her gün yenilenmek, eksilmeden? 
Sonsuzluğa doğru bir yükseliş midir bu? 

Söyle ey sevgiyle dolup taşan yürek

Dünyaya yeniden geliş midir bu?

 Ümit Yaşar Oğuzcan

Kayıt Tarihi : 12.1.2002 05:11:00",,,,Belirsiz,75
494,Yeniden Geliş,https://www.antoloji.com/yeniden-gelis-siiri/?siralama=p,"Tutup saçlarımdan sürükleyen kim? 

Çeken ne denizlere doğru beni? 

Varlığını yaşamak bildiğim

Alevden eller mi, o kor gözler mi? 
Bir dudak mı tutuşturan kanımı

O çılgın geceler boyunca? 

O ateş yığını saçlar mı

Yakan avuçlarımı, tutunca? 
Bu dalıp dalıp gitmeler neden? 

Neden bir alev tasta kaynayıp

Her gün yenilenmek, eksilmeden? 
Sonsuzluğa doğru bir yükseliş midir bu? 

Söyle ey sevgiyle dolup taşan yürek

Dünyaya yeniden geliş midir bu?

 Ümit Yaşar Oğuzcan

Kayıt Tarihi : 12.1.2002 05:11:00",,,,Belirsiz,75
495,Rıhtıma Dönüş,https://www.antoloji.com/rihtima-donus-siiri/,"Eylüldü... Bembeyaz gemi dönüyordu

Gitgide büyüyordu gövdesi, direkleri

Üşümüş, özlemli yolcular vardı güvertede

Birer deniz feneri misali gözbebekleri
Adam rıhtımdaydı, gemi yanaştı

Atıldı ipler, uzatıldı merdivenler

Ansızın karıştı birbirine

Bekletenler, bekleyenler
Çoğaldı adamın mağrur gözlerinde

Biriktirdiği acı ayların

Birden karışıverdi yüzü

Gittiği gibi dönmemişti kadın
Adam hayretle baktı merdivenlere

Böyle kavuşmak beklemek kadar zordu

Gitti kadın kolunda bir başkasıyla

Adam yine yalnızdı, adam ağlıyordu.

 Ümit Yaşar Oğuzcan

Kayıt Tarihi : 15.7.2002 15:42:00",,,,Belirsiz,72
496,Rıhtıma Dönüş,https://www.antoloji.com/rihtima-donus-siiri/?siralama=p,"Eylüldü... Bembeyaz gemi dönüyordu

Gitgide büyüyordu gövdesi, direkleri

Üşümüş, özlemli yolcular vardı güvertede

Birer deniz feneri misali gözbebekleri
Adam rıhtımdaydı, gemi yanaştı

Atıldı ipler, uzatıldı merdivenler

Ansızın karıştı birbirine

Bekletenler, bekleyenler
Çoğaldı adamın mağrur gözlerinde

Biriktirdiği acı ayların

Birden karışıverdi yüzü

Gittiği gibi dönmemişti kadın
Adam hayretle baktı merdivenlere

Böyle kavuşmak beklemek kadar zordu

Gitti kadın kolunda bir başkasıyla

Adam yine yalnızdı, adam ağlıyordu.

 Ümit Yaşar Oğuzcan

Kayıt Tarihi : 15.7.2002 15:42:00",,,,Belirsiz,72
497,Kral Sofrası,https://www.antoloji.com/kral-sofrasi-siiri/,"Çıbanlar açtı gül bahçelerinde kan rengi

Bir mayın tarlasında büyüdü serseriliğimiz

Hani o şeyler vardı unuttuğumuz, gecelerdeki

Hani o şeyler vardı bir zaman, beklediğimiz
İşte onlar ve o kadınlar, o adamlar

Ve gökyüzünün o namussuzca satılmışlığı

Bir Endonezya esmeri, yılgın akşamlar

Kirli sakallarımızın sebepsiz uzamışlığı
Mahkumlar, zenciler, orospu yatakları

Ayaküstü, aşkın iğrenç alışverişi, zaman

Alnımızda Tanrının merhametsiz dudakları

Çingene, kahpe toprak, altımızda uzanan
Getir daha getir, biz günaha kanmadık

Süsleyen zulümler kral soframızı

Ey et ve kan, ey ölüm, ey karanlık

Ey gölgesi kralın, kirleten sabahlarımızı
Dağılan bulutlar değil, inandıklarımız

Söyleyin nereye gitti o gök mavisi

Rüzgarlar, yağmurlar, kokmuş atıklarımız

Kral soframızda insanlık sevgisi
Analar, çocuklar, borazancılar, ressamlar, ölüler

Can kurtaran simitleri, ajans haberleri

Polkalar, mazurkalar, oyun havaları, türküler

Piyano tuşları, kemanlar, Tosca'lar, Sevil Berberleri
Siz eğrelti otları can sıkıntımızın

Siz çok gülmüşlüğümüz, çok ağlamışlığımız

Ömür, topraktan şarap testisi aşkın

Ve kral kadehlerinde kurumuş gözyaşımız
Vurun biraz daha vurun, ölmedik

Yumruklayın, muştalayın, kırbaçlayın

İşte ip, işte zincir, halimiz bitik

Milleyin gözümüzü, sırtımızı dağlayın
Bu hangi yüzyıl, oyuncağı Meryem'in

Nerde kaybolan tahta atlar, kurşun askerler

Kim unuttu kapısını açık cehennemin

Söyleyin savaş artıkları, deliler, sakatlar, körler
Ey dünya, utancımız, yüz karası

Ey sofrası kralın, ey kral sofrası

 Ümit Yaşar Oğuzcan

Kayıt Tarihi : 3.2.2002 05:09:00",,,,Belirsiz,204
498,Kral Sofrası,https://www.antoloji.com/kral-sofrasi-siiri/?siralama=p,"Çıbanlar açtı gül bahçelerinde kan rengi

Bir mayın tarlasında büyüdü serseriliğimiz

Hani o şeyler vardı unuttuğumuz, gecelerdeki

Hani o şeyler vardı bir zaman, beklediğimiz
İşte onlar ve o kadınlar, o adamlar

Ve gökyüzünün o namussuzca satılmışlığı

Bir Endonezya esmeri, yılgın akşamlar

Kirli sakallarımızın sebepsiz uzamışlığı
Mahkumlar, zenciler, orospu yatakları

Ayaküstü, aşkın iğrenç alışverişi, zaman

Alnımızda Tanrının merhametsiz dudakları

Çingene, kahpe toprak, altımızda uzanan
Getir daha getir, biz günaha kanmadık

Süsleyen zulümler kral soframızı

Ey et ve kan, ey ölüm, ey karanlık

Ey gölgesi kralın, kirleten sabahlarımızı
Dağılan bulutlar değil, inandıklarımız

Söyleyin nereye gitti o gök mavisi

Rüzgarlar, yağmurlar, kokmuş atıklarımız

Kral soframızda insanlık sevgisi
Analar, çocuklar, borazancılar, ressamlar, ölüler

Can kurtaran simitleri, ajans haberleri

Polkalar, mazurkalar, oyun havaları, türküler

Piyano tuşları, kemanlar, Tosca'lar, Sevil Berberleri
Siz eğrelti otları can sıkıntımızın

Siz çok gülmüşlüğümüz, çok ağlamışlığımız

Ömür, topraktan şarap testisi aşkın

Ve kral kadehlerinde kurumuş gözyaşımız
Vurun biraz daha vurun, ölmedik

Yumruklayın, muştalayın, kırbaçlayın

İşte ip, işte zincir, halimiz bitik

Milleyin gözümüzü, sırtımızı dağlayın
Bu hangi yüzyıl, oyuncağı Meryem'in

Nerde kaybolan tahta atlar, kurşun askerler

Kim unuttu kapısını açık cehennemin

Söyleyin savaş artıkları, deliler, sakatlar, körler
Ey dünya, utancımız, yüz karası

Ey sofrası kralın, ey kral sofrası

 Ümit Yaşar Oğuzcan

Kayıt Tarihi : 3.2.2002 05:09:00",,,,Belirsiz,204
499,Sonbahar Düşünceleri,https://www.antoloji.com/sonbahar-dusunceleri-siiri/,"Sonbahar geldi yağmurla beraber

Boynu bükük duruyor kasımpatı

Ölümü düşündürür oldu geceler

Yaz güneşinde bıraktık hayatı

İnsan böylede mahzun olurmuş meğer

Ansızın silindi renk saltanatı

Yaz güneşinde bıraktık hayatı
Ufuk yaslı, bahçeler kırık dökük

Geceler uzun, geceler korkulu

Ümitler savrulmada köpük köpük

Zamanı unutuyor insanoğlu

Dünya dediğimiz ne kadar küçük

Toprak endişeli, gökler buğulu

Zamanı unutuyor insanoğlu
Çiğ yağıyor, çiğ yağıyor camlara

Dualarla ağlamakta gökyüzü

Çıldırtıyor insanı bu manzara

Bu mevsim törpülüyor ömrümüzü

Selam gözü yaşlı hazin akşamlara

Artık düşünemez olduk gündüzü

Bu mevsim törpülüyor ömrümüzü
Belli değil nasıl yaşadığımız

Boşuna dönüyor yel değirmeni

Düşünceler yorgun, hayaller yalnız

Bu mevsim, bu mevsim ağlatır beni

Mum aleviyle söndü varlığımız

Şu hava bambaşka, şu koku yeni

Bu mevsim, bu mevsim ağlatır beni
Nereye güzel kırlangıç nereye

Ölümlerden ölüm beğenmeye mi

Gel, sonsuza açılan pencereye

Birlikte dolaşalım şu alemi

Ve bir daha dönmeyelim geriye

Kırlangıcım, beni de götür e mi

Birlikte dolaşalım şu alemi
Sevinci gül yaprağında bıraktık

Badem dalında kaldı gençliğimiz

Aynaya korkulu gözlerle baktık

Şimdi ömrün lezzetinde değiliz

Yeter ki bitsin şu uzun karanlık

Yeter ki sukunet bulsun şu deniz

Şimdi ömrün lezzetinde değiliz
Bir endişe var kalbin vuruşunda

Yere serildi alev gölgeler

Hayalin erişilmez yokuşunda

Sürüdü zamanı o dev gölgeler

Neden bu yas dağların duruşunda

Neden böyle perişan düşünceler

Sürüdü zamanı o dev gölgeler
Binbir üzüntüyle ettik sabahı

Haber yolladık ümitsiz güneşe

Alıştık geceye, sevdik siyahı

Veda kalplerimizde yanan ateşe

Leylak dalında unuttuk günahı

Aşkı beraber götürdü menekşe

Veda kalplerimizde yanan ateşe
Bir keman çalınmada dokunaklı

Bir keman çalınmada hazin hazin

Nur yüzlü gelinler siyah duvaklı

Lezzeti kalmadı gençliğimizin

Toprağın altında bir alem saklı

Beklediği var şu hırçın denizin

Lezzeti kalmadı gençliğimizin
Kervansaray uzaklarda, yol uzun

Bütün kuvvetiyle esiyor rüzgar

Manası küçüldü artık sonsuzun

Bu mevsim, bu mevsim ilk ve sonbahar

Anladık geldiğini sonumuzun

Birbiri ardından çözüldü yıllar

Bu mevsim, bu mevsim ilk ve sonbahar

 Ümit Yaşar Oğuzcan

Kayıt Tarihi : 14.10.2000 12:02:00",,,,Belirsiz,313
500,Sonbahar Düşünceleri,https://www.antoloji.com/sonbahar-dusunceleri-siiri/?siralama=p,"Sonbahar geldi yağmurla beraber

Boynu bükük duruyor kasımpatı

Ölümü düşündürür oldu geceler

Yaz güneşinde bıraktık hayatı

İnsan böylede mahzun olurmuş meğer

Ansızın silindi renk saltanatı

Yaz güneşinde bıraktık hayatı
Ufuk yaslı, bahçeler kırık dökük

Geceler uzun, geceler korkulu

Ümitler savrulmada köpük köpük

Zamanı unutuyor insanoğlu

Dünya dediğimiz ne kadar küçük

Toprak endişeli, gökler buğulu

Zamanı unutuyor insanoğlu
Çiğ yağıyor, çiğ yağıyor camlara

Dualarla ağlamakta gökyüzü

Çıldırtıyor insanı bu manzara

Bu mevsim törpülüyor ömrümüzü

Selam gözü yaşlı hazin akşamlara

Artık düşünemez olduk gündüzü

Bu mevsim törpülüyor ömrümüzü
Belli değil nasıl yaşadığımız

Boşuna dönüyor yel değirmeni

Düşünceler yorgun, hayaller yalnız

Bu mevsim, bu mevsim ağlatır beni

Mum aleviyle söndü varlığımız

Şu hava bambaşka, şu koku yeni

Bu mevsim, bu mevsim ağlatır beni
Nereye güzel kırlangıç nereye

Ölümlerden ölüm beğenmeye mi

Gel, sonsuza açılan pencereye

Birlikte dolaşalım şu alemi

Ve bir daha dönmeyelim geriye

Kırlangıcım, beni de götür e mi

Birlikte dolaşalım şu alemi
Sevinci gül yaprağında bıraktık

Badem dalında kaldı gençliğimiz

Aynaya korkulu gözlerle baktık

Şimdi ömrün lezzetinde değiliz

Yeter ki bitsin şu uzun karanlık

Yeter ki sukunet bulsun şu deniz

Şimdi ömrün lezzetinde değiliz
Bir endişe var kalbin vuruşunda

Yere serildi alev gölgeler

Hayalin erişilmez yokuşunda

Sürüdü zamanı o dev gölgeler

Neden bu yas dağların duruşunda

Neden böyle perişan düşünceler

Sürüdü zamanı o dev gölgeler
Binbir üzüntüyle ettik sabahı

Haber yolladık ümitsiz güneşe

Alıştık geceye, sevdik siyahı

Veda kalplerimizde yanan ateşe

Leylak dalında unuttuk günahı

Aşkı beraber götürdü menekşe

Veda kalplerimizde yanan ateşe
Bir keman çalınmada dokunaklı

Bir keman çalınmada hazin hazin

Nur yüzlü gelinler siyah duvaklı

Lezzeti kalmadı gençliğimizin

Toprağın altında bir alem saklı

Beklediği var şu hırçın denizin

Lezzeti kalmadı gençliğimizin
Kervansaray uzaklarda, yol uzun

Bütün kuvvetiyle esiyor rüzgar

Manası küçüldü artık sonsuzun

Bu mevsim, bu mevsim ilk ve sonbahar

Anladık geldiğini sonumuzun

Birbiri ardından çözüldü yıllar

Bu mevsim, bu mevsim ilk ve sonbahar

 Ümit Yaşar Oğuzcan

Kayıt Tarihi : 14.10.2000 12:02:00",,,,Belirsiz,313
501,Karşılama,https://www.antoloji.com/karsilama-siiri/,"Böyle mi karşılayacaktın beni 

Bakışların böyle mi olacktı 

Ne ummuş ne düşünmüştüm? Hani 

O şaheser gözlerin dolacaktı 
Neler vadetmiştin bana giderken 

Gözlerin alev alev yanmalıydı 

İçin titreyerek 'hoş geldin' derken 

Ellerin sevgiyle uzanmalıydı 
Gözlerime öyle bakmamalıydın 

O harikulade dakikada elbet 

Beni yapayalnız bırakmamalıydın 
Bana sonsuz bir ümit vermemeliydin 

Karşımda ağlamasan da nihayet 

Bir saniye olsun ürpermeliydin.

 Ümit Yaşar Oğuzcan

Kayıt Tarihi : 4.1.2001 14:38:00",,,,Belirsiz,64
502,Karşılama,https://www.antoloji.com/karsilama-siiri/?siralama=p,"Böyle mi karşılayacaktın beni 

Bakışların böyle mi olacktı 

Ne ummuş ne düşünmüştüm? Hani 

O şaheser gözlerin dolacaktı 
Neler vadetmiştin bana giderken 

Gözlerin alev alev yanmalıydı 

İçin titreyerek 'hoş geldin' derken 

Ellerin sevgiyle uzanmalıydı 
Gözlerime öyle bakmamalıydın 

O harikulade dakikada elbet 

Beni yapayalnız bırakmamalıydın 
Bana sonsuz bir ümit vermemeliydin 

Karşımda ağlamasan da nihayet 

Bir saniye olsun ürpermeliydin.

 Ümit Yaşar Oğuzcan

Kayıt Tarihi : 4.1.2001 14:38:00",,,,Belirsiz,64
503,Hatırlama,https://www.antoloji.com/hatirlama-siiri/,"Ne zaman elime bir kalem alsam

Sana seslenmek geliyor içimden

Güzelliğini hatırlıyorum bir yaz günü

Yine gemiler geçiyor uzaklardan

Biz yosun kokulu rıhtımlarda el ele

Şehirlerden İstanbul,aylardan temmuz

Ne zaman elime bir kalem alsam

Geçmişi seninle yeniden yasıyoruz
Ne zaman elime bir kitap alsam

Hep seni okuyorum inanır mısın

İstiyorum seni anlatmalı bütün romanlar

Sevilen kadın hep sen olmalısın.

Ne zaman elime bir kibrit alsam

Yine İstanbul’u yakmak geçiyor aklımdan

Bu sensiz sokakları, bu evleri

Bu plajları bu denizleri

Sensiz kaldığım bu şehri tüm yakasim geliyor

Yine alev bir İstanbul düşünüyorum

Ve çaresiz yaktığım bütün sigaraların

Dumanlarında seni görüyorum.

Ne zaman elime bir fırça alsam

Yüzünü çiziyorum kapılara,duvarlara

Bir hatırlıyorum butun hatlarını

Gözlerini dudaklarını saclarını

Baktığım her yere gölgen düşüyor

Dokunduğum herselde senin sıcaklığın

Sonra dağlar, denizler giriyor aramıza

Gitgide buyuyor uzaklığın
Ne zaman elime bir kadeh alsam

Delicesine sarhoş olmak istiyorum

İçkiler seni hatırlatıyor yine

Kırıyorum birbiri ardınca kadehleri

Artık hiç birsek kar etmez biliyorum

Ne dost, ne içki, ne aşk, ne kadın

Gözlerimde yıllardır essiz olan

Değişmeyen bir sen varsın
Ne zaman elime bir ayna alsam

Gözlerimden korkuyorum, bakışlarımdan

Bu seni unutamayan benden korkuyorum

Uçurum çizgiler, kara gölgeler

Bir sonun belirtileri yüzümde yer yer

Karşımdaki yüz sefil bir akşam

Hep sana sesleniyorum duyuyor musun

Ne zaman elime bir kağıt alsam.

 Ümit Yaşar Oğuzcan

Kayıt Tarihi : 28.8.2000 19:37:00",,,,Belirsiz,220
504,Hatırlama,https://www.antoloji.com/hatirlama-siiri/?siralama=p,"Ne zaman elime bir kalem alsam

Sana seslenmek geliyor içimden

Güzelliğini hatırlıyorum bir yaz günü

Yine gemiler geçiyor uzaklardan

Biz yosun kokulu rıhtımlarda el ele

Şehirlerden İstanbul,aylardan temmuz

Ne zaman elime bir kalem alsam

Geçmişi seninle yeniden yasıyoruz
Ne zaman elime bir kitap alsam

Hep seni okuyorum inanır mısın

İstiyorum seni anlatmalı bütün romanlar

Sevilen kadın hep sen olmalısın.

Ne zaman elime bir kibrit alsam

Yine İstanbul’u yakmak geçiyor aklımdan

Bu sensiz sokakları, bu evleri

Bu plajları bu denizleri

Sensiz kaldığım bu şehri tüm yakasim geliyor

Yine alev bir İstanbul düşünüyorum

Ve çaresiz yaktığım bütün sigaraların

Dumanlarında seni görüyorum.

Ne zaman elime bir fırça alsam

Yüzünü çiziyorum kapılara,duvarlara

Bir hatırlıyorum butun hatlarını

Gözlerini dudaklarını saclarını

Baktığım her yere gölgen düşüyor

Dokunduğum herselde senin sıcaklığın

Sonra dağlar, denizler giriyor aramıza

Gitgide buyuyor uzaklığın
Ne zaman elime bir kadeh alsam

Delicesine sarhoş olmak istiyorum

İçkiler seni hatırlatıyor yine

Kırıyorum birbiri ardınca kadehleri

Artık hiç birsek kar etmez biliyorum

Ne dost, ne içki, ne aşk, ne kadın

Gözlerimde yıllardır essiz olan

Değişmeyen bir sen varsın
Ne zaman elime bir ayna alsam

Gözlerimden korkuyorum, bakışlarımdan

Bu seni unutamayan benden korkuyorum

Uçurum çizgiler, kara gölgeler

Bir sonun belirtileri yüzümde yer yer

Karşımdaki yüz sefil bir akşam

Hep sana sesleniyorum duyuyor musun

Ne zaman elime bir kağıt alsam.

 Ümit Yaşar Oğuzcan

Kayıt Tarihi : 28.8.2000 19:37:00",,,,Belirsiz,220
505,Bitişik,https://www.antoloji.com/bitisik-siiri/,"-1-
Biz şimdi seninle bitişiğiz sözüm ona

Bir vahşi hayvan sesleniyor içimizden

Gözlerini avucumda buluyorum aradığımda

Sonra dudakların, küçük, öptükçe güzelleşen
Bir mahzun oluşun var kadınca, kadınlarca

Bir çağırışın var ellerimi, sevişmeye uzun

Ah anlatamam, utanırım, yıllarca, yüzyıllarca

Ansızın gitsen bile içimde kalır yokluğun
-2-
İpek çoraplarında gözlerim biraz daha tutkun

Bir şeydir o şeyler, bir şeydir görüyorum

Kaçmaya alışkın ayakların öyle yorgun

Bak sen, tutup önce dizlerinden öpüyorum
Sana sen diyeceğim, sizlerden usandım

Ellerin ellerin diyeceğim sıcacık

Eskiden bir sevgilim vardı, onu hatırladım

Her öpüşmemizde biraz daha ölürdük
-3-
Sözü mü olur yanında güzelliğin, taptazeliğin

Baş döndüren bir çiçektir tenin pembesi, ak

Kollarında, elbet bir şarkıyım söylediğin

Elleri kelepçeli mahkum, ayakları prangalı, tutsak
Seninle birçok evlerde, birçok odalarda

Çoğalıp küplerce, karelerce birçok olmuşuz

Biz hep o yerlerde, oralarda, oralarda

Soyunup tüm korkulardan sevişmeye durmuşuz

 Ümit Yaşar Oğuzcan

Kayıt Tarihi : 2.9.2002 05:03:00",,,,Belirsiz,143
506,Bitişik,https://www.antoloji.com/bitisik-siiri/?siralama=p,"-1-
Biz şimdi seninle bitişiğiz sözüm ona

Bir vahşi hayvan sesleniyor içimizden

Gözlerini avucumda buluyorum aradığımda

Sonra dudakların, küçük, öptükçe güzelleşen
Bir mahzun oluşun var kadınca, kadınlarca

Bir çağırışın var ellerimi, sevişmeye uzun

Ah anlatamam, utanırım, yıllarca, yüzyıllarca

Ansızın gitsen bile içimde kalır yokluğun
-2-
İpek çoraplarında gözlerim biraz daha tutkun

Bir şeydir o şeyler, bir şeydir görüyorum

Kaçmaya alışkın ayakların öyle yorgun

Bak sen, tutup önce dizlerinden öpüyorum
Sana sen diyeceğim, sizlerden usandım

Ellerin ellerin diyeceğim sıcacık

Eskiden bir sevgilim vardı, onu hatırladım

Her öpüşmemizde biraz daha ölürdük
-3-
Sözü mü olur yanında güzelliğin, taptazeliğin

Baş döndüren bir çiçektir tenin pembesi, ak

Kollarında, elbet bir şarkıyım söylediğin

Elleri kelepçeli mahkum, ayakları prangalı, tutsak
Seninle birçok evlerde, birçok odalarda

Çoğalıp küplerce, karelerce birçok olmuşuz

Biz hep o yerlerde, oralarda, oralarda

Soyunup tüm korkulardan sevişmeye durmuşuz

 Ümit Yaşar Oğuzcan

Kayıt Tarihi : 2.9.2002 05:03:00",,,,Belirsiz,143
507,Yıkılış,https://www.antoloji.com/yikilis-2-siiri/,"Günahım, vebalimdin 

Kızımdın kimi zaman 

Kız kardeşim 

Yada sevgilimdin 

Hiç bir şeyim değildin 

Belki de her şeyimdin 

Çirkinimdin, 

Güzelimdin 

Sevgide iki gözüm 

Dostlukta iki gözüm 

Dostlukta sağ elimdin 

Dilim dilimdin 

Öpüşürken 

Yüreğime serilmiş 

Nakışlı bir kilimdin 

Deli olurdum 

Bir gün görmesem 

Hasretimdin, 

Hayalimdin 

Bir başkaydı 

Kavuşmalarımız 

O zamanlar çılgındım 

Delindim 

Şimdi bakıyorum da 

Geldiğimiz yere 

Soruyorum 

Sahi sen kimdin?

 Ümit Yaşar Oğuzcan

Kayıt Tarihi : 4.1.2001 14:43:00",,,,Belirsiz,67
508,Yıkılış,https://www.antoloji.com/yikilis-2-siiri/?siralama=p,"Günahım, vebalimdin 

Kızımdın kimi zaman 

Kız kardeşim 

Yada sevgilimdin 

Hiç bir şeyim değildin 

Belki de her şeyimdin 

Çirkinimdin, 

Güzelimdin 

Sevgide iki gözüm 

Dostlukta iki gözüm 

Dostlukta sağ elimdin 

Dilim dilimdin 

Öpüşürken 

Yüreğime serilmiş 

Nakışlı bir kilimdin 

Deli olurdum 

Bir gün görmesem 

Hasretimdin, 

Hayalimdin 

Bir başkaydı 

Kavuşmalarımız 

O zamanlar çılgındım 

Delindim 

Şimdi bakıyorum da 

Geldiğimiz yere 

Soruyorum 

Sahi sen kimdin?

 Ümit Yaşar Oğuzcan

Kayıt Tarihi : 4.1.2001 14:43:00",,,,Belirsiz,67
509,Gün Batımı,https://www.antoloji.com/gun-batimi-2-siiri/,"Yaklaşan ayak sesleridir aksamın

Seraktan çıkmış bu uzun yolculuğa

Bir gelen var uzaktan soluk soluğa

Kapkara gözleri hüzünlü ve dalgın

Aksam, rüyalarımıza giren o esmer kadın
İste! acilmiş dipdiri göğüsleri

Bir vuslat gecesine çağırır bizi

Ve ansızın büyüler gözlerimizi

Saçlarında o yıldız yıldız süsleri

Sair 'hoyrattır' diyor aksam üstleri
Hoyrattır evet, o butun aldanmışlar

Yüz karası fahişeleri dünyamızın

En vazgeçilmez yerinde rüyamızın

Gelir, gözlerinde o vahşi bakışlar

Aksam, uzak bir golde büyüyen kamışlar
Ne hazin batması çiğlik çığlığa her gün

Gullerin solması ve dönmesi havada kuşların

O bitmeyen hüznü, apansız akşam oluşların

Affedilmez bir zamandır bu, isteksiz, olgun

Her aksam dünyamıza gölgesi düşer olumun
Biz eli kolu bağlı insanlarız çirkin ve zavallı

Kötülük kusmak için karanlığı bekleriz

Kirletir geceleri turlu pisliklerimiz

Bizim gibisini görmedi evren, evren olalı

Böyle kotu bir dünyaya bir daha gün doğmamalı

 Ümit Yaşar Oğuzcan

Kayıt Tarihi : 28.8.2000 19:35:00",,,,Belirsiz,143
510,Gün Batımı,https://www.antoloji.com/gun-batimi-2-siiri/?siralama=p,"Yaklaşan ayak sesleridir aksamın

Seraktan çıkmış bu uzun yolculuğa

Bir gelen var uzaktan soluk soluğa

Kapkara gözleri hüzünlü ve dalgın

Aksam, rüyalarımıza giren o esmer kadın
İste! acilmiş dipdiri göğüsleri

Bir vuslat gecesine çağırır bizi

Ve ansızın büyüler gözlerimizi

Saçlarında o yıldız yıldız süsleri

Sair 'hoyrattır' diyor aksam üstleri
Hoyrattır evet, o butun aldanmışlar

Yüz karası fahişeleri dünyamızın

En vazgeçilmez yerinde rüyamızın

Gelir, gözlerinde o vahşi bakışlar

Aksam, uzak bir golde büyüyen kamışlar
Ne hazin batması çiğlik çığlığa her gün

Gullerin solması ve dönmesi havada kuşların

O bitmeyen hüznü, apansız akşam oluşların

Affedilmez bir zamandır bu, isteksiz, olgun

Her aksam dünyamıza gölgesi düşer olumun
Biz eli kolu bağlı insanlarız çirkin ve zavallı

Kötülük kusmak için karanlığı bekleriz

Kirletir geceleri turlu pisliklerimiz

Bizim gibisini görmedi evren, evren olalı

Böyle kotu bir dünyaya bir daha gün doğmamalı

 Ümit Yaşar Oğuzcan

Kayıt Tarihi : 28.8.2000 19:35:00",,,,Belirsiz,143
511,Ümitlerin Ölümü,https://www.antoloji.com/umitlerin-olumu-siiri/,"Başladı bir amansız çöküntüdür içimde

Bilmem, gün gün yer eden ölüm müdür içimde
Gündüz gece dinlemez durmadan zonklar başım

Koca adımlarıyla bir dev yürür içimde
Ne yana baksam gece, dizboyu çaresizlik

Bir kara yalnızlıktır büyür büyür içimde
Yıkılan bir dünyanın altında ben kalmışım

Ki derinden derine bir şey çürür içimde
Hani eşsiz dostluklar, vazgeçilmez sevgiler

Bütün ümitler şimdi bir ölüdür içimde

 Ümit Yaşar Oğuzcan

Kayıt Tarihi : 4.1.2001 14:41:00",,,,Belirsiz,69
512,Ümitlerin Ölümü,https://www.antoloji.com/umitlerin-olumu-siiri/?siralama=p,"Başladı bir amansız çöküntüdür içimde

Bilmem, gün gün yer eden ölüm müdür içimde
Gündüz gece dinlemez durmadan zonklar başım

Koca adımlarıyla bir dev yürür içimde
Ne yana baksam gece, dizboyu çaresizlik

Bir kara yalnızlıktır büyür büyür içimde
Yıkılan bir dünyanın altında ben kalmışım

Ki derinden derine bir şey çürür içimde
Hani eşsiz dostluklar, vazgeçilmez sevgiler

Bütün ümitler şimdi bir ölüdür içimde

 Ümit Yaşar Oğuzcan

Kayıt Tarihi : 4.1.2001 14:41:00",,,,Belirsiz,69
513,Unutulmuş Adam,https://www.antoloji.com/unutulmus-adam-siiri/,"sen unutulmuş bir adamsın 

şu yarım milyonluk  şehirde

gençligini bir deli rüzgar götürmüş

umutların kim bilir nerede 

hangi sevgilinin kollarında kalmış
sen çok gezmiş çok görmüş

şimdi alabildiğine yanlız adam

hatıralar eski bir şarkıdır dudaklarında

söylemek istersin söyleyemezsin

kahreder kahreder seni zaman 

bu şehrin aşina sokaklarında
ölesiye ağlamak istiyordun

bilmedigin bir şey değildi ağlamak

kaderinin agırlıgınca sarhoştun 

hayalerinin genişligince 

dünyadan uzak
seni tozlu aynalarda tanıdım

sacların anlına dökülmüştü tel tel

gözlerin göz olduklarından uzak

kederliydin sonbahar akşamları gibi

ve sonbahar akşamları kadar güzel
yorgun ellerin ceplerindeydi

varlıgından utuanırcasına saklı

ellerin ki bir keman kadar hassas

bir şarkı gibi dokunaklı
sen unutulmuş bir adamsın

anlaşılmamış şiirlerim gibi

bütün güzelligiyle unutulmuş

şiirlerim ki yanlızlıga benzer

öylesine mahsun öylesine kahrolmuş 
ümit yaşar oguzcan

 Ümit Yaşar Oğuzcan

Kayıt Tarihi : 24.12.2000 12:33:00",,,,Belirsiz,128
514,Unutulmuş Adam,https://www.antoloji.com/unutulmus-adam-siiri/?siralama=p,"sen unutulmuş bir adamsın 

şu yarım milyonluk  şehirde

gençligini bir deli rüzgar götürmüş

umutların kim bilir nerede 

hangi sevgilinin kollarında kalmış
sen çok gezmiş çok görmüş

şimdi alabildiğine yanlız adam

hatıralar eski bir şarkıdır dudaklarında

söylemek istersin söyleyemezsin

kahreder kahreder seni zaman 

bu şehrin aşina sokaklarında
ölesiye ağlamak istiyordun

bilmedigin bir şey değildi ağlamak

kaderinin agırlıgınca sarhoştun 

hayalerinin genişligince 

dünyadan uzak
seni tozlu aynalarda tanıdım

sacların anlına dökülmüştü tel tel

gözlerin göz olduklarından uzak

kederliydin sonbahar akşamları gibi

ve sonbahar akşamları kadar güzel
yorgun ellerin ceplerindeydi

varlıgından utuanırcasına saklı

ellerin ki bir keman kadar hassas

bir şarkı gibi dokunaklı
sen unutulmuş bir adamsın

anlaşılmamış şiirlerim gibi

bütün güzelligiyle unutulmuş

şiirlerim ki yanlızlıga benzer

öylesine mahsun öylesine kahrolmuş 
ümit yaşar oguzcan

 Ümit Yaşar Oğuzcan

Kayıt Tarihi : 24.12.2000 12:33:00",,,,Belirsiz,128
515,Toprak Olmaz Bende Tenden Başkası,https://www.antoloji.com/toprak-olmaz-bende-tenden-baskasi-siiri/,"Toprak olmaz bende tenden başkası

Seni bunca sevmez benden başkası

Ölürsem sen ağlama arkamdan, yeter

Gelmesin kabrime senden başkası.

 Ümit Yaşar Oğuzcan

Kayıt Tarihi : 28.8.2000 20:47:00",,,,Belirsiz,27
516,Toprak Olmaz Bende Tenden Başkası,https://www.antoloji.com/toprak-olmaz-bende-tenden-baskasi-siiri/?siralama=p,"Toprak olmaz bende tenden başkası

Seni bunca sevmez benden başkası

Ölürsem sen ağlama arkamdan, yeter

Gelmesin kabrime senden başkası.

 Ümit Yaşar Oğuzcan

Kayıt Tarihi : 28.8.2000 20:47:00",,,,Belirsiz,27
517,Orhan Veli'nin Ardından,https://www.antoloji.com/orhan-veli-nin-ardindan-siiri/,"Yıl bin dokuz yüz kırk altı

Ankara'da Şükran lokantası,

Köşede bir masa

Masanın üstünde bir tabak

Tabakta marul salatası.

Bir sandalyede sen vardın

Orhan Veli

Bir sandalyede ben,

Kadehlerimizde Kulüp rakısı

Ve dudaklarımızda yarim kalmış mısralar

Hala gözlerimin önündedir

O sarhoş gecenin hâtırası.

Simdi mahzun kaldı şiirlerin

Gittin 'Sere serpe' 'Hürriyete doğru'

'Kitabe-i sengi mezarın'

'Altın dağın rüyası'

Hey! koca Orhan Veli hey!

Ne sana kaldı, ne bana kalır

Bu gözünü sevdiğim dünyası.

 Ümit Yaşar Oğuzcan

Kayıt Tarihi : 28.8.2000 20:10:00",,,,Belirsiz,81
518,Orhan Veli'nin Ardından,https://www.antoloji.com/orhan-veli-nin-ardindan-siiri/?siralama=p,"Yıl bin dokuz yüz kırk altı

Ankara'da Şükran lokantası,

Köşede bir masa

Masanın üstünde bir tabak

Tabakta marul salatası.

Bir sandalyede sen vardın

Orhan Veli

Bir sandalyede ben,

Kadehlerimizde Kulüp rakısı

Ve dudaklarımızda yarim kalmış mısralar

Hala gözlerimin önündedir

O sarhoş gecenin hâtırası.

Simdi mahzun kaldı şiirlerin

Gittin 'Sere serpe' 'Hürriyete doğru'

'Kitabe-i sengi mezarın'

'Altın dağın rüyası'

Hey! koca Orhan Veli hey!

Ne sana kaldı, ne bana kalır

Bu gözünü sevdiğim dünyası.

 Ümit Yaşar Oğuzcan

Kayıt Tarihi : 28.8.2000 20:10:00",,,,Belirsiz,81
519,Darağacı,https://www.antoloji.com/daragaci-siiri/,"Alacakaranlıkda olsun ölümüm

Kısın lambaları kısın

Alın götürün umutlarmı

Kederim dünyada kalsın
Ölüm fermanımı okusun savcı

Toplansın iki üç dost beş on yabancı

Gün doğmadan kurulsun darağacı

Beni hayallerimin bittigi yere asın

 Ümit Yaşar Oğuzcan

Kayıt Tarihi : 18.2.2001 22:34:00",,,,Belirsiz,40
520,Darağacı,https://www.antoloji.com/daragaci-siiri/?siralama=p,"Alacakaranlıkda olsun ölümüm

Kısın lambaları kısın

Alın götürün umutlarmı

Kederim dünyada kalsın
Ölüm fermanımı okusun savcı

Toplansın iki üç dost beş on yabancı

Gün doğmadan kurulsun darağacı

Beni hayallerimin bittigi yere asın

 Ümit Yaşar Oğuzcan

Kayıt Tarihi : 18.2.2001 22:34:00",,,,Belirsiz,40
521,Parasız,https://www.antoloji.com/parasiz-siiri/,"Ben sersemin biriyim

Oturmuş senin için aşk siirleri yazıyorum

Ellerinin beyazlığından

Gözlerinin güzelliğinden bahsediyorum

oysa ki sen bir ettir, ekmektir tutturmuşşun

gözün dünyayı görmüyor

al bu şiiri, götür sat

para ederse

bir ekmek, yarım kilo pirzola al

otur zikkimlan...

 Ümit Yaşar Oğuzcan

Kayıt Tarihi : 1.6.2001 23:59:00",,,,Belirsiz,47
522,Parasız,https://www.antoloji.com/parasiz-siiri/?siralama=p,"Ben sersemin biriyim

Oturmuş senin için aşk siirleri yazıyorum

Ellerinin beyazlığından

Gözlerinin güzelliğinden bahsediyorum

oysa ki sen bir ettir, ekmektir tutturmuşşun

gözün dünyayı görmüyor

al bu şiiri, götür sat

para ederse

bir ekmek, yarım kilo pirzola al

otur zikkimlan...

 Ümit Yaşar Oğuzcan

Kayıt Tarihi : 1.6.2001 23:59:00",,,,Belirsiz,47
523,Kaside,https://www.antoloji.com/kaside-3-siiri/,"Seni sevmeseydim

Bu şiiri yazmayacaktım

Bu sayfa boş kalacaktı

Seni tanımasaydım

 Ümit Yaşar Oğuzcan

Kayıt Tarihi : 8.2.2002 05:32:00",,,,Belirsiz,19
524,Kaside,https://www.antoloji.com/kaside-3-siiri/?siralama=p,"Seni sevmeseydim

Bu şiiri yazmayacaktım

Bu sayfa boş kalacaktı

Seni tanımasaydım

 Ümit Yaşar Oğuzcan

Kayıt Tarihi : 8.2.2002 05:32:00",,,,Belirsiz,19
525,Ne Demek,https://www.antoloji.com/ne-demek-siiri/,"Biz şimdi yok mu olduk ya öyle mi

Bu film bizim için oynamıyor demek

Şarkılar şiirler falan hepsi yalan mi artık

Bu çalgılar bizim için değil öyle mi

Siz simdi yoksunuz ne demek
Olduk mu yani söyleyin açıkçası

Artık hiç sevmeyecek miyiz

Bizi kim koydu aptal yerine

Olduk mu yani söyleyin boğuntuya mi geldik

Siz simdi yoksunuz ne demek
Hadi anlatın canim gerçeği anlatın

Bir yalan daha duymuş olalım ne çıkar

Kestiğimiz yerden kan akmayacak mi öyleyse

Düşlerimiz de mi kalmadı hayret doğrusu

Siz simdi yoksunuz ne demek.

Nasıl da düştük bu tüm yalnızlığa

Bizi bekleyecek kimsemiz de mi yok

Bir gecemiz bile kalmadı mi dünyada

Ne tuhaf düşünmek hiç düşünmemeyi

Siz simdi yoksunuz ne demek
Hani biz sevmiştik üstelik sevenlerimiz vardı

Ne diyorsunuz nereye gittiler acaba 

Ne oldu ardımızdan akacak gözyaşları

Hani aşk vardı insan vardı Allah vardı

Siz simdi yoksunuz ne demek
Tutun ki olduk yağımızdan sabun yaptılar

Kokulu sabunlar, renkli sabunlar

Yine de kirlisiniz iste bizden betersiniz

Doğrusu ayıp sakanın böylesi olmaz

Siz simdi yoksunuz ne demek.

 Ümit Yaşar Oğuzcan

Kayıt Tarihi : 28.8.2000 19:59:00",,,,Belirsiz,178
526,Ne Demek,https://www.antoloji.com/ne-demek-siiri/?siralama=p,"Biz şimdi yok mu olduk ya öyle mi

Bu film bizim için oynamıyor demek

Şarkılar şiirler falan hepsi yalan mi artık

Bu çalgılar bizim için değil öyle mi

Siz simdi yoksunuz ne demek
Olduk mu yani söyleyin açıkçası

Artık hiç sevmeyecek miyiz

Bizi kim koydu aptal yerine

Olduk mu yani söyleyin boğuntuya mi geldik

Siz simdi yoksunuz ne demek
Hadi anlatın canim gerçeği anlatın

Bir yalan daha duymuş olalım ne çıkar

Kestiğimiz yerden kan akmayacak mi öyleyse

Düşlerimiz de mi kalmadı hayret doğrusu

Siz simdi yoksunuz ne demek.

Nasıl da düştük bu tüm yalnızlığa

Bizi bekleyecek kimsemiz de mi yok

Bir gecemiz bile kalmadı mi dünyada

Ne tuhaf düşünmek hiç düşünmemeyi

Siz simdi yoksunuz ne demek
Hani biz sevmiştik üstelik sevenlerimiz vardı

Ne diyorsunuz nereye gittiler acaba 

Ne oldu ardımızdan akacak gözyaşları

Hani aşk vardı insan vardı Allah vardı

Siz simdi yoksunuz ne demek
Tutun ki olduk yağımızdan sabun yaptılar

Kokulu sabunlar, renkli sabunlar

Yine de kirlisiniz iste bizden betersiniz

Doğrusu ayıp sakanın böylesi olmaz

Siz simdi yoksunuz ne demek.

 Ümit Yaşar Oğuzcan

Kayıt Tarihi : 28.8.2000 19:59:00",,,,Belirsiz,178
527,Gidene Sone,https://www.antoloji.com/gidene-sone-siiri/,"Sen uzaklara gitsen de kalır

Bu dinmeyen sarhoşluğu denizlerin

Yıkanır güzelliğinle dalgalar

Durur ıslak kumlarda ayak izlerin
Gidersin bu sahilden ışık ışık

Kalan hatıran geceyi aydınlatır

Her geçen gemide yine sen olursun

Kalır avuçlarımda ellerin kalır
Gidersin bu yerden hiç gitmemiş gibi

İzlerin silinmez geçen zamanlardan

Sesin kulaklarımızdan çıkmaz ki
Bir selamın gelir uzak limanlardan

Kim kalmışsa geride mahzun, derbeder

Daha bin yıl bu sahilde seni bekler.

 Ümit Yaşar Oğuzcan

Kayıt Tarihi : 3.9.2001 22:23:00",,,,Belirsiz,75
528,Gidene Sone,https://www.antoloji.com/gidene-sone-siiri/?siralama=p,"Sen uzaklara gitsen de kalır

Bu dinmeyen sarhoşluğu denizlerin

Yıkanır güzelliğinle dalgalar

Durur ıslak kumlarda ayak izlerin
Gidersin bu sahilden ışık ışık

Kalan hatıran geceyi aydınlatır

Her geçen gemide yine sen olursun

Kalır avuçlarımda ellerin kalır
Gidersin bu yerden hiç gitmemiş gibi

İzlerin silinmez geçen zamanlardan

Sesin kulaklarımızdan çıkmaz ki
Bir selamın gelir uzak limanlardan

Kim kalmışsa geride mahzun, derbeder

Daha bin yıl bu sahilde seni bekler.

 Ümit Yaşar Oğuzcan

Kayıt Tarihi : 3.9.2001 22:23:00",,,,Belirsiz,75
529,Ustura,https://www.antoloji.com/ustura-siiri/,"Bu yokluk canıma tak dedi

Bu fakirlik mideme dokunuyor

Bu yalnızlık koyuyor bana

Param olursa bir ustura alacağım

Şöyle halis çelikten pırıl pırıl
Ötesini bilirsin!

 Ümit Yaşar Oğuzcan

Kayıt Tarihi : 8.2.2002 05:25:00",,,,Belirsiz,33
530,Ustura,https://www.antoloji.com/ustura-siiri/?siralama=p,"Bu yokluk canıma tak dedi

Bu fakirlik mideme dokunuyor

Bu yalnızlık koyuyor bana

Param olursa bir ustura alacağım

Şöyle halis çelikten pırıl pırıl
Ötesini bilirsin!

 Ümit Yaşar Oğuzcan

Kayıt Tarihi : 8.2.2002 05:25:00",,,,Belirsiz,33
531,Lale Devri,https://www.antoloji.com/lale-devri-siiri/,"Ne olur İstanbul'u böyle ağlatmayın

Biraz sevindirin şu sokakları ya da

Gelin benimle bir akşam, Kumkapı'da

Balıkçı meyhanelerinde sabahlayın
Her sabah güneşi doğarken seyredelim

Gelin yaşayalım, uykular şöyle dursun

Yeter ki canım efendim gönlünüz olsun

Bugün Emirgan'a, yarın Göksu'ya gidelim
Kaptırın kendinizi bir çılgınlıklara

Elbet böylesine yaşamak daha iyi

Bir gün  ölüp yem olmaktansa balıklara
Bilene aslında her devir Lale Devri

Aklınız varsa Nedim gibi yaşayın

Orhan Veli misali dinleyin şu şehri

 Ümit Yaşar Oğuzcan

Kayıt Tarihi : 3.2.2002 05:10:00",,,,Belirsiz,80
532,Lale Devri,https://www.antoloji.com/lale-devri-siiri/?siralama=p,"Ne olur İstanbul'u böyle ağlatmayın

Biraz sevindirin şu sokakları ya da

Gelin benimle bir akşam, Kumkapı'da

Balıkçı meyhanelerinde sabahlayın
Her sabah güneşi doğarken seyredelim

Gelin yaşayalım, uykular şöyle dursun

Yeter ki canım efendim gönlünüz olsun

Bugün Emirgan'a, yarın Göksu'ya gidelim
Kaptırın kendinizi bir çılgınlıklara

Elbet böylesine yaşamak daha iyi

Bir gün  ölüp yem olmaktansa balıklara
Bilene aslında her devir Lale Devri

Aklınız varsa Nedim gibi yaşayın

Orhan Veli misali dinleyin şu şehri

 Ümit Yaşar Oğuzcan

Kayıt Tarihi : 3.2.2002 05:10:00",,,,Belirsiz,80
533,Bu Şehrin Mezarları,https://www.antoloji.com/bu-sehrin-mezarlari-siiri/,"Bu şehrin mezarlarında selviler ağlar

Bir hışırtı içinde uyur zaman

Yeşil bir sessizlik sarar toprağı

Sonra bir ney sesi gelir uzaktan

El ayak kesilir

Bu şehrin mezarlarında her gece

Ayrılık şarkıları söylenir
Bu şehrin mezarlarında bir ay doğar

Işır sana uzanmış elleri ölülerin

Ölüler çaresiz

Ölüler dilsiz

Ölüler senin yokluğunla kederli

Onlar ölmüş, sen kalmışsın

Besbelli
Bu şehrin mezarları

Bu şehrin mezarları dört duvar

Sokulmuş ölüler birbirine

Seni anlatırlar

 Ümit Yaşar Oğuzcan

Kayıt Tarihi : 28.1.2002 05:14:00",,,,Belirsiz,77
534,Bu Şehrin Mezarları,https://www.antoloji.com/bu-sehrin-mezarlari-siiri/?siralama=p,"Bu şehrin mezarlarında selviler ağlar

Bir hışırtı içinde uyur zaman

Yeşil bir sessizlik sarar toprağı

Sonra bir ney sesi gelir uzaktan

El ayak kesilir

Bu şehrin mezarlarında her gece

Ayrılık şarkıları söylenir
Bu şehrin mezarlarında bir ay doğar

Işır sana uzanmış elleri ölülerin

Ölüler çaresiz

Ölüler dilsiz

Ölüler senin yokluğunla kederli

Onlar ölmüş, sen kalmışsın

Besbelli
Bu şehrin mezarları

Bu şehrin mezarları dört duvar

Sokulmuş ölüler birbirine

Seni anlatırlar

 Ümit Yaşar Oğuzcan

Kayıt Tarihi : 28.1.2002 05:14:00",,,,Belirsiz,77
535,Fal,https://www.antoloji.com/fal-3-siiri/,"Falcı kadın! Falcı kadın! 

Haydi oku geleceğimi avucumdan...

İyi şeyler söyle; 

Ne zaman evleneceğim? 

Kaç çocuğum olacak? 

Hastalık varsa söyleme; 

Korkarım.

Ölümden de hiç bahsetme.

Yalnız şunu söyle ki! 

Acaba beni seviyor mu

O uzak şehirdeki?

 Ümit Yaşar Oğuzcan

Kayıt Tarihi : 28.7.2001 19:45:00",,,,Belirsiz,44
536,Fal,https://www.antoloji.com/fal-3-siiri/?siralama=p,"Falcı kadın! Falcı kadın! 

Haydi oku geleceğimi avucumdan...

İyi şeyler söyle; 

Ne zaman evleneceğim? 

Kaç çocuğum olacak? 

Hastalık varsa söyleme; 

Korkarım.

Ölümden de hiç bahsetme.

Yalnız şunu söyle ki! 

Acaba beni seviyor mu

O uzak şehirdeki?

 Ümit Yaşar Oğuzcan

Kayıt Tarihi : 28.7.2001 19:45:00",,,,Belirsiz,44
537,Nesli Tükenmiş,https://www.antoloji.com/nesli-tukenmis-siiri/,"Neydi o denizin maviliğinden güzel? 

Dupduru, apaydınlık eden gecemi neydi? 

Nerde o gözlerimde büyüttüğüm resim? 

O şarkılar ansızın bitecek miydi? 
Hani bizdik sonsuzluğa açılan ilk pencere

Hani bizi var eden o yanyana dakikalardı

Bitti mi çağırışı gecelerin, plaklar sustu mu? 

Hani seninle doludizgin yaşamak vardı
Bir ölüm kadar güzeldi her şey

Yeniden arınırdık her sevişmede

Doğan gün bir uzak iklimde bulurdu bizi
Şimdi neden o çizgiler bir bir değişmede? 

Bütün zamanların beni terketmesi neden? 

Yoksa nesli tükenmiş bir hayvan mıyım ben?

 Ümit Yaşar Oğuzcan

Kayıt Tarihi : 7.2.2002 05:20:00",,,,Belirsiz,89
538,Nesli Tükenmiş,https://www.antoloji.com/nesli-tukenmis-siiri/?siralama=p,"Neydi o denizin maviliğinden güzel? 

Dupduru, apaydınlık eden gecemi neydi? 

Nerde o gözlerimde büyüttüğüm resim? 

O şarkılar ansızın bitecek miydi? 
Hani bizdik sonsuzluğa açılan ilk pencere

Hani bizi var eden o yanyana dakikalardı

Bitti mi çağırışı gecelerin, plaklar sustu mu? 

Hani seninle doludizgin yaşamak vardı
Bir ölüm kadar güzeldi her şey

Yeniden arınırdık her sevişmede

Doğan gün bir uzak iklimde bulurdu bizi
Şimdi neden o çizgiler bir bir değişmede? 

Bütün zamanların beni terketmesi neden? 

Yoksa nesli tükenmiş bir hayvan mıyım ben?

 Ümit Yaşar Oğuzcan

Kayıt Tarihi : 7.2.2002 05:20:00",,,,Belirsiz,89
539,Bir Günü Yaşamak,https://www.antoloji.com/bir-gunu-yasamak-siiri/,"Dün kopan bir yapraktı, düşen kuru bir daldı

Bu günden güzel değil bulacağın yarında

Aç ellerini bak! Yanan avuçlarında

Dün gitmiş, yarın yok, bize bir bu gün kaldı
Bir bu gün kaldı bize birlikte yaşanacak

Bir bu gün öyle güzel ve dopdolu, özlemli

Dudağından düşmeyen bir yeni şarkı gibi

Bir bu gün, her şeyiyle taptaze ve sımsıcak
Seninle yudum yudum içtiğimiz geceler

Kaçamak dakikalar, o ağırlığınca altın

Dünde, yarında değil, bugünde saltanatın
Her şey bu günde inan yaşanılmaya değer

Mutluluğu, sevgisi, güzelliğiyle bütün

Bir bu gün kaldı bize, yaşanacak bir bu gün

 Ümit Yaşar Oğuzcan

Kayıt Tarihi : 16.12.2001 04:26:00",,,,Belirsiz,100
540,Bir Günü Yaşamak,https://www.antoloji.com/bir-gunu-yasamak-siiri/?siralama=p,"Dün kopan bir yapraktı, düşen kuru bir daldı

Bu günden güzel değil bulacağın yarında

Aç ellerini bak! Yanan avuçlarında

Dün gitmiş, yarın yok, bize bir bu gün kaldı
Bir bu gün kaldı bize birlikte yaşanacak

Bir bu gün öyle güzel ve dopdolu, özlemli

Dudağından düşmeyen bir yeni şarkı gibi

Bir bu gün, her şeyiyle taptaze ve sımsıcak
Seninle yudum yudum içtiğimiz geceler

Kaçamak dakikalar, o ağırlığınca altın

Dünde, yarında değil, bugünde saltanatın
Her şey bu günde inan yaşanılmaya değer

Mutluluğu, sevgisi, güzelliğiyle bütün

Bir bu gün kaldı bize, yaşanacak bir bu gün

 Ümit Yaşar Oğuzcan

Kayıt Tarihi : 16.12.2001 04:26:00",,,,Belirsiz,100
541,Bir İki Üç,https://www.antoloji.com/bir-iki-uc-siiri/,"Yalnızdım canım sıkılıyordu

Önceleri seni iş olsun diye sevmiştim

Bir iki üç

Ayak parmakların hoşuma gidiyordu

Kalçandaki sarı ayva tüylerini

Dizkapaklarını beğeniyordum
Boynun uzundu öylesine beyazdı

İncecikti ayak bileklerin

Dudaklarından öptükçe başım dönüyordu

Kederli şarkılar geliyordu aklıma

Bir iki üç

Sevişiyorduk
Geceler aydınlıktı güzeldi

Bir türlü uyku tutmuyordu gözlerimizi

Çoban ateşleri yanıyordu tepelerde

Sarı ışıklar kırmızı ışıklar

Bir iki üç

Sokak fenerleri şahidimizdi
Bir ara güneş doğuyordu üstümüze

Sokaklar mağaralar nehirler ışıyordu

Çocuklar gibi uykuda gülüyordum

Dünyada yeni bir gün başlıyordu

Cuma cumartesi pazar

Bir iki üç

Derken yıllar geçiyordu
Önceleri seni iş olsun diye sevmiştim

Böylesine aşık olacağımı bilmiyordum

Aydınlığın hoşuma gidiyordu

Karanlık yerlerini beğeniyordum

Gökte bir milyon yıldız

İki milyon yıldız

Bir iki üç

Yanıp yanıp sönüyordu

 Ümit Yaşar Oğuzcan

Kayıt Tarihi : 2.9.2002 05:02:00",,,,Belirsiz,127
542,Bir İki Üç,https://www.antoloji.com/bir-iki-uc-siiri/?siralama=p,"Yalnızdım canım sıkılıyordu

Önceleri seni iş olsun diye sevmiştim

Bir iki üç

Ayak parmakların hoşuma gidiyordu

Kalçandaki sarı ayva tüylerini

Dizkapaklarını beğeniyordum
Boynun uzundu öylesine beyazdı

İncecikti ayak bileklerin

Dudaklarından öptükçe başım dönüyordu

Kederli şarkılar geliyordu aklıma

Bir iki üç

Sevişiyorduk
Geceler aydınlıktı güzeldi

Bir türlü uyku tutmuyordu gözlerimizi

Çoban ateşleri yanıyordu tepelerde

Sarı ışıklar kırmızı ışıklar

Bir iki üç

Sokak fenerleri şahidimizdi
Bir ara güneş doğuyordu üstümüze

Sokaklar mağaralar nehirler ışıyordu

Çocuklar gibi uykuda gülüyordum

Dünyada yeni bir gün başlıyordu

Cuma cumartesi pazar

Bir iki üç

Derken yıllar geçiyordu
Önceleri seni iş olsun diye sevmiştim

Böylesine aşık olacağımı bilmiyordum

Aydınlığın hoşuma gidiyordu

Karanlık yerlerini beğeniyordum

Gökte bir milyon yıldız

İki milyon yıldız

Bir iki üç

Yanıp yanıp sönüyordu

 Ümit Yaşar Oğuzcan

Kayıt Tarihi : 2.9.2002 05:02:00",,,,Belirsiz,127
543,Do Minör Daktilo Konçertosu,https://www.antoloji.com/do-minor-daktilo-koncertosu-siiri/,"Benim kadar tanımazsın

Bu 1'leri, bu 9'ları

Bu kötü kalpli 5'leri,7'leri

Bu kara akreplere benzeyen harfleri

S'leri

Ş'leri

Bu namussuz U'ları, P'leri

Dokuz parmağınla vur tuşlara

Daktilo kız

Onuncu parmağına baktıkça

Beni hatırlarsın

 Ümit Yaşar Oğuzcan

Kayıt Tarihi : 28.1.2002 05:21:00",,,,Belirsiz,41
544,Do Minör Daktilo Konçertosu,https://www.antoloji.com/do-minor-daktilo-koncertosu-siiri/?siralama=p,"Benim kadar tanımazsın

Bu 1'leri, bu 9'ları

Bu kötü kalpli 5'leri,7'leri

Bu kara akreplere benzeyen harfleri

S'leri

Ş'leri

Bu namussuz U'ları, P'leri

Dokuz parmağınla vur tuşlara

Daktilo kız

Onuncu parmağına baktıkça

Beni hatırlarsın

 Ümit Yaşar Oğuzcan

Kayıt Tarihi : 28.1.2002 05:21:00",,,,Belirsiz,41
545,Kekeme,https://www.antoloji.com/kekeme-2-siiri/,"Bir kekeme bilirim, dolaşır garip garip

Bu şehrin daracık sokaklarında

Kelimeler zincire vurulmuş gibidir

Dudaklarında
Ne ismini söyleyebilir doğru dürüst

Ne sevdiğine ilan-ı aşk edebilir

Sormayın neden yalnız yaşadığını

Kusurunu bilir
O güzelim şiirleri hep içinden okur

Bu dert de çekilmez doğrusu

Güzel söylenilmiş cümlelerle doludur

Bütün uykusu
Günahsız harfler onun nazarında

Birer siyah heyüla gibidir

Ay ışığında sevgiliye söylenen sözler

Rüya gibidir
'İçince az kekelermiş' diyorlar

Sarhoş gezdiği de hep bu yüzdenmiş

Ama neye yarar? İsmine bir kere

Kekeme denmiş

 Ümit Yaşar Oğuzcan

Kayıt Tarihi : 3.2.2002 05:04:00",,,,Belirsiz,89
546,Kekeme,https://www.antoloji.com/kekeme-2-siiri/?siralama=p,"Bir kekeme bilirim, dolaşır garip garip

Bu şehrin daracık sokaklarında

Kelimeler zincire vurulmuş gibidir

Dudaklarında
Ne ismini söyleyebilir doğru dürüst

Ne sevdiğine ilan-ı aşk edebilir

Sormayın neden yalnız yaşadığını

Kusurunu bilir
O güzelim şiirleri hep içinden okur

Bu dert de çekilmez doğrusu

Güzel söylenilmiş cümlelerle doludur

Bütün uykusu
Günahsız harfler onun nazarında

Birer siyah heyüla gibidir

Ay ışığında sevgiliye söylenen sözler

Rüya gibidir
'İçince az kekelermiş' diyorlar

Sarhoş gezdiği de hep bu yüzdenmiş

Ama neye yarar? İsmine bir kere

Kekeme denmiş

 Ümit Yaşar Oğuzcan

Kayıt Tarihi : 3.2.2002 05:04:00",,,,Belirsiz,89
547,Karanlık Dünya,https://www.antoloji.com/karanlik-dunya-siiri/,"İnsanlık bir kermekeş içindedir

Yaşlı dünyamızın beş kıtasında

Nihayetsiz kederler ortasında

Şehirler ve köyler ateş içindedir

Arzın paramparça haritasında
O dünya kulların büyük dünyası

Kullar Tanrının büyüklüğünce hür

Bütün anlamını kaybetmiş ömür

Söz verilmiş geniş haklar sonrası

Ekmeğe, şaraba, Tanrıya şükür
Gökler, denizler, savaş meydanları

O, ufuklar gibi sonsuz ve derin

Matemini tutar cengaverlerin

Onlar mıydı günahsız kurbanları

Kanımızdan örülmüş zaferlerin
Dilenciler, körler, sakatlar için

Yollarda hazin türküler söylenir

İnsanlık açlığa, yokluğa esir

Bir pula satılmış maksatlar için

Kurtlarla, kuşlarla, balıklarla bir
Bir kısırlık bürümüş toprakları

Ufkumuzda güneş doğmuyor artık

Ne bulut var gökyüzünde, ne ışık

Bıçak açmaz o mahzun dudakları

Dünyamız zindanlar gibi karanlık

 Ümit Yaşar Oğuzcan

Kayıt Tarihi : 3.2.2002 05:16:00",,,,Belirsiz,113
548,Karanlık Dünya,https://www.antoloji.com/karanlik-dunya-siiri/?siralama=p,"İnsanlık bir kermekeş içindedir

Yaşlı dünyamızın beş kıtasında

Nihayetsiz kederler ortasında

Şehirler ve köyler ateş içindedir

Arzın paramparça haritasında
O dünya kulların büyük dünyası

Kullar Tanrının büyüklüğünce hür

Bütün anlamını kaybetmiş ömür

Söz verilmiş geniş haklar sonrası

Ekmeğe, şaraba, Tanrıya şükür
Gökler, denizler, savaş meydanları

O, ufuklar gibi sonsuz ve derin

Matemini tutar cengaverlerin

Onlar mıydı günahsız kurbanları

Kanımızdan örülmüş zaferlerin
Dilenciler, körler, sakatlar için

Yollarda hazin türküler söylenir

İnsanlık açlığa, yokluğa esir

Bir pula satılmış maksatlar için

Kurtlarla, kuşlarla, balıklarla bir
Bir kısırlık bürümüş toprakları

Ufkumuzda güneş doğmuyor artık

Ne bulut var gökyüzünde, ne ışık

Bıçak açmaz o mahzun dudakları

Dünyamız zindanlar gibi karanlık

 Ümit Yaşar Oğuzcan

Kayıt Tarihi : 3.2.2002 05:16:00",,,,Belirsiz,113
549,Potasyum Siyanür,https://www.antoloji.com/potasyum-siyanur-siiri/,"Potasyum siyanür içerek ölmeliyim

Her uzvum ıstırap içinde kıvranmalı

Ve mosmor ellerim kapıya uzanmalı

Bir kapı kadar büyük kimsesizliğim

Ölüm anımda kapanmalı yüzüme

Bir sigara olmalı dudaklarımda

Saatim bir yanımda, o bir yanımda

Hala inanmalı ölümsüzlüğüme

Fakat ben öleceğimi bilmeliyim

Derin uğultusu içinde zamanın

Sonunda yaşamak denilen maceranın

Daha başındaymış gibi ölmeliyim

 Ümit Yaşar Oğuzcan

Kayıt Tarihi : 7.2.2002 05:04:00",,,,Belirsiz,60
550,Potasyum Siyanür,https://www.antoloji.com/potasyum-siyanur-siiri/?siralama=p,"Potasyum siyanür içerek ölmeliyim

Her uzvum ıstırap içinde kıvranmalı

Ve mosmor ellerim kapıya uzanmalı

Bir kapı kadar büyük kimsesizliğim

Ölüm anımda kapanmalı yüzüme

Bir sigara olmalı dudaklarımda

Saatim bir yanımda, o bir yanımda

Hala inanmalı ölümsüzlüğüme

Fakat ben öleceğimi bilmeliyim

Derin uğultusu içinde zamanın

Sonunda yaşamak denilen maceranın

Daha başındaymış gibi ölmeliyim

 Ümit Yaşar Oğuzcan

Kayıt Tarihi : 7.2.2002 05:04:00",,,,Belirsiz,60
551,Yaşayanlar İçin,https://www.antoloji.com/yasayanlar-icin-siiri/,"Açlara ekmekle bir sıcak çorba

Susamışlara bir yudum su verin

Biraz serinlesin çatlak dudaklar

Dinsin kazıntısı aç midelerin

Uykusuz olana bir yatak serin

Evinizde geçelerce uyusun

Ateşler yakın ki üşüyenlere

Sıcak ayakları, elleri olsun

Kimi bacaktan, kimi gözden yoksun

Bir dünya üstünde yaşamak için

Çıplakla giyimli, güzelle çirkin

Çıplagı giydirin, çirkini sevin

Ölüm kapınızı çaldıgı zaman

Bir sevginiz olsun dünyada kalan

 Ümit Yaşar Oğuzcan

Kayıt Tarihi : 11.8.2000 16:00:00",,,,Belirsiz,69
552,Yaşayanlar İçin,https://www.antoloji.com/yasayanlar-icin-siiri/?siralama=p,"Açlara ekmekle bir sıcak çorba

Susamışlara bir yudum su verin

Biraz serinlesin çatlak dudaklar

Dinsin kazıntısı aç midelerin

Uykusuz olana bir yatak serin

Evinizde geçelerce uyusun

Ateşler yakın ki üşüyenlere

Sıcak ayakları, elleri olsun

Kimi bacaktan, kimi gözden yoksun

Bir dünya üstünde yaşamak için

Çıplakla giyimli, güzelle çirkin

Çıplagı giydirin, çirkini sevin

Ölüm kapınızı çaldıgı zaman

Bir sevginiz olsun dünyada kalan

 Ümit Yaşar Oğuzcan

Kayıt Tarihi : 11.8.2000 16:00:00",,,,Belirsiz,69
553,Yitik,https://www.antoloji.com/yitik-siiri/,"Hep o kadındır düşündüğüm gecelerdeki 

Aklıma dudakları gelir durup dururken 

Girer yatağıma apansız bir meltem gibi 

Uzaklarda bir saat onikiyi vururken 
Ben bu kadını sevdim bir zaman, sırılsıklam 

Dolardı içime, ömrüm onunla uzardı 

Doymazdım ela gözlerine ne kadar baksam 

Küçücük, beyaz elleri, ayakları vardı 
Neydi o sevişmelerimiz deli-divane? 

Bitmezdi o geceler, dinmezdi açlığımız 

Saatler durur muydu? Zaman geçmez miydi ne? 
Bir şey var o geçmiş yıllarda bıraktığımız; 

Bulamaz gözlerimiz uzun uzun arar da 

Aksimizden bir eser kalmadı aynalarda.

 Ümit Yaşar Oğuzcan

Kayıt Tarihi : 4.1.2001 14:44:00",,,,Belirsiz,86
554,Yitik,https://www.antoloji.com/yitik-siiri/?siralama=p,"Hep o kadındır düşündüğüm gecelerdeki 

Aklıma dudakları gelir durup dururken 

Girer yatağıma apansız bir meltem gibi 

Uzaklarda bir saat onikiyi vururken 
Ben bu kadını sevdim bir zaman, sırılsıklam 

Dolardı içime, ömrüm onunla uzardı 

Doymazdım ela gözlerine ne kadar baksam 

Küçücük, beyaz elleri, ayakları vardı 
Neydi o sevişmelerimiz deli-divane? 

Bitmezdi o geceler, dinmezdi açlığımız 

Saatler durur muydu? Zaman geçmez miydi ne? 
Bir şey var o geçmiş yıllarda bıraktığımız; 

Bulamaz gözlerimiz uzun uzun arar da 

Aksimizden bir eser kalmadı aynalarda.

 Ümit Yaşar Oğuzcan

Kayıt Tarihi : 4.1.2001 14:44:00",,,,Belirsiz,86
555,Sevenin Ömrü Bitmez,https://www.antoloji.com/sevenin-omru-bitmez-siiri/,"Akşamın yaklaştığı saatlerde

Kahrolursun, görme ağladığımı

Başlayan düşü şafakla birlikte

Dağıtır ansızın her gün batımı
Senden uzaklarda her akşam vakti

Umutların bir bir çözülüşüdür

Binlerce hançerin altında sanki

Bir adamın apansız ölüşüdür
Böyle yükselirken sonsuzluklara

Gömerim sanki her gece kendimi

Ellerimle kazdığım bir mezara
Derken doğan güneş diriltir beni

Uyanırım ölmezliğinde senin

Ve anlarım, ömrü bitmez sevenin

 Ümit Yaşar Oğuzcan

Kayıt Tarihi : 7.2.2002 05:03:00",,,,Belirsiz,65
556,Sevenin Ömrü Bitmez,https://www.antoloji.com/sevenin-omru-bitmez-siiri/?siralama=p,"Akşamın yaklaştığı saatlerde

Kahrolursun, görme ağladığımı

Başlayan düşü şafakla birlikte

Dağıtır ansızın her gün batımı
Senden uzaklarda her akşam vakti

Umutların bir bir çözülüşüdür

Binlerce hançerin altında sanki

Bir adamın apansız ölüşüdür
Böyle yükselirken sonsuzluklara

Gömerim sanki her gece kendimi

Ellerimle kazdığım bir mezara
Derken doğan güneş diriltir beni

Uyanırım ölmezliğinde senin

Ve anlarım, ömrü bitmez sevenin

 Ümit Yaşar Oğuzcan

Kayıt Tarihi : 7.2.2002 05:03:00",,,,Belirsiz,65
557,Kim bilir,https://www.antoloji.com/kim-bilir-siiri/,"Bir yere yaklaşıyoruz seninle

Belki bilinmeyen bir Azak şehir

Belki o, en sakin deniz kıyısı

Belki de bir dağ yamacı kim bilir

O yerde her şey değişecek ansızın

Hiç ayrılmayacak ellerimiz

Kuşlar en yakın dostlarımız olacak

Terkedilmiş bir kulübe evimiz

Gün dogmadan uyanacağız seninle

Tenimizde kırağların serinliği

Kulaklarımızda en güzel şarkılar

Çiçeklerin, ağaçların söylediği.

Seninle mevsimler orada bambaşka

Zaman bir suyun akısı, o yerde

Hüzün artık unuttuğumuz bir şey

Yalnızlıksa bizden çok ötelerde

O yerde butun güzellikler hayran sana

İçi gülsün diye gözbebeklerinin

Ve döndüren basını içki değil artık

O baygın kokusu kir çiçeklerinin.

 Ümit Yaşar Oğuzcan

Kayıt Tarihi : 28.8.2000 19:47:00",,,,Belirsiz,102
558,Kim bilir,https://www.antoloji.com/kim-bilir-siiri/?siralama=p,"Bir yere yaklaşıyoruz seninle

Belki bilinmeyen bir Azak şehir

Belki o, en sakin deniz kıyısı

Belki de bir dağ yamacı kim bilir

O yerde her şey değişecek ansızın

Hiç ayrılmayacak ellerimiz

Kuşlar en yakın dostlarımız olacak

Terkedilmiş bir kulübe evimiz

Gün dogmadan uyanacağız seninle

Tenimizde kırağların serinliği

Kulaklarımızda en güzel şarkılar

Çiçeklerin, ağaçların söylediği.

Seninle mevsimler orada bambaşka

Zaman bir suyun akısı, o yerde

Hüzün artık unuttuğumuz bir şey

Yalnızlıksa bizden çok ötelerde

O yerde butun güzellikler hayran sana

İçi gülsün diye gözbebeklerinin

Ve döndüren basını içki değil artık

O baygın kokusu kir çiçeklerinin.

 Ümit Yaşar Oğuzcan

Kayıt Tarihi : 28.8.2000 19:47:00",,,,Belirsiz,102
559,Ressam,https://www.antoloji.com/ressam-siiri/,"Aşkın herşeye soktu beni, 

şair oldu şiirler yazdım

sonra hikayeler dizdim

sıra sıra

öğretmendim kimi zaman

aşkın abc'ini öğrettim

hiç sıkılmadım ne hayattan

ne senden 

ne de öğretmenliğimden

isteyipte olamadığım birşey var

ressam olup

mutluluğun resmini çizemedim

aşkımızın...

 Ümit Yaşar Oğuzcan

Kayıt Tarihi : 3.8.2002 17:52:00",,,,Belirsiz,46
560,Ressam,https://www.antoloji.com/ressam-siiri/?siralama=p,"Aşkın herşeye soktu beni, 

şair oldu şiirler yazdım

sonra hikayeler dizdim

sıra sıra

öğretmendim kimi zaman

aşkın abc'ini öğrettim

hiç sıkılmadım ne hayattan

ne senden 

ne de öğretmenliğimden

isteyipte olamadığım birşey var

ressam olup

mutluluğun resmini çizemedim

aşkımızın...

 Ümit Yaşar Oğuzcan

Kayıt Tarihi : 3.8.2002 17:52:00",,,,Belirsiz,46
561,Kaldırım Çocuğu Yüreğim,https://www.antoloji.com/kaldirim-cocugu-yuregim-siiri/,"Kaldırım çocuğu yüreğim

Nereye baksa yok olacak

Nereye dokunsa taş kesecekmiş 

Gibi

Ağlamak istiyor gözlerim 

Ve ağlatmak ölesiye...

Kaçmak istiyorum

Kaçmak 

Nereye gidecegini bilmeden

Kaçıp gitmek

Terketmek istiyorum bu şehri

Ve

Terkedince ölmek

 Ümit Yaşar Oğuzcan

Kayıt Tarihi : 14.12.2001 19:01:00",,,,Belirsiz,41
562,Kaldırım Çocuğu Yüreğim,https://www.antoloji.com/kaldirim-cocugu-yuregim-siiri/?siralama=p,"Kaldırım çocuğu yüreğim

Nereye baksa yok olacak

Nereye dokunsa taş kesecekmiş 

Gibi

Ağlamak istiyor gözlerim 

Ve ağlatmak ölesiye...

Kaçmak istiyorum

Kaçmak 

Nereye gidecegini bilmeden

Kaçıp gitmek

Terketmek istiyorum bu şehri

Ve

Terkedince ölmek

 Ümit Yaşar Oğuzcan

Kayıt Tarihi : 14.12.2001 19:01:00",,,,Belirsiz,41
563,Maria Vetsera,https://www.antoloji.com/maria-vetsera-siiri/,"Arşidük Rudolph'un mezarını görünce

Maria Vetsera'yı düşündüm bütün gece
O talihsiz kahramanları yasak bir aşkın

Mayerling'de bir oda, her yer darmadağın
Aşk, çaresizlik ve geceyi yırtan iki kurşun sesi

Taptaze iki ömrün aynı anda bitmesi
Beyaz çarşaflarda kıpkırmızı kan

Dışarda vahşi bir gece, vahşi ve uluyan
Arşidük Rudolph ve halktan bir kadın

Cezası ölüm kadına asil olmamanın
Ölümden sonra da ayrılık, uzak mezarlar

Öyle bir ayrılık ki sürecek kıyamete kadar
Krallar mezarlığında Rudolph'un mezarı

Kinle ve nefretle sıkılmış avuçları
Açık gözleri hala babasına yalvarıyor

Açık, mavi gözleri hala sevdiğini arıyor
Maria'nın vücudu şimdi bir kemik yığını

Geç de olsa öğrenmiş asil olmadığını

 Ümit Yaşar Oğuzcan

Kayıt Tarihi : 3.2.2002 05:12:00",,,,Belirsiz,110
564,Maria Vetsera,https://www.antoloji.com/maria-vetsera-siiri/?siralama=p,"Arşidük Rudolph'un mezarını görünce

Maria Vetsera'yı düşündüm bütün gece
O talihsiz kahramanları yasak bir aşkın

Mayerling'de bir oda, her yer darmadağın
Aşk, çaresizlik ve geceyi yırtan iki kurşun sesi

Taptaze iki ömrün aynı anda bitmesi
Beyaz çarşaflarda kıpkırmızı kan

Dışarda vahşi bir gece, vahşi ve uluyan
Arşidük Rudolph ve halktan bir kadın

Cezası ölüm kadına asil olmamanın
Ölümden sonra da ayrılık, uzak mezarlar

Öyle bir ayrılık ki sürecek kıyamete kadar
Krallar mezarlığında Rudolph'un mezarı

Kinle ve nefretle sıkılmış avuçları
Açık gözleri hala babasına yalvarıyor

Açık, mavi gözleri hala sevdiğini arıyor
Maria'nın vücudu şimdi bir kemik yığını

Geç de olsa öğrenmiş asil olmadığını

 Ümit Yaşar Oğuzcan

Kayıt Tarihi : 3.2.2002 05:12:00",,,,Belirsiz,110
565,Orada,https://www.antoloji.com/orada-2-siiri/,"Orada ben varım

Göklerde, baktığın yerde

Yıldız yıldız
Orada ben varım

Yürüdüğün yerde

Yapayalnız
Orada ben varım

Uyuduğun yerde, yanında

Kıpırtısız
Orada ben varım

Sevdiğin, sevildiğin yerde

Yalansız
Orada ben varım

Vurulmuş, kanlar içinde

Cansız
Orada ben varım

Bir mezar taşının altında

Ipıssız
Orada ben varım

Orada

Sensiz

 Ümit Yaşar Oğuzcan

Kayıt Tarihi : 12.1.2002 05:09:00",,,,Belirsiz,56
566,Orada,https://www.antoloji.com/orada-2-siiri/?siralama=p,"Orada ben varım

Göklerde, baktığın yerde

Yıldız yıldız
Orada ben varım

Yürüdüğün yerde

Yapayalnız
Orada ben varım

Uyuduğun yerde, yanında

Kıpırtısız
Orada ben varım

Sevdiğin, sevildiğin yerde

Yalansız
Orada ben varım

Vurulmuş, kanlar içinde

Cansız
Orada ben varım

Bir mezar taşının altında

Ipıssız
Orada ben varım

Orada

Sensiz

 Ümit Yaşar Oğuzcan

Kayıt Tarihi : 12.1.2002 05:09:00",,,,Belirsiz,56
567,Hatırla,https://www.antoloji.com/hatirla-siiri/,"Ne çabuk geçti su üç beş gün

İki yataklı bir han odasında

Halden bilir insanlar arasında
Suyunu içip sokağında yürüdüğün

Bu şehir yine bildiğin gibi

Alabildiğine sefalet ve biraz sevgi
Gidisine benden başka ağlayan olmadı

Bu binler, on binlerce kişiden

Kalanı ağlatır mi böyle her giden
Islıkla çaldığımız şarkıları

Sabahı ettiğimiz geceyi unutmadım

Bir günlük neşemle, üç günlük yatağım
Şayili günler çabuk geçti, neyleyim

Hatıraların bizde kaldığına şükür

Onlar ki bizimle uyur, bizimle yürür
Ben artık o bildiğin adam değilim

Dun bir kilo rakıya *bana mısın* demezken

Simdi sarhoşluğum erken başlıyor, erken
Kimler aldı kahvedeki yerimizi

Han odasında simdi kimler yatıyor

Sokaklar camekanlar seni hatırlatıyor
Bir daha görmek kısmet değilse birbirimizi

Çaresiz mahşer gününü bekle sabırla

Beni de *İstediğin zaman* hatırla.

 Ümit Yaşar Oğuzcan

Kayıt Tarihi : 28.8.2000 19:36:00",,,,Belirsiz,129
568,Hatırla,https://www.antoloji.com/hatirla-siiri/?siralama=p,"Ne çabuk geçti su üç beş gün

İki yataklı bir han odasında

Halden bilir insanlar arasında
Suyunu içip sokağında yürüdüğün

Bu şehir yine bildiğin gibi

Alabildiğine sefalet ve biraz sevgi
Gidisine benden başka ağlayan olmadı

Bu binler, on binlerce kişiden

Kalanı ağlatır mi böyle her giden
Islıkla çaldığımız şarkıları

Sabahı ettiğimiz geceyi unutmadım

Bir günlük neşemle, üç günlük yatağım
Şayili günler çabuk geçti, neyleyim

Hatıraların bizde kaldığına şükür

Onlar ki bizimle uyur, bizimle yürür
Ben artık o bildiğin adam değilim

Dun bir kilo rakıya *bana mısın* demezken

Simdi sarhoşluğum erken başlıyor, erken
Kimler aldı kahvedeki yerimizi

Han odasında simdi kimler yatıyor

Sokaklar camekanlar seni hatırlatıyor
Bir daha görmek kısmet değilse birbirimizi

Çaresiz mahşer gününü bekle sabırla

Beni de *İstediğin zaman* hatırla.

 Ümit Yaşar Oğuzcan

Kayıt Tarihi : 28.8.2000 19:36:00",,,,Belirsiz,129
569,Siyah Mermer İşleyenler,https://www.antoloji.com/siyah-mermer-isleyenler-siiri/,"Biz iki serseriyiz bu yeryüzünde

Kibar konakları bizim harcımız değil, biliyorsun

Ne güne duruyor balıkçı meyhaneleri, kotu evler

Bizi karanlıklara götüren ayaklarımız değil, biliyorsun
Biz oldum olası böyle sarhoş, böyle umursamaz

Bu ilk saltanatımız değil, biliyorsun

Yasamak bir siyah mermerdir islediğimiz

İçimiz serseri bizim, adimiz değil, biliyorsun
Biz seninle açık saçık şarkılar severiz

Duyduğun bu şarki bizim şarkimiz değil, biliyorsun

Kim yaratmış onca güzel bu siyah mermerleri

O tanrı bizim tanrımız değil, biliyorsun.

 Ümit Yaşar Oğuzcan

Kayıt Tarihi : 28.8.2000 20:42:00",,,,Belirsiz,81
570,Siyah Mermer İşleyenler,https://www.antoloji.com/siyah-mermer-isleyenler-siiri/?siralama=p,"Biz iki serseriyiz bu yeryüzünde

Kibar konakları bizim harcımız değil, biliyorsun

Ne güne duruyor balıkçı meyhaneleri, kotu evler

Bizi karanlıklara götüren ayaklarımız değil, biliyorsun
Biz oldum olası böyle sarhoş, böyle umursamaz

Bu ilk saltanatımız değil, biliyorsun

Yasamak bir siyah mermerdir islediğimiz

İçimiz serseri bizim, adimiz değil, biliyorsun
Biz seninle açık saçık şarkılar severiz

Duyduğun bu şarki bizim şarkimiz değil, biliyorsun

Kim yaratmış onca güzel bu siyah mermerleri

O tanrı bizim tanrımız değil, biliyorsun.

 Ümit Yaşar Oğuzcan

Kayıt Tarihi : 28.8.2000 20:42:00",,,,Belirsiz,81
571,Mavi,https://www.antoloji.com/mavi-10-siiri/,"Mavi gözlerin kelepçesi yüreğimin 

kirpiklerin demirparmaklıkları andırıyor

İşte! yine tutsağınım al götür beni istediğin yere

nasıl olsa ikimizde aynı hücrenin maviliğindeyiz.

 Ümit Yaşar Oğuzcan

Kayıt Tarihi : 23.11.2001 21:40:00",,,,Belirsiz,29
572,Mavi,https://www.antoloji.com/mavi-10-siiri/?siralama=p,"Mavi gözlerin kelepçesi yüreğimin 

kirpiklerin demirparmaklıkları andırıyor

İşte! yine tutsağınım al götür beni istediğin yere

nasıl olsa ikimizde aynı hücrenin maviliğindeyiz.

 Ümit Yaşar Oğuzcan

Kayıt Tarihi : 23.11.2001 21:40:00",,,,Belirsiz,29
573,To Be Or Not To Be,https://www.antoloji.com/to-be-or-not-to-be-siiri/,"Bütün mesele

İçmek ya da içmemek değil

İçince küçülmemek

Küçülünce içmemek

 Ümit Yaşar Oğuzcan

Kayıt Tarihi : 28.8.2000 20:46:00",,,,Belirsiz,19
574,To Be Or Not To Be,https://www.antoloji.com/to-be-or-not-to-be-siiri/?siralama=p,"Bütün mesele

İçmek ya da içmemek değil

İçince küçülmemek

Küçülünce içmemek

 Ümit Yaşar Oğuzcan

Kayıt Tarihi : 28.8.2000 20:46:00",,,,Belirsiz,19
575,Resimler,https://www.antoloji.com/resimler-siiri/,"Sen degiştin, resimlerin hiç degişmedi

Nasıl seviyorum bilmezsin şu albümü

Resimler yalancı degil, resimler ölmüyor,

Aslında acı olan şey; sevgilerin ölümü

Sahte renkler yerini gölgelere bırakmış

Resimlerde siyah beyaz gözlerin, dudakların

İşte bak! ellerin ellerimi arıyor

Resimlerde besbelli anlatamadıkların

Şimdi bir çerçeveden gülümsüyorsun bana

Hatırlıyor musun bu resmin çekildiği günü

Bakışların ne kadar duygulu, ne kadar sıcak

Anlıyorum neler düşündüğünü.

Bir başka resimde biraz kederlisin

Hüzünlü bir şarkı dökülüyor dudağından

Şimdi senden çok uzak bir şehirde

Seni seyrediyorum bir albüm yaprağında

Bu karanlık yoktu, bir zaman sen vardın

Yaşamak cömertçe sunduğun bir ışıktı

Sen değiştin, onlar hiç değişmedi

Resimlerin senden vefalı çıktı

 Ümit Yaşar Oğuzcan

Kayıt Tarihi : 11.8.2000 15:31:00",,,,Belirsiz,110
576,Resimler,https://www.antoloji.com/resimler-siiri/?siralama=p,"Sen degiştin, resimlerin hiç degişmedi

Nasıl seviyorum bilmezsin şu albümü

Resimler yalancı degil, resimler ölmüyor,

Aslında acı olan şey; sevgilerin ölümü

Sahte renkler yerini gölgelere bırakmış

Resimlerde siyah beyaz gözlerin, dudakların

İşte bak! ellerin ellerimi arıyor

Resimlerde besbelli anlatamadıkların

Şimdi bir çerçeveden gülümsüyorsun bana

Hatırlıyor musun bu resmin çekildiği günü

Bakışların ne kadar duygulu, ne kadar sıcak

Anlıyorum neler düşündüğünü.

Bir başka resimde biraz kederlisin

Hüzünlü bir şarkı dökülüyor dudağından

Şimdi senden çok uzak bir şehirde

Seni seyrediyorum bir albüm yaprağında

Bu karanlık yoktu, bir zaman sen vardın

Yaşamak cömertçe sunduğun bir ışıktı

Sen değiştin, onlar hiç değişmedi

Resimlerin senden vefalı çıktı

 Ümit Yaşar Oğuzcan

Kayıt Tarihi : 11.8.2000 15:31:00",,,,Belirsiz,110
577,Resim,https://www.antoloji.com/resim-4-siiri/,"Nedense bütün resimlerde ben 

Böyle mahzun ve perişan çıkarım 

Hep böyle hayata kapalı durur 

Gülmesini unutmuş dudaklarım 
Artık canından bezmiş kimselerin 

Hazin bakışı parlar gözlerimde 

İçinden adamlar arabalar geçer 

Çizgiler alnımda bir büyük cadde 
Aynada saçlarımı düzeltirim 

Bir perde iner yüzüme alçıdan 

O, bin mumluk ampullerin altında 

Korkarım korkarım fotoğrafçıdan 
Bakışlarım gümüş camlara sorar 

Elbisemin eskiliği belli mi 

Sonra karşıda küçük bir noktaya 

Dikerim kahverengi gözlerimi 
Kabahat objektifte camda değil 

Onlara yaşlı gözlerle bakarım 

Nedense bütün resimlerimde ben 

Böyle mahzun ve perişan çıkarım

 Ümit Yaşar Oğuzcan

Kayıt Tarihi : 4.1.2001 14:40:00",,,,Belirsiz,91
578,Resim,https://www.antoloji.com/resim-4-siiri/?siralama=p,"Nedense bütün resimlerde ben 

Böyle mahzun ve perişan çıkarım 

Hep böyle hayata kapalı durur 

Gülmesini unutmuş dudaklarım 
Artık canından bezmiş kimselerin 

Hazin bakışı parlar gözlerimde 

İçinden adamlar arabalar geçer 

Çizgiler alnımda bir büyük cadde 
Aynada saçlarımı düzeltirim 

Bir perde iner yüzüme alçıdan 

O, bin mumluk ampullerin altında 

Korkarım korkarım fotoğrafçıdan 
Bakışlarım gümüş camlara sorar 

Elbisemin eskiliği belli mi 

Sonra karşıda küçük bir noktaya 

Dikerim kahverengi gözlerimi 
Kabahat objektifte camda değil 

Onlara yaşlı gözlerle bakarım 

Nedense bütün resimlerimde ben 

Böyle mahzun ve perişan çıkarım

 Ümit Yaşar Oğuzcan

Kayıt Tarihi : 4.1.2001 14:40:00",,,,Belirsiz,91
579,Uzak Işıklar,https://www.antoloji.com/uzak-isiklar-siiri/,"Bir ışık yanıyor ortasında zamanın

Rembrand'dan kalma bir eski resim bu deniz

Şimdi bütün güzellikler köhne ve yalan sensiz

Çaresiz otlar gibi üzerinde dünyanın

İşte en uzak olduğumuz yerlerde seninleyiz

Rembrand'dan kalma bir eski resim bu deniz
Bir gül büyür ufukta tek başına, mağrur

Yanar uzakta, yanar gözlerin ışıklar misali

Başlar ayrılık gecelerinin en güzel hali

Ki hala kıyılarımıza çarpar durur

Aydınlığında yıkanmış dalgalar besbelli

Yanar uzakta, yanar gözlerin ışıklar misali
Aydınlanır karanlık mağaralar ansızın

Bir şafak söker güzelliğinden gece yarısı

Sarar benliğimizi birden o kalp ağrısı

Duygulu ellerin süsler rüyalarını aşkın

Ellerin ki dudaklarımın bitmeyen şarkısı

Bir şafak söker güzelliğinden gece yarısı
Denizler düşünürüm, gemiler düşünürüm seninle

Durmadan çarpar bordamıza dalgalar

Küpeştemizde soluk bir fener yanar

Işırken karşı sahiller gözlerinde

Gideriz çirkinliklerin bittiği yere kadar

Durmadan çarpar bordamıza dalgalar
Durur zaman bir taş düşmüşçesine denize

Karışır yosun kokularına bir gül kokusu

Kulaklarımızda denizin dinmeyen uğultusu

Yaşadığımız biraz benzer öldüğümüze

Ve akışında güzelliğin hiç ölmemek korkusu

Karışır yosun kokularına bir gül kokusu
Sen uzaklarda yanıp sönen o ışık

Sen gül benzemeyen başka güllere

Orada ne keder, ne gece, ne karanlık

İnsan bu dünyada seni sevmesin bir kere

Sen gül benzemeyen başka güllere
Sen kurtarıcı, sen gemilere yol gösteren

Sen ey uzak ışık aydınlatan geceleri

Ey gül, ey şafaktan güzel akşam üzeri

Sen her yerimize ayrı bir haz veren

Eşsiz güzellik sen, ay ışığı, deniz feneri

Sen ey uzak ışık aydınlatan geceleri

 Ümit Yaşar Oğuzcan

Kayıt Tarihi : 7.2.2002 05:08:00",,,,Belirsiz,239
580,Uzak Işıklar,https://www.antoloji.com/uzak-isiklar-siiri/?siralama=p,"Bir ışık yanıyor ortasında zamanın

Rembrand'dan kalma bir eski resim bu deniz

Şimdi bütün güzellikler köhne ve yalan sensiz

Çaresiz otlar gibi üzerinde dünyanın

İşte en uzak olduğumuz yerlerde seninleyiz

Rembrand'dan kalma bir eski resim bu deniz
Bir gül büyür ufukta tek başına, mağrur

Yanar uzakta, yanar gözlerin ışıklar misali

Başlar ayrılık gecelerinin en güzel hali

Ki hala kıyılarımıza çarpar durur

Aydınlığında yıkanmış dalgalar besbelli

Yanar uzakta, yanar gözlerin ışıklar misali
Aydınlanır karanlık mağaralar ansızın

Bir şafak söker güzelliğinden gece yarısı

Sarar benliğimizi birden o kalp ağrısı

Duygulu ellerin süsler rüyalarını aşkın

Ellerin ki dudaklarımın bitmeyen şarkısı

Bir şafak söker güzelliğinden gece yarısı
Denizler düşünürüm, gemiler düşünürüm seninle

Durmadan çarpar bordamıza dalgalar

Küpeştemizde soluk bir fener yanar

Işırken karşı sahiller gözlerinde

Gideriz çirkinliklerin bittiği yere kadar

Durmadan çarpar bordamıza dalgalar
Durur zaman bir taş düşmüşçesine denize

Karışır yosun kokularına bir gül kokusu

Kulaklarımızda denizin dinmeyen uğultusu

Yaşadığımız biraz benzer öldüğümüze

Ve akışında güzelliğin hiç ölmemek korkusu

Karışır yosun kokularına bir gül kokusu
Sen uzaklarda yanıp sönen o ışık

Sen gül benzemeyen başka güllere

Orada ne keder, ne gece, ne karanlık

İnsan bu dünyada seni sevmesin bir kere

Sen gül benzemeyen başka güllere
Sen kurtarıcı, sen gemilere yol gösteren

Sen ey uzak ışık aydınlatan geceleri

Ey gül, ey şafaktan güzel akşam üzeri

Sen her yerimize ayrı bir haz veren

Eşsiz güzellik sen, ay ışığı, deniz feneri

Sen ey uzak ışık aydınlatan geceleri

 Ümit Yaşar Oğuzcan

Kayıt Tarihi : 7.2.2002 05:08:00",,,,Belirsiz,239
581,Kanser,https://www.antoloji.com/kanser-siiri/,"Bütün denizlerin ayni limana çıkması neden?

Neden gökyüzünun bu sinirsiz karamsarlığı?

Yitirecek neyimiz var ki umutlarımızdan başka?

Ve batacak başka bir gemimiz mi kaldı?
Dev bir ağaç yapraklarını dokuyor içimizde

Nereye baksak her haliyle o çıldırtan sonbahar

Kaç yüz org birden çalınıyor, duyuyor musun?

Hani o birlikte söylediğimiz şarkılar?
Ne oldu o düşlere? Nemde o iyimserlik

Biz seninle şatolar kurmadık mi bir zaman

Simdi biz o değiliz sanki, hiç o olmamışız,

Sanki bir şey var incinen dağılan bozulan.
Su martinin kanatları neden kırık biliyor musun?

Bu adamı dört duvar içine kim koydu sensiz?

Eğil bir kuyuya seslen, yankılanan benim hep

Benim içimde can verdi o gök o deniz!

Sonunda tek başımayım, bak böyle bıçaklanmış!

Biliyorum bir olu var, ama ne? Ama kim?

Soğuk, merhametsiz kollarıyla sarmış her yerimi

Bir KANSER tümürü gibi buyuyor çaresizliğim.

 Ümit Yaşar Oğuzcan

Kayıt Tarihi : 28.8.2000 19:46:00",,,,Belirsiz,142
582,Kanser,https://www.antoloji.com/kanser-siiri/?siralama=p,"Bütün denizlerin ayni limana çıkması neden?

Neden gökyüzünun bu sinirsiz karamsarlığı?

Yitirecek neyimiz var ki umutlarımızdan başka?

Ve batacak başka bir gemimiz mi kaldı?
Dev bir ağaç yapraklarını dokuyor içimizde

Nereye baksak her haliyle o çıldırtan sonbahar

Kaç yüz org birden çalınıyor, duyuyor musun?

Hani o birlikte söylediğimiz şarkılar?
Ne oldu o düşlere? Nemde o iyimserlik

Biz seninle şatolar kurmadık mi bir zaman

Simdi biz o değiliz sanki, hiç o olmamışız,

Sanki bir şey var incinen dağılan bozulan.
Su martinin kanatları neden kırık biliyor musun?

Bu adamı dört duvar içine kim koydu sensiz?

Eğil bir kuyuya seslen, yankılanan benim hep

Benim içimde can verdi o gök o deniz!

Sonunda tek başımayım, bak böyle bıçaklanmış!

Biliyorum bir olu var, ama ne? Ama kim?

Soğuk, merhametsiz kollarıyla sarmış her yerimi

Bir KANSER tümürü gibi buyuyor çaresizliğim.

 Ümit Yaşar Oğuzcan

Kayıt Tarihi : 28.8.2000 19:46:00",,,,Belirsiz,142
583,Her Sabah Seninle Başlar,https://www.antoloji.com/her-sabah-seninle-baslar-siiri/,"Önce gözlerin girer odamdan içeri

Sonra ellerin, saçların dudakların

Bir bir hatırlarım

Her sabah senin olan ne varsa

Yüzüm aydınlanır

Şarkılar söylemek gelir içimden

Yakında bir kuş öter

Uzaklarda bir tren sesi

Sonra kornalar, çocuk ağlamaları

Vapur düdükleri

Sesler bir uğultu halinde yükselir büyük şehirlerden

Ve alışılmış bir yaşamaktır çöker omuzlarıma

Sarar benliğimi birden

Büyük, devamlı dalgalar halinde duygularım

Her sabah seninle başlar

Ve ben her sabah

Ta içimde bir ağrı gibi yokluğunu duyarım
Her sabah

Rezil insanlar bekler her köşebaşında beni

Yüzleri, yürekleri kadar kirlidir

Biri gider, biri gelir

Biri gider, biri gelir

Yakamda duygusuz iğrenç elleri

Ve soğuk gözbebekleri gözlerimde

O alışılmış yaşamak ki her sabah

İğreti bir elbise gibi durur üzerimde

Bir isyandır sarar içimi

Her şeyi üzerimden çıkarıp atasım gelir

Fakat insanlar, insanlar bırakmaz beni

Biri gider, biri gelir
Hep aynı ses, aynı şarkı

Aynı sağır gökyüzü

Dilsiz bir deniz

Kör bir düzen

Hep aynı kör döğüşü

Yalancı yüzler, aptalca bakışlar

O iki yüzlü selamlar

Hep aynı tempoda geçen manasız bir gün

Hep o değişmeyen puslu ikindi üstleri

Ve hep aynı yorgun, zoraki akşamlar

Ya o geceler satılmış, utanç dolu

Büyük avizelerin aydınlattığı sefil yüzlerimiz

Renkli kumaşlar, altın kol düğmeleri

Kristal kadehlerde kral içkiler

O hesaplı dostluklar

Satın alınmış sevgiler
Ben alışılmış şeyleri sevmem, bilirsin

Yaşamaksa dilediğim gibi yaşamalıyım

Sevmekse gönlümce sevmeliyim

Kendi ellerimle yazmalıyım alın yazımı

Ölmekse istediğim anda ölmeliyim

ve yaşıyorsam

Her şey bambaşka olmalı seninle

Alışılmış şeylerden öte

Yalanlardan, düzenlerden uzak

Yeter, yeter artık

Dönmesin o eski plak

Her şey gölümüzce olsun

Bulsun

Dilediği zaman ellerim ellerini

Paylaşalım seninle bütün geceleri

Sabahları, akşam üzerlerini

Görülmemişi görelim, tadılmamışı tadalım

Şarkılar söyleyelim kimsenin bilmediği

Yüzüm her zaman aydınlık olsun aydınlığında

Her zaman sevgiyle gülsün gözlerimin içi

Yeter artık, yeter

Kırılsın o çemberler

Sarsın her yanımızı bir yaşama sevinci

Ayrılıklar, kederler, gözyaşları bitsin

Bütün bir ömür boyunca

Seninle başlayan sabahlarım

Seninle sürüp gitsin.

 Ümit Yaşar Oğuzcan

Kayıt Tarihi : 13.4.2015 14:28:00",,,,Belirsiz,315
584,Her Sabah Seninle Başlar,https://www.antoloji.com/her-sabah-seninle-baslar-siiri/?siralama=p,"Önce gözlerin girer odamdan içeri

Sonra ellerin, saçların dudakların

Bir bir hatırlarım

Her sabah senin olan ne varsa

Yüzüm aydınlanır

Şarkılar söylemek gelir içimden

Yakında bir kuş öter

Uzaklarda bir tren sesi

Sonra kornalar, çocuk ağlamaları

Vapur düdükleri

Sesler bir uğultu halinde yükselir büyük şehirlerden

Ve alışılmış bir yaşamaktır çöker omuzlarıma

Sarar benliğimi birden

Büyük, devamlı dalgalar halinde duygularım

Her sabah seninle başlar

Ve ben her sabah

Ta içimde bir ağrı gibi yokluğunu duyarım
Her sabah

Rezil insanlar bekler her köşebaşında beni

Yüzleri, yürekleri kadar kirlidir

Biri gider, biri gelir

Biri gider, biri gelir

Yakamda duygusuz iğrenç elleri

Ve soğuk gözbebekleri gözlerimde

O alışılmış yaşamak ki her sabah

İğreti bir elbise gibi durur üzerimde

Bir isyandır sarar içimi

Her şeyi üzerimden çıkarıp atasım gelir

Fakat insanlar, insanlar bırakmaz beni

Biri gider, biri gelir
Hep aynı ses, aynı şarkı

Aynı sağır gökyüzü

Dilsiz bir deniz

Kör bir düzen

Hep aynı kör döğüşü

Yalancı yüzler, aptalca bakışlar

O iki yüzlü selamlar

Hep aynı tempoda geçen manasız bir gün

Hep o değişmeyen puslu ikindi üstleri

Ve hep aynı yorgun, zoraki akşamlar

Ya o geceler satılmış, utanç dolu

Büyük avizelerin aydınlattığı sefil yüzlerimiz

Renkli kumaşlar, altın kol düğmeleri

Kristal kadehlerde kral içkiler

O hesaplı dostluklar

Satın alınmış sevgiler
Ben alışılmış şeyleri sevmem, bilirsin

Yaşamaksa dilediğim gibi yaşamalıyım

Sevmekse gönlümce sevmeliyim

Kendi ellerimle yazmalıyım alın yazımı

Ölmekse istediğim anda ölmeliyim

ve yaşıyorsam

Her şey bambaşka olmalı seninle

Alışılmış şeylerden öte

Yalanlardan, düzenlerden uzak

Yeter, yeter artık

Dönmesin o eski plak

Her şey gölümüzce olsun

Bulsun

Dilediği zaman ellerim ellerini

Paylaşalım seninle bütün geceleri

Sabahları, akşam üzerlerini

Görülmemişi görelim, tadılmamışı tadalım

Şarkılar söyleyelim kimsenin bilmediği

Yüzüm her zaman aydınlık olsun aydınlığında

Her zaman sevgiyle gülsün gözlerimin içi

Yeter artık, yeter

Kırılsın o çemberler

Sarsın her yanımızı bir yaşama sevinci

Ayrılıklar, kederler, gözyaşları bitsin

Bütün bir ömür boyunca

Seninle başlayan sabahlarım

Seninle sürüp gitsin.

 Ümit Yaşar Oğuzcan

Kayıt Tarihi : 13.4.2015 14:28:00",,,,Belirsiz,315
585,Kan Denizi,https://www.antoloji.com/kan-denizi-siiri/,"Bir zakkum bahçesi bir kan denizi,

Yaşamak bildiğimiz, darmadağın.

Sabırla işlemek ölüme kendimizi,

Teni alıştırmak soğukluğuna toprağın.
İple çekmek gecelerden şafakları,

Sonra koşmak o büyük geceye doğru.

Bir gün kanımızla beslemek toprakları

Ve yaşadıkça hiç ölmemek korkusu.

 Ümit Yaşar Oğuzcan

Kayıt Tarihi : 28.9.2000 15:08:00",,,,Belirsiz,45
586,Kan Denizi,https://www.antoloji.com/kan-denizi-siiri/?siralama=p,"Bir zakkum bahçesi bir kan denizi,

Yaşamak bildiğimiz, darmadağın.

Sabırla işlemek ölüme kendimizi,

Teni alıştırmak soğukluğuna toprağın.
İple çekmek gecelerden şafakları,

Sonra koşmak o büyük geceye doğru.

Bir gün kanımızla beslemek toprakları

Ve yaşadıkça hiç ölmemek korkusu.

 Ümit Yaşar Oğuzcan

Kayıt Tarihi : 28.9.2000 15:08:00",,,,Belirsiz,45
587,Mahşer Günü,https://www.antoloji.com/mahser-gunu-siiri/,"Nasıl uçan bir kuş düşerse yere

Yerde paramparça olursa kemikleri

Yumuşacık tüyleri dağılırsa
Nasıl bir gül kurursa dalında

Toprağa karışırsa yaprakları

Kokusu ve rengi kalmazsa
Nasıl bir kaplan vurulursa ormanda

Otlara cansız düşerse pençeleri

Vahşi gözleri ışıl ışıl yanmazsa
Nasıl bir ağaç kurursa için için

Birer birer kurursa dalları

Bir gün anızın devrilirse
Nasıl güneş doğmazsa bir daha

Bulutlar terkederse gökyüzünü

Yere bir damla yağmur düşmezse
Nasıl bitmezse karanlığı gecelerin

Tek ışık kalmazsa sokaklarda

Bu rüzgar, bu fırtına dinmezse
Kuş uçarken, gül açarken

Güneş doğarken senin için

Bir gün böylesine başlar dünyada

Mahşer günü sensizliğin

 Ümit Yaşar Oğuzcan

Kayıt Tarihi : 8.2.2002 05:30:00",,,,Belirsiz,103
588,Mahşer Günü,https://www.antoloji.com/mahser-gunu-siiri/?siralama=p,"Nasıl uçan bir kuş düşerse yere

Yerde paramparça olursa kemikleri

Yumuşacık tüyleri dağılırsa
Nasıl bir gül kurursa dalında

Toprağa karışırsa yaprakları

Kokusu ve rengi kalmazsa
Nasıl bir kaplan vurulursa ormanda

Otlara cansız düşerse pençeleri

Vahşi gözleri ışıl ışıl yanmazsa
Nasıl bir ağaç kurursa için için

Birer birer kurursa dalları

Bir gün anızın devrilirse
Nasıl güneş doğmazsa bir daha

Bulutlar terkederse gökyüzünü

Yere bir damla yağmur düşmezse
Nasıl bitmezse karanlığı gecelerin

Tek ışık kalmazsa sokaklarda

Bu rüzgar, bu fırtına dinmezse
Kuş uçarken, gül açarken

Güneş doğarken senin için

Bir gün böylesine başlar dünyada

Mahşer günü sensizliğin

 Ümit Yaşar Oğuzcan

Kayıt Tarihi : 8.2.2002 05:30:00",,,,Belirsiz,103
589,Karanlıkta Erimek,https://www.antoloji.com/karanlikta-erimek-siiri/,"Şurada bir kapı olmalı

Senin ölümsüzlüğüne açılan

Bir kapı olmalı şurada

Bulabilsem

Kollarımın bütün gücüyle vuracağım

Er geç sesimi duyuracağım sana

Başımı soğuk demirlere dayayıp

Adını söyleyeceğim mahşer gününe kadar

Dağlara taşlara güzelliğini haykıracağım

Ve bütün yaratıklara

Rüzgarın söylediği bir masal gibi

Seni anlatacağım

Dünyaya ilk gelişimiz değil bu

Yüz binlerce yıl önce

Bir de taş devrinde gelmiştik

Senin için vahşi hayvanlar vurmuştum o zaman

Pars dişlerinden bir gerdanlık yapmıştım boynuna

Nice mağara duvarlarına güzelliğini kazımıştım

Nasıl hatırlamazsın

O zaman da gökyüzü bu kadar mavi

Ormanlar yemyeşildi

O zaman da

Yalnız karanlıktan korkar

Güneşi tanrı bilirdik

Bunca yüzyıllardır

İnan

Hiçbir şey değişmedi yeryüzünde

Belki biz değiştik

Sevgilerimizi söyleyemez olduk

Göremez olduk nice güzellikleri

Yalanı öğrendik

Utanmayı öğrendik

İnandık sonraları

Bütün yaratıklardan  üstün olduğumuza

Büyük zekamız

Önce kafesi, zinciri, zulmü icat etti

İyilik güzellik ve doğruluk adına

Hiçbir şey kalmadı inandığımız

Aradan bin yıllar geçip

Atom parçalanıncaya kadar

Zaten paramparça olmuştu insanlığımız

Böylece bir karanlığa düştük

Karanlık bizi başka bir karanlığa götürdü

Sarnıçlardan, dehlizlerden, girdaplardan geçtik

Sana yaklaşmak için

Dallarından gün ışığı geçmeyen ormanlara düştük

Aramızdaki demir kapı belki hiç açılmayacak

Senin ışığını görmeden kapanacak gözlerimiz

Karanlık aman vermiyor

Hangi kapıyı aralasak gece

Ne yapsak çaresiz

Kokunu getiren rüzgar da olmasa

Bir manası kalmayacaktı yaşamanın

Şimdi hiç değilse

Hayaliyle avunmadayız

Zaman içinde bir başka zamanın

İnsan çırpındıkça bir bataklığa saplanıyor

Yaşadıkça ölüme

Çaresiz olmak bir şey değil

Çaresizliğini kabullenmek zor geliyor insana

Aynaya bakıyorum

Bir beyazlık, bir boşluk

Hani benim yüzüm

Dudaklarım, ellerim hani

Halbuki gözlerim de görüyor

Kör değilim

Fakat sen varsın içimde

Yakan, kör eden bir karanlığın var senin

Nefes, nefes yaşadığımız

Avuç, avuç içtiğimiz bir karanlığın var

Kahrolası zamanın ortasında

Büyük bir fırın yanıyor besbelli

Alevleri asırlık çınarlar gibi

Büyük bir fırın yanıyor

Görüyor musun

Şimdi bütün ihtirasların sustuğu saatteyiz

Elini sürdüğün her şey yok olabilir

Her şey eriyebilir şu anda

Bu varlığın yokluğa yaklaştığı andır

Zayıf ellerin bu anda bütün yaratıklardan güçlü

Bu an iri gözlerinde her şey yüce

Ne insanlar fani

Ne dünya ölümlü

Al beni de erit ateşinde gözbebeklerinin

Erit beni

Ruhumu aşkının potasında yak

Kahrolsun bu karanlıklar

Bu mesafeler

Bu zaman

Ben seni istiyorum

Ya seninle yaşamak

Ya da sende yok olmak

 Ümit Yaşar Oğuzcan

Kayıt Tarihi : 9.7.2001 12:51:00",,,,Belirsiz,366
590,Karanlıkta Erimek,https://www.antoloji.com/karanlikta-erimek-siiri/?siralama=p,"Şurada bir kapı olmalı

Senin ölümsüzlüğüne açılan

Bir kapı olmalı şurada

Bulabilsem

Kollarımın bütün gücüyle vuracağım

Er geç sesimi duyuracağım sana

Başımı soğuk demirlere dayayıp

Adını söyleyeceğim mahşer gününe kadar

Dağlara taşlara güzelliğini haykıracağım

Ve bütün yaratıklara

Rüzgarın söylediği bir masal gibi

Seni anlatacağım

Dünyaya ilk gelişimiz değil bu

Yüz binlerce yıl önce

Bir de taş devrinde gelmiştik

Senin için vahşi hayvanlar vurmuştum o zaman

Pars dişlerinden bir gerdanlık yapmıştım boynuna

Nice mağara duvarlarına güzelliğini kazımıştım

Nasıl hatırlamazsın

O zaman da gökyüzü bu kadar mavi

Ormanlar yemyeşildi

O zaman da

Yalnız karanlıktan korkar

Güneşi tanrı bilirdik

Bunca yüzyıllardır

İnan

Hiçbir şey değişmedi yeryüzünde

Belki biz değiştik

Sevgilerimizi söyleyemez olduk

Göremez olduk nice güzellikleri

Yalanı öğrendik

Utanmayı öğrendik

İnandık sonraları

Bütün yaratıklardan  üstün olduğumuza

Büyük zekamız

Önce kafesi, zinciri, zulmü icat etti

İyilik güzellik ve doğruluk adına

Hiçbir şey kalmadı inandığımız

Aradan bin yıllar geçip

Atom parçalanıncaya kadar

Zaten paramparça olmuştu insanlığımız

Böylece bir karanlığa düştük

Karanlık bizi başka bir karanlığa götürdü

Sarnıçlardan, dehlizlerden, girdaplardan geçtik

Sana yaklaşmak için

Dallarından gün ışığı geçmeyen ormanlara düştük

Aramızdaki demir kapı belki hiç açılmayacak

Senin ışığını görmeden kapanacak gözlerimiz

Karanlık aman vermiyor

Hangi kapıyı aralasak gece

Ne yapsak çaresiz

Kokunu getiren rüzgar da olmasa

Bir manası kalmayacaktı yaşamanın

Şimdi hiç değilse

Hayaliyle avunmadayız

Zaman içinde bir başka zamanın

İnsan çırpındıkça bir bataklığa saplanıyor

Yaşadıkça ölüme

Çaresiz olmak bir şey değil

Çaresizliğini kabullenmek zor geliyor insana

Aynaya bakıyorum

Bir beyazlık, bir boşluk

Hani benim yüzüm

Dudaklarım, ellerim hani

Halbuki gözlerim de görüyor

Kör değilim

Fakat sen varsın içimde

Yakan, kör eden bir karanlığın var senin

Nefes, nefes yaşadığımız

Avuç, avuç içtiğimiz bir karanlığın var

Kahrolası zamanın ortasında

Büyük bir fırın yanıyor besbelli

Alevleri asırlık çınarlar gibi

Büyük bir fırın yanıyor

Görüyor musun

Şimdi bütün ihtirasların sustuğu saatteyiz

Elini sürdüğün her şey yok olabilir

Her şey eriyebilir şu anda

Bu varlığın yokluğa yaklaştığı andır

Zayıf ellerin bu anda bütün yaratıklardan güçlü

Bu an iri gözlerinde her şey yüce

Ne insanlar fani

Ne dünya ölümlü

Al beni de erit ateşinde gözbebeklerinin

Erit beni

Ruhumu aşkının potasında yak

Kahrolsun bu karanlıklar

Bu mesafeler

Bu zaman

Ben seni istiyorum

Ya seninle yaşamak

Ya da sende yok olmak

 Ümit Yaşar Oğuzcan

Kayıt Tarihi : 9.7.2001 12:51:00",,,,Belirsiz,366
591,Kirli Çağ,https://www.antoloji.com/kirli-cag-siiri/,"Nasıl da degişiyor kişi zamanla

Güç o güç degil hız o hız degil

İnançlar sarsılmış, umutlar yitik

Bu kirli çag bizim çagımız degil

Yeşiller, maviler kapkara olmuş

Yorgun eller, ayaklar, yollarsa yokuş

Ne açan güller var, ne öten bir kuş

Güneş o güneş degil, yıldız o yıldız degil

Kökünden bir kurt girmiş agaca

Yapraklar perişan, dal paramparça

Daha çok aldanacagız yaşadıkça

Anlasana bu ilk aldanışımız degil

 Ümit Yaşar Oğuzcan

Kayıt Tarihi : 9.8.2000 14:49:00",,,,Belirsiz,74
592,Kirli Çağ,https://www.antoloji.com/kirli-cag-siiri/?siralama=p,"Nasıl da degişiyor kişi zamanla

Güç o güç degil hız o hız degil

İnançlar sarsılmış, umutlar yitik

Bu kirli çag bizim çagımız degil

Yeşiller, maviler kapkara olmuş

Yorgun eller, ayaklar, yollarsa yokuş

Ne açan güller var, ne öten bir kuş

Güneş o güneş degil, yıldız o yıldız degil

Kökünden bir kurt girmiş agaca

Yapraklar perişan, dal paramparça

Daha çok aldanacagız yaşadıkça

Anlasana bu ilk aldanışımız degil

 Ümit Yaşar Oğuzcan

Kayıt Tarihi : 9.8.2000 14:49:00",,,,Belirsiz,74
593,Kırmızı Fener,https://www.antoloji.com/kirmizi-fener-siiri/,"İç gıcıklayıcı şarkılar gelir pencerelerden

Çırılçıplak kadınlar uzanmış yataklara

Şehvetin başıboş aydınlığı içinden

Bakarlar korkulu gözlerle karanlıklara
Duvarlarda açık saçık resimler

Köşede eğri büğrü bir bakır leğen

Dilsiz dolapların deli eden sükutu

İnsanı hayalden hayale sürükleyen
Ve işte bütün şehvetimizin şahidi aynalar

Sürmez sevinci billur gözlerinin

En küçük bir zaman parçası kadar
Gün doğunca biter saltanatı kırmızı fenerin

Sabahla beraber başlar sızısı

Çürük kalçaların, pörsümüş memelerin

 Ümit Yaşar Oğuzcan

Kayıt Tarihi : 3.2.2002 05:05:00",,,,Belirsiz,74
594,Kırmızı Fener,https://www.antoloji.com/kirmizi-fener-siiri/?siralama=p,"İç gıcıklayıcı şarkılar gelir pencerelerden

Çırılçıplak kadınlar uzanmış yataklara

Şehvetin başıboş aydınlığı içinden

Bakarlar korkulu gözlerle karanlıklara
Duvarlarda açık saçık resimler

Köşede eğri büğrü bir bakır leğen

Dilsiz dolapların deli eden sükutu

İnsanı hayalden hayale sürükleyen
Ve işte bütün şehvetimizin şahidi aynalar

Sürmez sevinci billur gözlerinin

En küçük bir zaman parçası kadar
Gün doğunca biter saltanatı kırmızı fenerin

Sabahla beraber başlar sızısı

Çürük kalçaların, pörsümüş memelerin

 Ümit Yaşar Oğuzcan

Kayıt Tarihi : 3.2.2002 05:05:00",,,,Belirsiz,74
595,Böyledir Akşamları İstanbul'un,https://www.antoloji.com/boyledir-aksamlari-istanbul-un-siiri/,"Böyledir akşamları İstanbul'un

Bir efkâr basar içini çoğu zaman

Çaresizliğin, yalnızlığın aklına gelir

Hatıralar kayar gider avuçlarından
İçinde mevsimler değişir, aynalar kırılır

Uzaklarda bir çocuk ağlar durmadan

Evler, apartmanlar üstüne yıkılır

Nereye baksan o eski deniz, o köhne liman
Ansızın bir vapur düdüğü yırtar geceyi

Başını alıp gidesin gelir uzaklara

Düşündüğün bir anda öyle sessizce ölmeyi

Çekilir sesler, değişir manzara
Kapandı sanırken o eski yara

Bir sızı başlar içinde, en derinden

Bir bulut gelir, çöker üstüne kapkara

İki damla yaş süzülür kirpiklerinden
Bir meyhane köşesinde ararsın teselliyi

Saatler geçip gider, kadehler boşalır

Düşersin yollara canından bezmiş

Başında bir ağrı, içinde kahır
Şekiller bozulur, renkler kararır

Solar ümitlerin, batan günle birlikte

Böyledir akşamları İstanbul'un

Eriyip gidersin o koyu mavilikte

 Ümit Yaşar Oğuzcan

Kayıt Tarihi : 21.9.2016 11:34:00",,,,Belirsiz,126
596,Böyledir Akşamları İstanbul'un,https://www.antoloji.com/boyledir-aksamlari-istanbul-un-siiri/?siralama=p,"Böyledir akşamları İstanbul'un

Bir efkâr basar içini çoğu zaman

Çaresizliğin, yalnızlığın aklına gelir

Hatıralar kayar gider avuçlarından
İçinde mevsimler değişir, aynalar kırılır

Uzaklarda bir çocuk ağlar durmadan

Evler, apartmanlar üstüne yıkılır

Nereye baksan o eski deniz, o köhne liman
Ansızın bir vapur düdüğü yırtar geceyi

Başını alıp gidesin gelir uzaklara

Düşündüğün bir anda öyle sessizce ölmeyi

Çekilir sesler, değişir manzara
Kapandı sanırken o eski yara

Bir sızı başlar içinde, en derinden

Bir bulut gelir, çöker üstüne kapkara

İki damla yaş süzülür kirpiklerinden
Bir meyhane köşesinde ararsın teselliyi

Saatler geçip gider, kadehler boşalır

Düşersin yollara canından bezmiş

Başında bir ağrı, içinde kahır
Şekiller bozulur, renkler kararır

Solar ümitlerin, batan günle birlikte

Böyledir akşamları İstanbul'un

Eriyip gidersin o koyu mavilikte

 Ümit Yaşar Oğuzcan

Kayıt Tarihi : 21.9.2016 11:34:00",,,,Belirsiz,126
597,Alışkanlık,https://www.antoloji.com/aliskanlik-76-siiri/,"Gitgide alışıyorum sana….
Hiçbir alışkanlık bu kadar güzel olamaz…
Ellerin ellerimden uzaksa nasıl güçsüzüm bilemezsin…
Yanımda olduğun zamanlar; sigara dumanı gibi ciğerlerime doluyor,
alkol gibi damarlarıma yayılıyorsun…
Durmadan başım dönüyor verdiğin hazdan…
Alışkanlıklar daima korkutur beni…
Düşün ki ben yaşamaya bile alışkın değilim…

Kendimi kendime alıştıramadım yıllardır…
Fakat şimdi sana alışıyorum…
Alıştıkça özlemim artıyor, daha yoğunlaşıyor.
Yalnız içimde garip bir korku var.
Sana alışmaktan değil seni kendime alıştırmaktan korkuyorum…
Bir gün sana şimdi verdiklerimden daha güzelini daha değerlisini verememekten korkuyorum…
Bir gün ansızın ölmekten ve seni, bana olan alışkanlığınla yapayalnız bırakmaktan korkuyorum…
Oysaki her zaman ve günün her saatinde yanında olmalıyım senin…
Bana alışmış olmaktan pişmanlık duyacağın bir dakikan bile olmamalı…
Bütün zamanlarını zamanlarımla karıştırıp emsalsiz bir zaman bileşiminde yaşatmalıyım seni…
Uykularda bile aynı rüyayı görmeliyiz. Her şeyin ve her zevkin yarısı senin olmalı, yarısı benim…
“Bana alış” demeyeceğim… Nasıl olsa alışacaksın bir gün…
Şimdi çirkinliğimde güzellikler bulan gözlerin, o zaman en güzeli görecek bende! 
Alışkanlığınla, sevginle yepyeni bir “ben” yaratacaksın benden! 
İlk defa sevilmenin ürpertileri içindeyim inan.
Sevgimle mukayese edebileceğim tek şeyi beni sevmende buldum…
Ömrümde kimse bana sevmenin gerekliliğini öğretmedi.
Kimseden sevgisini istemedim, verdiler almadım.
Bencildim bir zamanlar, sevmek benim hakkım diyordum.
Oysaki şimdi bir zamanlar hiç sevmemiş olduğumu kendi kendime biraz da utanarak itiraf ediyorum.
Asıl büyük sevgiyi seni sevmekte buldum ve sevgim senin sevginle değerleniyor, ayrı bir anlam kazanıyor…
Sevgin olmasaydı değersiz bir cam parçasıydım.
Sevginle bir aynayım şimdi. Bana bakanlar baştanbaşa seni görecekler içimde…

Bir zincirin iki halkasıyız seninle anlıyor musun? 
Aynı kadehte karışmış iki içkiyiz.
İki kelimeyiz seninle birbirini tamamlayan.
Her yerde iki olduğumuz için bir bütün haline geliyoruz durmadan…
Alışkanlığım devamlı sana çekiyor beni…
Durup durup dudaklarını öpmek geliyor içimden…
Saçlarını okşamak geliyor, ellerini tutmak geliyor…
Kokunun tenime sindiğini hissediyorum geceleri…
Teninin dudaklarımda eridiğini hissediyorum…
Boynunun en güzel yerini benden başkası bilemez artık…
Seni kimse benim kadar benimle bir bütün olduğuna inandıramaz….
Gitgide bu alışkanlığın içinde kaybolduğumu hissediyorum…
Beni yaşadığım zamanın dışına çıkarıyorsun.
Bir gün tarih öncesinde yaşıyoruz, bir gün bulutların üstünde…
Uzun süren bir baygınlık sonrasının o anlatılmaz baş dönmesi içindeyim…
Bütün merdivenler birbirine eklendiği zaman seninle vardığım yüksekliğe erişemez…
 Açılmış bütün kuyuların derinliği içimde seni bulduğum yer kadar derin değil…
Alışkanlık kozasını ören bir ipekböceği gibi gitgide tamamlıyor bizi.
Emsalsiz bir oluşun içinde yuvarlanıyoruz.
Korkunç bir yangın başladı yüreklerimizde.
Özlem, kıskançlık, arzu ne varsa içimizde hepsi birdenbire tutuştu.
Alev almayan bir yerimiz kalmadı.
Alevlerimiz muhteşem bir kızıllığın içinde yıldızlara kadar uzanıyor.
Hiç bir su, bu ateşi söndüremez artık.
Nehirle, denizler boşalsa üstümüze hiç sönmeyeceğimizi biliyorum.
Bu yangın biz birer kor haline gelinceye kadar sürecek.
Önce bakışlarımız alıştı birbirine, sonra parmak uçlarımız…
Bu oluş tamamlandığı anda yeryüzünde bizden güçlüsü olmayacak! 
En mutlu olduğumuz yerde en güçlü de olacağız seninle…
Bu bir sonun değil bir varoluşun başlangıcıdır.
Geçmişteki tüm alışkanlıkların bana alışmanı önleyemez artık…

 Ümit Yaşar Oğuzcan

Kayıt Tarihi : 20.11.2018 15:55:00",,,,Belirsiz,469
598,Alışkanlık,https://www.antoloji.com/aliskanlik-76-siiri/?siralama=p,"Gitgide alışıyorum sana….
Hiçbir alışkanlık bu kadar güzel olamaz…
Ellerin ellerimden uzaksa nasıl güçsüzüm bilemezsin…
Yanımda olduğun zamanlar; sigara dumanı gibi ciğerlerime doluyor,
alkol gibi damarlarıma yayılıyorsun…
Durmadan başım dönüyor verdiğin hazdan…
Alışkanlıklar daima korkutur beni…
Düşün ki ben yaşamaya bile alışkın değilim…

Kendimi kendime alıştıramadım yıllardır…
Fakat şimdi sana alışıyorum…
Alıştıkça özlemim artıyor, daha yoğunlaşıyor.
Yalnız içimde garip bir korku var.
Sana alışmaktan değil seni kendime alıştırmaktan korkuyorum…
Bir gün sana şimdi verdiklerimden daha güzelini daha değerlisini verememekten korkuyorum…
Bir gün ansızın ölmekten ve seni, bana olan alışkanlığınla yapayalnız bırakmaktan korkuyorum…
Oysaki her zaman ve günün her saatinde yanında olmalıyım senin…
Bana alışmış olmaktan pişmanlık duyacağın bir dakikan bile olmamalı…
Bütün zamanlarını zamanlarımla karıştırıp emsalsiz bir zaman bileşiminde yaşatmalıyım seni…
Uykularda bile aynı rüyayı görmeliyiz. Her şeyin ve her zevkin yarısı senin olmalı, yarısı benim…
“Bana alış” demeyeceğim… Nasıl olsa alışacaksın bir gün…
Şimdi çirkinliğimde güzellikler bulan gözlerin, o zaman en güzeli görecek bende! 
Alışkanlığınla, sevginle yepyeni bir “ben” yaratacaksın benden! 
İlk defa sevilmenin ürpertileri içindeyim inan.
Sevgimle mukayese edebileceğim tek şeyi beni sevmende buldum…
Ömrümde kimse bana sevmenin gerekliliğini öğretmedi.
Kimseden sevgisini istemedim, verdiler almadım.
Bencildim bir zamanlar, sevmek benim hakkım diyordum.
Oysaki şimdi bir zamanlar hiç sevmemiş olduğumu kendi kendime biraz da utanarak itiraf ediyorum.
Asıl büyük sevgiyi seni sevmekte buldum ve sevgim senin sevginle değerleniyor, ayrı bir anlam kazanıyor…
Sevgin olmasaydı değersiz bir cam parçasıydım.
Sevginle bir aynayım şimdi. Bana bakanlar baştanbaşa seni görecekler içimde…

Bir zincirin iki halkasıyız seninle anlıyor musun? 
Aynı kadehte karışmış iki içkiyiz.
İki kelimeyiz seninle birbirini tamamlayan.
Her yerde iki olduğumuz için bir bütün haline geliyoruz durmadan…
Alışkanlığım devamlı sana çekiyor beni…
Durup durup dudaklarını öpmek geliyor içimden…
Saçlarını okşamak geliyor, ellerini tutmak geliyor…
Kokunun tenime sindiğini hissediyorum geceleri…
Teninin dudaklarımda eridiğini hissediyorum…
Boynunun en güzel yerini benden başkası bilemez artık…
Seni kimse benim kadar benimle bir bütün olduğuna inandıramaz….
Gitgide bu alışkanlığın içinde kaybolduğumu hissediyorum…
Beni yaşadığım zamanın dışına çıkarıyorsun.
Bir gün tarih öncesinde yaşıyoruz, bir gün bulutların üstünde…
Uzun süren bir baygınlık sonrasının o anlatılmaz baş dönmesi içindeyim…
Bütün merdivenler birbirine eklendiği zaman seninle vardığım yüksekliğe erişemez…
 Açılmış bütün kuyuların derinliği içimde seni bulduğum yer kadar derin değil…
Alışkanlık kozasını ören bir ipekböceği gibi gitgide tamamlıyor bizi.
Emsalsiz bir oluşun içinde yuvarlanıyoruz.
Korkunç bir yangın başladı yüreklerimizde.
Özlem, kıskançlık, arzu ne varsa içimizde hepsi birdenbire tutuştu.
Alev almayan bir yerimiz kalmadı.
Alevlerimiz muhteşem bir kızıllığın içinde yıldızlara kadar uzanıyor.
Hiç bir su, bu ateşi söndüremez artık.
Nehirle, denizler boşalsa üstümüze hiç sönmeyeceğimizi biliyorum.
Bu yangın biz birer kor haline gelinceye kadar sürecek.
Önce bakışlarımız alıştı birbirine, sonra parmak uçlarımız…
Bu oluş tamamlandığı anda yeryüzünde bizden güçlüsü olmayacak! 
En mutlu olduğumuz yerde en güçlü de olacağız seninle…
Bu bir sonun değil bir varoluşun başlangıcıdır.
Geçmişteki tüm alışkanlıkların bana alışmanı önleyemez artık…

 Ümit Yaşar Oğuzcan

Kayıt Tarihi : 20.11.2018 15:55:00",,,,Belirsiz,469
599,Mustafa Kemal'i Düşünüyorum,https://www.antoloji.com/mustafa-kemal-i-dusunuyorum-3-siiri/,"Mustafa Kemal'i düşünüyorum; 

Yeleleri alevden al bir ata binmiş 

Aşıyor yüce dağları, engin denizleri. 

Altın saçları dalgalanıyor rüzgârda, 

Işıl ışıl yanıyor mavi gözleri,

Mustafa Kemal'i düşünüyorum; 

Yanmış, yıkılmış savaş meydanlarında

Destanlar yaratıyor cihanın görmediği, 

Arkasından dağ dağ ordular geliyor

Her askeri Mustafa Kemal gibi.

Mustafa Kemal'i düşünüyorum; 

Gelmiş geçmiş kahramanlara bedel

Hükmediyor uçsuz bucaksız göklere

Al bir ata binmiş yalın kılıç

Koşuyor zaferden zafere.

Mustafa Kemal'i düşünüyorum; 

Ölmemiş bir kasım sabahı! 

Yine bizimle beraber her yerde, 

Yaşıyor dört köşesinde vatanın

Yaşıyor damar damar yüreklerde.

Mustafa Kemal'i düşünüyorum, 

Altın saçları dalgalanıyor rüzgârda, 

Mavi gözleri ışıl ışıl, görüyorum

Uykularıma giriyor her gece. 

Ellerinden öpüyorum.

 Ümit Yaşar Oğuzcan

Kayıt Tarihi : 1.4.2015 17:26:00",,,,Belirsiz,110
600,Mustafa Kemal'i Düşünüyorum,https://www.antoloji.com/mustafa-kemal-i-dusunuyorum-3-siiri/?siralama=p,"Mustafa Kemal'i düşünüyorum; 

Yeleleri alevden al bir ata binmiş 

Aşıyor yüce dağları, engin denizleri. 

Altın saçları dalgalanıyor rüzgârda, 

Işıl ışıl yanıyor mavi gözleri,

Mustafa Kemal'i düşünüyorum; 

Yanmış, yıkılmış savaş meydanlarında

Destanlar yaratıyor cihanın görmediği, 

Arkasından dağ dağ ordular geliyor

Her askeri Mustafa Kemal gibi.

Mustafa Kemal'i düşünüyorum; 

Gelmiş geçmiş kahramanlara bedel

Hükmediyor uçsuz bucaksız göklere

Al bir ata binmiş yalın kılıç

Koşuyor zaferden zafere.

Mustafa Kemal'i düşünüyorum; 

Ölmemiş bir kasım sabahı! 

Yine bizimle beraber her yerde, 

Yaşıyor dört köşesinde vatanın

Yaşıyor damar damar yüreklerde.

Mustafa Kemal'i düşünüyorum, 

Altın saçları dalgalanıyor rüzgârda, 

Mavi gözleri ışıl ışıl, görüyorum

Uykularıma giriyor her gece. 

Ellerinden öpüyorum.

 Ümit Yaşar Oğuzcan

Kayıt Tarihi : 1.4.2015 17:26:00",,,,Belirsiz,110
